0 verbose cli /usr/local/bin/node /usr/local/bin/npm
1 info using npm@10.5.0
2 info using node@v20.12.2
3 timing npm:load:whichnode Completed in 2ms
4 timing config:load:defaults Completed in 3ms
5 timing config:load:file:/usr/local/lib/node_modules/npm/npmrc Completed in 2ms
6 timing config:load:builtin Completed in 3ms
7 timing config:load:cli Completed in 3ms
8 timing config:load:env Completed in 0ms
9 timing config:load:project Completed in 1ms
10 timing config:load:file:/root/.npmrc Completed in 3ms
11 timing config:load:user Completed in 3ms
12 timing config:load:file:/usr/local/etc/npmrc Completed in 0ms
13 timing config:load:global Completed in 0ms
14 timing config:load:setEnvs Completed in 1ms
15 timing config:load Completed in 15ms
16 timing npm:load:configload Completed in 15ms
17 timing config:load:flatten Completed in 3ms
18 timing npm:load:mkdirpcache Completed in 0ms
19 timing npm:load:mkdirplogs Completed in 1ms
20 verbose title npm install
21 verbose argv "install"
22 timing npm:load:setTitle Completed in 1ms
23 timing npm:load:display Completed in 1ms
24 verbose logfile logs-max:10 dir:/root/.npm/_logs/2026-05-05T14_56_04_224Z-
25 verbose logfile /root/.npm/_logs/2026-05-05T14_56_04_224Z-debug-0.log
26 timing npm:load:logFile Completed in 11ms
27 timing npm:load:timers Completed in 1ms
28 timing npm:load:configScope Completed in 0ms
29 timing npm:load Completed in 65ms
30 timing arborist:ctor Completed in 1ms
31 silly logfile done cleaning log files
32 timing idealTree:init Completed in 902ms
33 timing idealTree:userRequests Completed in 0ms
34 silly idealTree buildDeps
35 timing idealTree:#root Completed in 1ms
36 timing idealTree:buildDeps Completed in 2ms
37 timing idealTree:fixDepFlags Completed in 1ms
38 timing idealTree Completed in 927ms
39 timing reify:loadTrees Completed in 948ms
40 timing reify:diffTrees Completed in 27ms
41 silly reify moves {}
42 timing reify:retireShallow Completed in 2ms
43 timing reify:createSparse Completed in 171ms
44 timing reify:loadBundles Completed in 0ms
45 silly audit bulk request {
45 silly audit   '@aashutoshrathi/word-wrap': [ '1.2.6' ],
45 silly audit   '@ampproject/remapping': [ '2.3.0' ],
45 silly audit   '@babel/code-frame': [ '7.24.2' ],
45 silly audit   '@babel/compat-data': [ '7.24.4' ],
45 silly audit   '@babel/core': [ '7.24.4' ],
45 silly audit   semver: [ '6.3.1', '7.6.0' ],
45 silly audit   '@babel/generator': [ '7.24.4' ],
45 silly audit   '@babel/helper-compilation-targets': [ '7.23.6' ],
45 silly audit   '@babel/helper-environment-visitor': [ '7.22.20' ],
45 silly audit   '@babel/helper-function-name': [ '7.23.0' ],
45 silly audit   '@babel/helper-hoist-variables': [ '7.22.5' ],
45 silly audit   '@babel/helper-module-imports': [ '7.24.3' ],
45 silly audit   '@babel/helper-module-transforms': [ '7.23.3' ],
45 silly audit   '@babel/helper-plugin-utils': [ '7.24.0' ],
45 silly audit   '@babel/helper-simple-access': [ '7.22.5' ],
45 silly audit   '@babel/helper-split-export-declaration': [ '7.22.6' ],
45 silly audit   '@babel/helper-string-parser': [ '7.24.1' ],
45 silly audit   '@babel/helper-validator-identifier': [ '7.22.20' ],
45 silly audit   '@babel/helper-validator-option': [ '7.23.5' ],
45 silly audit   '@babel/helpers': [ '7.24.4' ],
45 silly audit   '@babel/highlight': [ '7.24.2' ],
45 silly audit   'ansi-styles': [ '3.2.1', '4.3.0', '5.2.0', '6.1.0' ],
45 silly audit   chalk: [ '2.4.2', '5.0.1', '4.1.2', '5.3.0' ],
45 silly audit   'color-convert': [ '1.9.3', '2.0.1' ],
45 silly audit   'color-name': [ '1.1.3', '1.1.4' ],
45 silly audit   'has-flag': [ '3.0.0', '4.0.0' ],
45 silly audit   'supports-color': [ '5.5.0', '8.1.1', '7.2.0' ],
45 silly audit   '@babel/parser': [ '7.24.4' ],
45 silly audit   '@babel/plugin-syntax-async-generators': [ '7.8.4' ],
45 silly audit   '@babel/plugin-syntax-bigint': [ '7.8.3' ],
45 silly audit   '@babel/plugin-syntax-class-properties': [ '7.12.13' ],
45 silly audit   '@babel/plugin-syntax-import-meta': [ '7.10.4' ],
45 silly audit   '@babel/plugin-syntax-json-strings': [ '7.8.3' ],
45 silly audit   '@babel/plugin-syntax-jsx': [ '7.24.1' ],
45 silly audit   '@babel/plugin-syntax-logical-assignment-operators': [ '7.10.4' ],
45 silly audit   '@babel/plugin-syntax-nullish-coalescing-operator': [ '7.8.3' ],
45 silly audit   '@babel/plugin-syntax-numeric-separator': [ '7.10.4' ],
45 silly audit   '@babel/plugin-syntax-object-rest-spread': [ '7.8.3' ],
45 silly audit   '@babel/plugin-syntax-optional-catch-binding': [ '7.8.3' ],
45 silly audit   '@babel/plugin-syntax-optional-chaining': [ '7.8.3' ],
45 silly audit   '@babel/plugin-syntax-top-level-await': [ '7.14.5' ],
45 silly audit   '@babel/plugin-syntax-typescript': [ '7.24.1' ],
45 silly audit   '@babel/runtime': [ '7.24.4' ],
45 silly audit   '@babel/template': [ '7.24.0' ],
45 silly audit   '@babel/traverse': [ '7.24.1' ],
45 silly audit   globals: [ '11.12.0', '14.0.0', '13.24.0', '15.0.0' ],
45 silly audit   '@babel/types': [ '7.24.0' ],
45 silly audit   '@bcoe/v8-coverage': [ '0.2.3' ],
45 silly audit   '@colors/colors': [ '1.5.0' ],
45 silly audit   '@discoveryjs/json-ext': [ '0.5.7' ],
45 silly audit   '@eslint-community/eslint-utils': [ '4.4.0' ],
45 silly audit   '@eslint-community/regexpp': [ '4.10.0' ],
45 silly audit   '@eslint/eslintrc': [ '3.0.2', '2.1.4' ],
45 silly audit   '@eslint/js': [ '9.1.1', '8.57.0' ],
45 silly audit   '@fastify/accept-negotiator': [ '1.0.0' ],
45 silly audit   '@fastify/ajv-compiler': [ '3.5.0' ],
45 silly audit   ajv: [ '8.12.0', '6.12.6', '8.11.0' ],
45 silly audit   'json-schema-traverse': [ '1.0.0', '0.4.1' ],
45 silly audit   '@fastify/cookie': [ '9.3.1' ],
45 silly audit   'fastify-plugin': [ '4.5.1', '4.2.0', '2.3.4', '3.0.1' ],
45 silly audit   '@fastify/deepmerge': [ '1.3.0' ],
45 silly audit   '@fastify/error': [ '3.4.1' ],
45 silly audit   '@fastify/fast-json-stringify-compiler': [ '4.3.0' ],
45 silly audit   '@fastify/flash': [ '5.1.0' ],
45 silly audit   '@fastify/formbody': [ '7.4.0' ],
45 silly audit   '@fastify/merge-json-schemas': [ '0.1.1' ],
45 silly audit   '@fastify/secure-session': [ '7.5.1' ],
45 silly audit   '@fastify/send': [ '2.1.0' ],
45 silly audit   '@fastify/sensible': [ '5.5.0' ],
45 silly audit   '@fastify/static': [ '7.0.3' ],
45 silly audit   '@fastify/view': [ '9.0.0' ],
45 silly audit   '@gar/promisify': [ '1.1.3' ],
45 silly audit   '@humanwhocodes/config-array': [ '0.11.14' ],
45 silly audit   '@humanwhocodes/module-importer': [ '1.0.1' ],
45 silly audit   '@humanwhocodes/object-schema': [ '2.0.3' ],
45 silly audit   '@isaacs/cliui': [ '8.0.2' ],
45 silly audit   'ansi-regex': [ '6.0.1', '5.0.1' ],
45 silly audit   'emoji-regex': [ '9.2.2', '8.0.0' ],
45 silly audit   'string-width': [ '5.1.2', '4.2.3' ],
45 silly audit   'strip-ansi': [ '7.1.0', '7.0.1', '6.0.1' ],
45 silly audit   '@istanbuljs/load-nyc-config': [ '1.1.0' ],
45 silly audit   argparse: [ '1.0.10', '2.0.1' ],
45 silly audit   'find-up': [ '4.1.0', '5.0.0', '3.0.0' ],
45 silly audit   'js-yaml': [ '3.14.1', '4.1.0' ],
45 silly audit   'locate-path': [ '5.0.0', '6.0.0', '3.0.0' ],
45 silly audit   'p-limit': [ '2.3.0', '3.1.0' ],
45 silly audit   'p-locate': [ '4.1.0', '5.0.0', '3.0.0' ],
45 silly audit   '@istanbuljs/schema': [ '0.1.3' ],
45 silly audit   '@jest/console': [ '29.7.0' ],
45 silly audit   '@jest/core': [ '29.7.0' ],
45 silly audit   '@jest/environment': [ '29.7.0' ],
45 silly audit   '@jest/expect': [ '29.7.0' ],
45 silly audit   '@jest/expect-utils': [ '29.7.0' ],
45 silly audit   '@jest/fake-timers': [ '29.7.0' ],
45 silly audit   '@jest/globals': [ '29.7.0' ],
45 silly audit   '@jest/reporters': [ '29.7.0' ],
45 silly audit   glob: [ '7.2.3', '10.3.12', '8.1.0' ],
45 silly audit   '@jest/schemas': [ '29.6.3' ],
45 silly audit   '@jest/source-map': [ '29.6.3' ],
45 silly audit   '@jest/test-result': [ '29.7.0' ],
45 silly audit   '@jest/test-sequencer': [ '29.7.0' ],
45 silly audit   '@jest/transform': [ '29.7.0' ],
45 silly audit   '@jest/types': [ '29.6.3' ],
45 silly audit   '@jridgewell/gen-mapping': [ '0.3.5' ],
45 silly audit   '@jridgewell/resolve-uri': [ '3.1.2' ],
45 silly audit   '@jridgewell/set-array': [ '1.2.1' ],
45 silly audit   '@jridgewell/source-map': [ '0.3.6' ],
45 silly audit   '@jridgewell/sourcemap-codec': [ '1.4.15' ],
45 silly audit   '@jridgewell/trace-mapping': [ '0.3.25' ],
45 silly audit   '@lukeed/ms': [ '2.0.2' ],
45 silly audit   '@nodelib/fs.scandir': [ '2.1.5' ],
45 silly audit   '@nodelib/fs.stat': [ '2.0.5' ],
45 silly audit   '@nodelib/fs.walk': [ '1.2.8' ],
45 silly audit   '@npmcli/fs': [ '3.1.0', '2.1.2', '1.1.1' ],
45 silly audit   '@npmcli/git': [ '4.1.0' ],
45 silly audit   'lru-cache': [ '7.18.3', '5.1.1', '10.2.0', '6.0.0' ],
45 silly audit   which: [ '3.0.1', '2.0.2' ],
45 silly audit   '@npmcli/installed-package-contents': [ '2.0.2' ],
45 silly audit   '@npmcli/move-file': [ '2.0.1', '1.1.2' ],
45 silly audit   '@npmcli/node-gyp': [ '3.0.0' ],
45 silly audit   '@npmcli/promise-spawn': [ '6.0.2' ],
45 silly audit   '@npmcli/run-script': [ '6.0.2' ],
45 silly audit   '@one-ini/wasm': [ '0.1.1' ],
45 silly audit   '@pkgjs/parseargs': [ '0.11.0' ],
45 silly audit   '@pnpm/network.ca-file': [ '1.0.1' ],
45 silly audit   '@pnpm/npm-conf': [ '1.0.5' ],
45 silly audit   '@popperjs/core': [ '2.11.8' ],
45 silly audit   '@rails/ujs': [ '7.1.3-2' ],
45 silly audit   '@sigstore/bundle': [ '1.1.0' ],
45 silly audit   '@sigstore/protobuf-specs': [ '0.2.1' ],
45 silly audit   '@sigstore/sign': [ '1.0.0' ],
45 silly audit   '@sigstore/tuf': [ '1.0.3' ],
45 silly audit   '@sinclair/typebox': [ '0.27.8' ],
45 silly audit   '@sindresorhus/is': [ '5.3.0' ],
45 silly audit   '@sinonjs/commons': [ '3.0.1' ],
45 silly audit   '@sinonjs/fake-timers': [ '10.3.0' ],
45 silly audit   '@szmarczak/http-timer': [ '5.0.1' ],
45 silly audit   '@tootallnate/once': [ '2.0.0', '1.1.2' ],
45 silly audit   '@tufjs/canonical-json': [ '1.0.0' ],
45 silly audit   '@tufjs/models': [ '1.0.4' ],
45 silly audit   'brace-expansion': [ '2.0.1', '1.1.11' ],
45 silly audit   minimatch: [ '9.0.4', '9.0.1', '5.1.6', '3.1.2' ],
45 silly audit   '@types/babel__core': [ '7.20.5' ],
45 silly audit   '@types/babel__generator': [ '7.6.8' ],
45 silly audit   '@types/babel__template': [ '7.4.4' ],
45 silly audit   '@types/babel__traverse': [ '7.20.5' ],
45 silly audit   '@types/cacheable-request': [ '6.0.2' ],
45 silly audit   '@types/debug': [ '4.1.12' ],
45 silly audit   '@types/eslint': [ '8.4.6' ],
45 silly audit   '@types/eslint-scope': [ '3.7.4' ],
45 silly audit   '@types/estree': [ '1.0.5' ],
45 silly audit   '@types/graceful-fs': [ '4.1.9' ],
45 silly audit   '@types/http-cache-semantics': [ '4.0.1' ],
45 silly audit   '@types/istanbul-lib-coverage': [ '2.0.6' ],
45 silly audit   '@types/istanbul-lib-report': [ '3.0.3' ],
45 silly audit   '@types/istanbul-reports': [ '3.0.4' ],
45 silly audit   '@types/jest': [ '29.5.12' ],
45 silly audit   '@types/json-schema': [ '7.0.11' ],
45 silly audit   '@types/json5': [ '0.0.29' ],
45 silly audit   '@types/keyv': [ '3.1.4' ],
45 silly audit   '@types/ms': [ '0.7.34' ],
45 silly audit   '@types/node': [ '20.12.7' ],
45 silly audit   '@types/responselike': [ '1.0.0' ],
45 silly audit   '@types/semver-utils': [ '1.1.3' ],
45 silly audit   '@types/stack-trace': [ '0.0.29' ],
45 silly audit   '@types/stack-utils': [ '2.0.3' ],
45 silly audit   '@types/validator': [ '13.11.9' ],
45 silly audit   '@types/yargs': [ '17.0.32' ],
45 silly audit   '@types/yargs-parser': [ '21.0.3' ],
45 silly audit   '@ungap/structured-clone': [ '1.2.0' ],
45 silly audit   '@vscode/sqlite3': [ '5.1.2' ],
45 silly audit   '@webassemblyjs/ast': [ '1.12.1' ],
45 silly audit   '@webassemblyjs/floating-point-hex-parser': [ '1.11.6' ],
45 silly audit   '@webassemblyjs/helper-api-error': [ '1.11.6' ],
45 silly audit   '@webassemblyjs/helper-buffer': [ '1.12.1' ],
45 silly audit   '@webassemblyjs/helper-numbers': [ '1.11.6' ],
45 silly audit   '@webassemblyjs/helper-wasm-bytecode': [ '1.11.6' ],
45 silly audit   '@webassemblyjs/helper-wasm-section': [ '1.12.1' ],
45 silly audit   '@webassemblyjs/ieee754': [ '1.11.6' ],
45 silly audit   '@webassemblyjs/leb128': [ '1.11.6' ],
45 silly audit   '@webassemblyjs/utf8': [ '1.11.6' ],
45 silly audit   '@webassemblyjs/wasm-edit': [ '1.12.1' ],
45 silly audit   '@webassemblyjs/wasm-gen': [ '1.12.1' ],
45 silly audit   '@webassemblyjs/wasm-opt': [ '1.12.1' ],
45 silly audit   '@webassemblyjs/wasm-parser': [ '1.12.1' ],
45 silly audit   '@webassemblyjs/wast-printer': [ '1.12.1' ],
45 silly audit   '@webpack-cli/configtest': [ '2.1.1' ],
45 silly audit   '@webpack-cli/info': [ '2.0.2' ],
45 silly audit   '@webpack-cli/serve': [ '2.0.5' ],
45 silly audit   '@xtuc/ieee754': [ '1.2.0' ],
45 silly audit   '@xtuc/long': [ '4.2.2' ],
45 silly audit   abbrev: [ '1.1.1', '2.0.0' ],
45 silly audit   'abort-controller': [ '3.0.0' ],
45 silly audit   'abstract-logging': [ '2.0.1' ],
45 silly audit   acorn: [ '8.11.3', '7.4.1' ],
45 silly audit   'acorn-import-assertions': [ '1.9.0' ],
45 silly audit   'acorn-jsx': [ '5.3.2' ],
45 silly audit   'agent-base': [ '6.0.2' ],
45 silly audit   agentkeepalive: [ '4.2.1' ],
45 silly audit   depd: [ '1.1.2', '2.0.0' ],
45 silly audit   'aggregate-error': [ '3.1.0' ],
45 silly audit   'ajv-formats': [ '2.1.1', '3.0.1' ],
45 silly audit   'ajv-keywords': [ '3.5.2', '5.1.0' ],
45 silly audit   'ansi-align': [ '3.0.1' ],
45 silly audit   'ansi-escapes': [ '4.3.2' ],
45 silly audit   'type-fest': [ '0.21.3', '2.19.0', '1.4.0', '0.20.2' ],
45 silly audit   anymatch: [ '3.1.2' ],
45 silly audit   aproba: [ '2.0.0' ],
45 silly audit   archy: [ '1.0.0' ],
45 silly audit   'are-we-there-yet': [ '3.0.1' ],
45 silly audit   'array-buffer-byte-length': [ '1.0.1' ],
45 silly audit   'array-includes': [ '3.1.8' ],
45 silly audit   'array-union': [ '2.1.0' ],
45 silly audit   'array.prototype.findlastindex': [ '1.2.5' ],
45 silly audit   'array.prototype.flat': [ '1.3.2' ],
45 silly audit   'array.prototype.flatmap': [ '1.3.2' ],
45 silly audit   'arraybuffer.prototype.slice': [ '1.0.3' ],
45 silly audit   asap: [ '2.0.6' ],
45 silly audit   'assert-never': [ '1.2.1' ],
45 silly audit   'at-least-node': [ '1.0.0' ],
45 silly audit   'atomic-sleep': [ '1.0.0' ],
45 silly audit   'available-typed-arrays': [ '1.0.7' ],
45 silly audit   avvio: [ '8.3.0' ],
45 silly audit   'babel-jest': [ '29.7.0' ],
45 silly audit   'babel-plugin-istanbul': [ '6.1.1' ],
45 silly audit   'istanbul-lib-instrument': [ '5.2.1', '6.0.2' ],
45 silly audit   'babel-plugin-jest-hoist': [ '29.6.3' ],
45 silly audit   'babel-preset-current-node-syntax': [ '1.0.1' ],
45 silly audit   'babel-preset-jest': [ '29.6.3' ],
45 silly audit   'babel-walk': [ '3.0.0-canary-5' ],
45 silly audit   'balanced-match': [ '1.0.2' ],
45 silly audit   'base64-js': [ '1.5.1' ],
45 silly audit   'better-sqlite3': [ '8.7.0' ],
45 silly audit   'binary-extensions': [ '2.2.0' ],
45 silly audit   bindings: [ '1.5.0' ],
45 silly audit   bl: [ '4.1.0' ],
45 silly audit   bluebird: [ '3.7.2' ],
45 silly audit   bootstrap: [ '5.3.3' ],
45 silly audit   boxen: [ '7.0.0' ],
45 silly audit   camelcase: [ '7.0.0', '5.3.1', '6.3.0' ],
45 silly audit   braces: [ '3.0.2' ],
45 silly audit   browserslist: [ '4.23.0' ],
45 silly audit   bser: [ '2.1.1' ],
45 silly audit   buffer: [ '5.7.1', '6.0.3' ],
45 silly audit   'buffer-from': [ '1.1.2' ],
45 silly audit   builtins: [ '5.1.0' ],
45 silly audit   cacache: [ '17.1.4', '16.1.3', '15.3.0' ],
45 silly audit   'fs-minipass': [ '3.0.3', '2.1.0' ],
45 silly audit   minipass: [ '7.0.4', '5.0.0', '3.3.4' ],
45 silly audit   'unique-filename': [ '3.0.0', '2.0.1', '1.1.1' ],
45 silly audit   'unique-slug': [ '4.0.0', '3.0.0', '2.0.2' ],
45 silly audit   'cacheable-lookup': [ '6.1.0' ],
45 silly audit   'cacheable-request': [ '7.0.2' ],
45 silly audit   'get-stream': [ '5.2.0', '6.0.1' ],
45 silly audit   'lowercase-keys': [ '2.0.0', '3.0.0' ],
45 silly audit   'call-bind': [ '1.0.7' ],
45 silly audit   callsites: [ '3.1.0' ],
45 silly audit   'caniuse-lite': [ '1.0.30001612' ],
45 silly audit   'char-regex': [ '1.0.2' ],
45 silly audit   'character-parser': [ '2.2.0' ],
45 silly audit   chokidar: [ '3.5.3' ],
45 silly audit   'glob-parent': [ '5.1.2', '6.0.2' ],
45 silly audit   chownr: [ '2.0.0', '1.1.4' ],
45 silly audit   'chrome-trace-event': [ '1.0.3' ],
45 silly audit   'ci-info': [ '3.3.2' ],
45 silly audit   'cjs-module-lexer': [ '1.2.3' ],
45 silly audit   'clean-stack': [ '2.2.0' ],
45 silly audit   'cli-boxes': [ '3.0.0' ],
45 silly audit   'cli-color': [ '2.0.4' ],
45 silly audit   'cli-table3': [ '0.6.4' ],
45 silly audit   cliui: [ '8.0.1', '7.0.4' ],
45 silly audit   'wrap-ansi': [ '7.0.0', '8.1.0' ],
45 silly audit   'clone-deep': [ '4.0.1' ],
45 silly audit   'clone-response': [ '1.0.3' ],
45 silly audit   'close-with-grace': [ '1.1.0' ],
45 silly audit   co: [ '4.6.0' ],
45 silly audit   'collect-v8-coverage': [ '1.0.2' ],
45 silly audit   'color-support': [ '1.1.3' ],
45 silly audit   colorette: [ '2.0.19' ],
45 silly audit   commander: [ '10.0.1', '2.20.3' ],
45 silly audit   commist: [ '3.0.0' ],
45 silly audit   'concat-map': [ '0.0.1' ],
45 silly audit   concurrently: [ '8.2.2' ],
45 silly audit   'config-chain': [ '1.1.13' ],
45 silly audit   ini: [ '1.3.8', '2.0.0', '4.1.2' ],
45 silly audit   configstore: [ '6.0.0' ],
45 silly audit   'write-file-atomic': [ '3.0.3', '4.0.2' ],
45 silly audit   'confusing-browser-globals': [ '1.0.11' ],
45 silly audit   'console-control-strings': [ '1.1.0' ],
45 silly audit   constantinople: [ '4.0.1' ],
45 silly audit   'content-disposition': [ '0.5.4' ],
45 silly audit   'convert-source-map': [ '2.0.0' ],
45 silly audit   cookie: [ '0.6.0', '0.4.2' ],
45 silly audit   'cookie-signature': [ '1.2.1' ],
45 silly audit   'create-jest': [ '29.7.0' ],
45 silly audit   'cross-spawn': [ '7.0.3' ],
45 silly audit   'crypto-random-string': [ '4.0.0' ],
45 silly audit   'css-loader': [ '7.1.1' ],
45 silly audit   cssesc: [ '3.0.0' ],
45 silly audit   d: [ '1.0.2' ],
45 silly audit   'data-view-buffer': [ '1.0.1' ],
45 silly audit   'data-view-byte-length': [ '1.0.1' ],
45 silly audit   'data-view-byte-offset': [ '1.0.0' ],
45 silly audit   'date-fns': [ '2.30.0' ],
45 silly audit   dateformat: [ '4.6.3' ],
45 silly audit   'db-errors': [ '0.2.3' ],
45 silly audit   debug: [ '4.3.4', '3.2.7' ],
45 silly audit   ms: [ '2.1.2', '2.1.3' ],
45 silly audit   'decompress-response': [ '6.0.0' ],
45 silly audit   'mimic-response': [ '3.1.0', '1.0.1' ],
45 silly audit   dedent: [ '1.5.3' ],
45 silly audit   'deep-extend': [ '0.6.0' ],
45 silly audit   'deep-is': [ '0.1.4' ],
45 silly audit   deepmerge: [ '4.3.1' ],
45 silly audit   'defer-to-connect': [ '2.0.1' ],
45 silly audit   'define-data-property': [ '1.1.4' ],
45 silly audit   'define-properties': [ '1.2.1' ],
45 silly audit   delegates: [ '1.0.0' ],
45 silly audit   'detect-libc': [ '2.0.3' ],
45 silly audit   'detect-newline': [ '3.1.0' ],
45 silly audit   'diff-sequences': [ '29.6.3' ],
45 silly audit   'dir-glob': [ '3.0.1' ],
45 silly audit   doctrine: [ '3.0.0', '2.1.0' ],
45 silly audit   doctypes: [ '1.1.0' ],
45 silly audit   'dot-prop': [ '6.0.1' ],
45 silly audit   dotenv: [ '16.4.5' ],
45 silly audit   dottie: [ '2.0.6' ],
45 silly audit   eastasianwidth: [ '0.2.0' ],
45 silly audit   editorconfig: [ '1.0.4' ],
45 silly audit   'electron-to-chromium': [ '1.4.746' ],
45 silly audit   emittery: [ '0.13.1' ],
45 silly audit   encoding: [ '0.1.13' ],
45 silly audit   'end-of-stream': [ '1.4.4' ],
45 silly audit   'enhanced-resolve': [ '5.16.0' ],
45 silly audit   entities: [ '3.0.1' ],
45 silly audit   'env-paths': [ '2.2.1' ],
45 silly audit   envinfo: [ '7.12.0' ],
45 silly audit   'err-code': [ '2.0.3' ],
45 silly audit   'error-ex': [ '1.3.2' ],
45 silly audit   'es-abstract': [ '1.23.3' ],
45 silly audit   'es-define-property': [ '1.0.0' ],
45 silly audit   'es-errors': [ '1.3.0' ],
45 silly audit   'es-module-lexer': [ '1.5.0' ],
45 silly audit   'es-object-atoms': [ '1.0.0' ],
45 silly audit   'es-set-tostringtag': [ '2.0.3' ],
45 silly audit   'es-shim-unscopables': [ '1.0.2' ],
45 silly audit   'es-to-primitive': [ '1.2.1' ],
45 silly audit   'es5-ext': [ '0.10.64' ],
45 silly audit   'es6-iterator': [ '2.0.3' ],
45 silly audit   'es6-symbol': [ '3.1.4' ],
45 silly audit   'es6-weak-map': [ '2.0.3' ],
45 silly audit   escalade: [ '3.1.1' ],
45 silly audit   'escape-goat': [ '4.0.0' ],
45 silly audit   'escape-html': [ '1.0.3' ],
45 silly audit   'escape-string-regexp': [ '1.0.5', '4.0.0', '2.0.0' ],
45 silly audit   eslint: [ '8.57.0' ],
45 silly audit   'eslint-config-airbnb-base': [ '15.0.0' ],
45 silly audit   'eslint-import-resolver-node': [ '0.3.9' ],
45 silly audit   'eslint-module-utils': [ '2.8.1' ],
45 silly audit   'eslint-plugin-import': [ '2.29.1' ],
45 silly audit   'eslint-scope': [ '7.2.2', '5.1.1' ],
45 silly audit   'eslint-visitor-keys': [ '3.4.3', '4.0.0' ],
45 silly audit   espree: [ '9.6.1', '10.0.1' ],
45 silly audit   esm: [ '3.2.25' ],
45 silly audit   esniff: [ '2.0.1' ],
45 silly audit   esprima: [ '4.0.1' ],
45 silly audit   esquery: [ '1.5.0' ],
45 silly audit   esrecurse: [ '4.3.0' ],
45 silly audit   estraverse: [ '5.3.0', '4.3.0' ],
45 silly audit   esutils: [ '2.0.3' ],
45 silly audit   'event-emitter': [ '0.3.5' ],
45 silly audit   'event-target-shim': [ '5.0.1' ],
45 silly audit   events: [ '3.3.0' ],
45 silly audit   execa: [ '5.1.1' ],
45 silly audit   exit: [ '0.1.2' ],
45 silly audit   'expand-template': [ '2.0.3' ],
45 silly audit   expect: [ '29.7.0' ],
45 silly audit   'exponential-backoff': [ '3.1.1' ],
45 silly audit   ext: [ '1.7.0' ],
45 silly audit   'fast-content-type-parse': [ '1.1.0' ],
45 silly audit   'fast-copy': [ '3.0.2' ],
45 silly audit   'fast-decode-uri-component': [ '1.0.1' ],
45 silly audit   'fast-deep-equal': [ '3.1.3' ],
45 silly audit   'fast-glob': [ '3.2.11' ],
45 silly audit   'fast-json-stable-stringify': [ '2.1.0' ],
45 silly audit   'fast-json-stringify': [ '5.14.1' ],
45 silly audit   'fast-levenshtein': [ '2.0.6' ],
45 silly audit   'fast-memoize': [ '2.5.2' ],
45 silly audit   'fast-querystring': [ '1.0.0' ],
45 silly audit   'fast-redact': [ '3.5.0' ],
45 silly audit   'fast-safe-stringify': [ '2.1.1' ],
45 silly audit   'fast-uri': [ '2.3.0' ],
45 silly audit   'fastest-levenshtein': [ '1.0.16' ],
45 silly audit   fastify: [ '4.26.2' ],
45 silly audit   'fastify-cli': [ '6.1.1' ],
45 silly audit   'pino-pretty': [ '10.3.1', '11.0.0' ],
45 silly audit   'help-me': [ '5.0.0', '4.2.0' ],
45 silly audit   'readable-stream': [ '4.5.2', '3.6.2' ],
45 silly audit   'fastify-error-page': [ '4.0.0' ],
45 silly audit   'fastify-method-override': [ '1.5.10' ],
45 silly audit   'fastify-objectionjs': [ '2.0.1' ],
45 silly audit   knex: [ '2.5.1', '3.1.0' ],
45 silly audit   'pg-connection-string': [ '2.6.1', '2.6.2', '2.6.4' ],
45 silly audit   'fastify-reverse-routes': [ '3.0.0' ],
45 silly audit   fastq: [ '1.17.1' ],
45 silly audit   'fb-watchman': [ '2.0.2' ],
45 silly audit   'file-entry-cache': [ '6.0.1' ],
45 silly audit   'file-uri-to-path': [ '1.0.0' ],
45 silly audit   'fill-range': [ '7.0.1' ],
45 silly audit   'find-my-way': [ '8.1.0' ],
45 silly audit   'flat-cache': [ '3.2.0' ],
45 silly audit   flatted: [ '3.3.1' ],
45 silly audit   'for-each': [ '0.3.3' ],
45 silly audit   'foreground-child': [ '3.1.1' ],
45 silly audit   'signal-exit': [ '4.1.0', '3.0.7' ],
45 silly audit   'form-data-encoder': [ '2.1.0' ],
45 silly audit   forwarded: [ '0.2.0' ],
45 silly audit   'fp-and-or': [ '0.1.4' ],
45 silly audit   'fs-constants': [ '1.0.0' ],
45 silly audit   'fs-extra': [ '9.1.0' ],
45 silly audit   'fs.realpath': [ '1.0.0' ],
45 silly audit   fsevents: [ '2.3.2' ],
45 silly audit   'function-bind': [ '1.1.2' ],
45 silly audit   'function.prototype.name': [ '1.1.6' ],
45 silly audit   'functions-have-names': [ '1.2.3' ],
45 silly audit   gauge: [ '4.0.4' ],
45 silly audit   generify: [ '4.2.0' ],
45 silly audit   gensync: [ '1.0.0-beta.2' ],
45 silly audit   'get-caller-file': [ '2.0.5' ],
45 silly audit   'get-intrinsic': [ '1.2.4' ],
45 silly audit   'get-package-type': [ '0.1.0' ],
45 silly audit   'get-stdin': [ '8.0.0' ],
45 silly audit   'get-symbol-description': [ '1.0.2' ],
45 silly audit   getopts: [ '2.3.0' ],
45 silly audit   'github-from-package': [ '0.0.0' ],
45 silly audit   'glob-to-regexp': [ '0.4.1' ],
45 silly audit   'global-dirs': [ '3.0.0' ],
45 silly audit   globalthis: [ '1.0.3' ],
45 silly audit   globby: [ '11.1.0' ],
45 silly audit   gopd: [ '1.0.1' ],
45 silly audit   got: [ '12.3.1' ],
45 silly audit   'graceful-fs': [ '4.2.10', '4.2.11' ],
45 silly audit   graphemer: [ '1.4.0' ],
45 silly audit   'has-bigints': [ '1.0.2' ],
45 silly audit   'has-property-descriptors': [ '1.0.2' ],
45 silly audit   'has-proto': [ '1.0.3' ],
45 silly audit   'has-symbols': [ '1.0.3' ],
45 silly audit   'has-tostringtag': [ '1.0.2' ],
45 silly audit   'has-unicode': [ '2.0.1' ],
45 silly audit   'has-yarn': [ '3.0.0' ],
45 silly audit   hashlru: [ '2.3.0' ],
45 silly audit   hasown: [ '2.0.2' ],
45 silly audit   'hosted-git-info': [ '5.2.1', '6.1.1' ],
45 silly audit   'html-escaper': [ '2.0.2' ],
45 silly audit   'http-cache-semantics': [ '4.1.1' ],
45 silly audit   'http-errors': [ '2.0.0' ],
45 silly audit   'http-proxy-agent': [ '5.0.0', '4.0.1' ],
45 silly audit   'http2-wrapper': [ '2.1.11' ],
45 silly audit   'https-proxy-agent': [ '5.0.1' ],
45 silly audit   'human-signals': [ '2.1.0' ],
45 silly audit   'humanize-ms': [ '1.2.1' ],
45 silly audit   i18next: [ '23.11.2' ],
45 silly audit   'iconv-lite': [ '0.6.3' ],
45 silly audit   'icss-utils': [ '5.1.0' ],
45 silly audit   ieee754: [ '1.2.1' ],
45 silly audit   ignore: [ '5.2.0' ],
45 silly audit   'ignore-walk': [ '6.0.4' ],
45 silly audit   'import-fresh': [ '3.3.0' ],
45 silly audit   'resolve-from': [ '4.0.0', '5.0.0' ],
45 silly audit   'import-lazy': [ '4.0.0' ],
45 silly audit   'import-local': [ '3.1.0' ],
45 silly audit   imurmurhash: [ '0.1.4' ],
45 silly audit   'indent-string': [ '4.0.0' ],
45 silly audit   'infer-owner': [ '1.0.4' ],
45 silly audit   inflection: [ '1.13.4' ],
45 silly audit   inflight: [ '1.0.6' ],
45 silly audit   inherits: [ '2.0.4' ],
45 silly audit   'internal-slot': [ '1.0.7' ],
45 silly audit   interpret: [ '2.2.0', '3.1.1' ],
45 silly audit   ip: [ '2.0.0' ],
45 silly audit   'ipaddr.js': [ '1.9.1' ],
45 silly audit   'is-array-buffer': [ '3.0.4' ],
45 silly audit   'is-arrayish': [ '0.2.1' ],
45 silly audit   'is-bigint': [ '1.0.4' ],
45 silly audit   'is-binary-path': [ '2.1.0' ],
45 silly audit   'is-boolean-object': [ '1.1.2' ],
45 silly audit   'is-callable': [ '1.2.7' ],
45 silly audit   'is-ci': [ '3.0.1' ],
45 silly audit   'is-core-module': [ '2.13.1' ],
45 silly audit   'is-data-view': [ '1.0.1' ],
45 silly audit   'is-date-object': [ '1.0.5' ],
45 silly audit   'is-docker': [ '2.2.1' ],
45 silly audit   'is-expression': [ '4.0.0' ],
45 silly audit   'is-extglob': [ '2.1.1' ],
45 silly audit   'is-fullwidth-code-point': [ '3.0.0' ],
45 silly audit   'is-generator-fn': [ '2.1.0' ],
45 silly audit   'is-glob': [ '4.0.3' ],
45 silly audit   'is-installed-globally': [ '0.4.0' ],
45 silly audit   'is-lambda': [ '1.0.1' ],
45 silly audit   'is-negative-zero': [ '2.0.3' ],
45 silly audit   'is-npm': [ '6.0.0' ],
45 silly audit   'is-number': [ '7.0.0' ],
45 silly audit   'is-number-object': [ '1.0.7' ],
45 silly audit   'is-obj': [ '2.0.0' ],
45 silly audit   'is-path-inside': [ '3.0.3' ],
45 silly audit   'is-plain-object': [ '2.0.4' ],
45 silly audit   'is-promise': [ '2.2.2' ],
45 silly audit   'is-regex': [ '1.1.4' ],
45 silly audit   'is-shared-array-buffer': [ '1.0.3' ],
45 silly audit   'is-stream': [ '2.0.1' ],
45 silly audit   'is-string': [ '1.0.7' ],
45 silly audit   'is-symbol': [ '1.0.4' ],
45 silly audit   'is-typed-array': [ '1.1.13' ],
45 silly audit   'is-typedarray': [ '1.0.0' ],
45 silly audit   'is-weakref': [ '1.0.2' ],
45 silly audit   'is-yarn-global': [ '0.4.0' ],
45 silly audit   isarray: [ '2.0.5' ],
45 silly audit   isbinaryfile: [ '4.0.10' ],
45 silly audit   isexe: [ '2.0.0' ],
45 silly audit   isobject: [ '3.0.1' ],
45 silly audit   'istanbul-lib-coverage': [ '3.2.2' ],
45 silly audit   'istanbul-lib-report': [ '3.0.1' ],
45 silly audit   'istanbul-lib-source-maps': [ '4.0.1' ],
45 silly audit   'istanbul-reports': [ '3.1.7' ],
45 silly audit   jackspeak: [ '2.3.6' ],
45 silly audit   jest: [ '29.7.0' ],
45 silly audit   'jest-changed-files': [ '29.7.0' ],
45 silly audit   'jest-circus': [ '29.7.0' ],
45 silly audit   'jest-cli': [ '29.7.0' ],
45 silly audit   'jest-config': [ '29.7.0' ],
45 silly audit   'jest-diff': [ '29.7.0' ],
45 silly audit   'jest-docblock': [ '29.7.0' ],
45 silly audit   'jest-each': [ '29.7.0' ],
45 silly audit   'jest-environment-node': [ '29.7.0' ],
45 silly audit   'jest-get-type': [ '29.6.3' ],
45 silly audit   'jest-haste-map': [ '29.7.0' ],
45 silly audit   'jest-leak-detector': [ '29.7.0' ],
45 silly audit   'jest-matcher-utils': [ '29.7.0' ],
45 silly audit   'jest-message-util': [ '29.7.0' ],
45 silly audit   'jest-mock': [ '29.7.0' ],
45 silly audit   'jest-pnp-resolver': [ '1.2.3' ],
45 silly audit   'jest-regex-util': [ '29.6.3' ],
45 silly audit   'jest-resolve': [ '29.7.0' ],
45 silly audit   'jest-resolve-dependencies': [ '29.7.0' ],
45 silly audit   'jest-runner': [ '29.7.0' ],
45 silly audit   'jest-runtime': [ '29.7.0' ],
45 silly audit   'jest-snapshot': [ '29.7.0' ],
45 silly audit   'jest-util': [ '29.7.0' ],
45 silly audit   'jest-validate': [ '29.7.0' ],
45 silly audit   'jest-watcher': [ '29.7.0' ],
45 silly audit   'jest-worker': [ '29.7.0', '27.5.1' ],
45 silly audit   jju: [ '1.4.0' ],
45 silly audit   joycon: [ '3.1.1' ],
45 silly audit   jquery: [ '3.7.1' ],
45 silly audit   'js-beautify': [ '1.15.1' ],
45 silly audit   nopt: [ '7.2.0', '6.0.0', '5.0.0' ],
45 silly audit   'js-cookie': [ '3.0.5' ],
45 silly audit   'js-stringify': [ '1.0.2' ],
45 silly audit   'js-tokens': [ '4.0.0' ],
45 silly audit   jsesc: [ '2.5.2' ],
45 silly audit   'json-buffer': [ '3.0.1' ],
45 silly audit   'json-parse-even-better-errors': [ '2.3.1', '3.0.1' ],
45 silly audit   'json-parse-helpfulerror': [ '1.0.3' ],
45 silly audit   'json-schema-ref-resolver': [ '1.0.1' ],
45 silly audit   'json-stable-stringify-without-jsonify': [ '1.0.1' ],
45 silly audit   json5: [ '2.2.3', '1.0.2' ],
45 silly audit   jsonfile: [ '6.1.0' ],
45 silly audit   jsonlines: [ '0.1.1' ],
45 silly audit   jsonparse: [ '1.3.1' ],
45 silly audit   jstransformer: [ '1.0.0' ],
45 silly audit   'jstransformer-markdown-it': [ '3.0.0' ],
45 silly audit   keyv: [ '4.5.4' ],
45 silly audit   'kind-of': [ '6.0.3' ],
45 silly audit   kleur: [ '3.0.3', '4.1.5' ],
45 silly audit   'latest-version': [ '7.0.0' ],
45 silly audit   leven: [ '3.1.0' ],
45 silly audit   levn: [ '0.4.1' ],
45 silly audit   'light-my-request': [ '5.13.0' ],
45 silly audit   'lines-and-columns': [ '1.2.4' ],
45 silly audit   'linkify-it': [ '4.0.1' ],
45 silly audit   'loader-runner': [ '4.3.0' ],
45 silly audit   lodash: [ '4.17.21' ],
45 silly audit   'lodash.castarray': [ '4.4.0' ],
45 silly audit   'lodash.compact': [ '3.0.1' ],
45 silly audit   'lodash.isempty': [ '4.4.0' ],
45 silly audit   'lodash.merge': [ '4.6.2' ],
45 silly audit   yallist: [ '3.1.1', '4.0.0' ],
45 silly audit   'lru-queue': [ '0.1.0' ],
45 silly audit   'make-dir': [ '4.0.0' ],
45 silly audit   'make-fetch-happen': [ '11.1.1', '10.2.1', '9.1.0' ],
45 silly audit   'make-promises-safe': [ '5.1.0' ],
45 silly audit   makeerror: [ '1.0.12' ],
45 silly audit   'markdown-it': [ '13.0.2' ],
45 silly audit   mdurl: [ '1.0.1' ],
45 silly audit   'media-typer': [ '0.3.0' ],
45 silly audit   memoizee: [ '0.4.15' ],
45 silly audit   'merge-stream': [ '2.0.0' ],
45 silly audit   merge2: [ '1.4.1' ],
45 silly audit   micromatch: [ '4.0.5' ],
45 silly audit   mime: [ '3.0.0' ],
45 silly audit   'mime-db': [ '1.52.0' ],
45 silly audit   'mime-types': [ '2.1.35' ],
45 silly audit   'mimic-fn': [ '2.1.0' ],
45 silly audit   'mini-css-extract-plugin': [ '2.9.0' ],
45 silly audit   minimist: [ '1.2.6' ],
45 silly audit   'minipass-collect': [ '1.0.2' ],
45 silly audit   'minipass-fetch': [ '3.0.4', '2.1.2', '1.4.1' ],
45 silly audit   'minipass-flush': [ '1.0.5' ],
45 silly audit   'minipass-json-stream': [ '1.0.1' ],
45 silly audit   'minipass-pipeline': [ '1.2.4' ],
45 silly audit   'minipass-sized': [ '1.0.3' ],
45 silly audit   minizlib: [ '2.1.2' ],
45 silly audit   mkdirp: [ '1.0.4' ],
45 silly audit   'mkdirp-classic': [ '0.5.3' ],
45 silly audit   moment: [ '2.30.1' ],
45 silly audit   'moment-timezone': [ '0.5.45' ],
45 silly audit   mustache: [ '4.2.0' ],
45 silly audit   nanoid: [ '3.3.7' ],
45 silly audit   'napi-build-utils': [ '1.0.2' ],
45 silly audit   'natural-compare': [ '1.4.0' ],
45 silly audit   negotiator: [ '0.6.3' ],
45 silly audit   'neo-async': [ '2.6.2' ],
45 silly audit   'next-tick': [ '1.1.0' ],
45 silly audit   'node-abi': [ '3.60.0' ],
45 silly audit   'node-addon-api': [ '4.3.0', '7.1.0' ],
45 silly audit   'node-gyp': [ '9.4.1', '8.4.1' ],
45 silly audit   'node-gyp-build': [ '4.8.0' ],
45 silly audit   ssri: [ '9.0.1', '8.0.1', '10.0.5' ],
45 silly audit   'node-int64': [ '0.4.0' ],
45 silly audit   'node-releases': [ '2.0.14' ],
45 silly audit   'normalize-package-data': [ '5.0.0' ],
45 silly audit   'normalize-path': [ '3.0.0' ],
45 silly audit   'normalize-url': [ '6.1.0' ],
45 silly audit   'npm-bundled': [ '3.0.0' ],
45 silly audit   'npm-check-updates': [ '16.14.18' ],
45 silly audit   rimraf: [ '5.0.5', '3.0.2' ],
45 silly audit   'source-map-support': [ '0.5.21', '0.5.13' ],
45 silly audit   'strip-json-comments': [ '5.0.1', '2.0.1', '3.1.1' ],
45 silly audit   'npm-install-checks': [ '6.3.0' ],
45 silly audit   'npm-normalize-package-bin': [ '3.0.1' ],
45 silly audit   'npm-package-arg': [ '10.1.0' ],
45 silly audit   'npm-packlist': [ '7.0.4' ],
45 silly audit   'npm-pick-manifest': [ '8.0.2' ],
45 silly audit   'npm-registry-fetch': [ '14.0.5' ],
45 silly audit   'npm-run-path': [ '4.0.1' ],
45 silly audit   npmlog: [ '6.0.2' ],
45 silly audit   'object-assign': [ '4.1.1' ],
45 silly audit   'object-inspect': [ '1.13.1' ],
45 silly audit   'object-keys': [ '1.1.1' ],
45 silly audit   'object.assign': [ '4.1.5' ],
45 silly audit   'object.entries': [ '1.1.8' ],
45 silly audit   'object.fromentries': [ '2.0.8' ],
45 silly audit   'object.groupby': [ '1.0.3' ],
45 silly audit   'object.values': [ '1.2.0' ],
45 silly audit   objection: [ '3.1.4' ],
45 silly audit   'objection-unique': [ '1.2.2' ],
45 silly audit   'on-exit-leak-free': [ '2.1.2' ],
45 silly audit   once: [ '1.4.0' ],
45 silly audit   onetime: [ '5.1.2' ],
45 silly audit   optionator: [ '0.9.3' ],
45 silly audit   'p-cancelable': [ '3.0.0' ],
45 silly audit   'p-map': [ '4.0.0' ],
45 silly audit   'p-try': [ '2.2.0' ],
45 silly audit   'package-json': [ '8.1.0' ],
45 silly audit   pacote: [ '15.2.0' ],
45 silly audit   'parent-module': [ '1.0.1' ],
45 silly audit   'parse-github-url': [ '1.0.2' ],
45 silly audit   'parse-json': [ '5.2.0' ],
45 silly audit   'path-exists': [ '4.0.0', '3.0.0' ],
45 silly audit   'path-is-absolute': [ '1.0.1' ],
45 silly audit   'path-key': [ '3.1.1' ],
45 silly audit   'path-parse': [ '1.0.7' ],
45 silly audit   'path-scurry': [ '1.10.2' ],
45 silly audit   'path-to-regexp': [ '6.2.1' ],
45 silly audit   'path-type': [ '4.0.0' ],
45 silly audit   pg: [ '8.11.5' ],
45 silly audit   'pg-cloudflare': [ '1.1.1' ],
45 silly audit   'pg-int8': [ '1.0.1' ],
45 silly audit   'pg-pool': [ '3.6.2' ],
45 silly audit   'pg-protocol': [ '1.6.1' ],
45 silly audit   'pg-types': [ '2.2.0' ],
45 silly audit   pgpass: [ '1.0.5' ],
45 silly audit   split2: [ '4.2.0', '3.2.2' ],
45 silly audit   picocolors: [ '1.0.0' ],
45 silly audit   picomatch: [ '2.3.1' ],
45 silly audit   pino: [ '8.20.0' ],
45 silly audit   'pino-abstract-transport': [ '1.2.0' ],
45 silly audit   'pino-std-serializers': [ '6.2.2' ],
45 silly audit   pirates: [ '4.0.6' ],
45 silly audit   'pkg-dir': [ '4.2.0' ],
45 silly audit   'pkg-up': [ '3.1.0' ],
45 silly audit   'possible-typed-array-names': [ '1.0.0' ],
45 silly audit   postcss: [ '8.4.38' ],
45 silly audit   'postcss-modules-extract-imports': [ '3.1.0' ],
45 silly audit   'postcss-modules-local-by-default': [ '4.0.5' ],
45 silly audit   'postcss-modules-scope': [ '3.2.0' ],
45 silly audit   'postcss-modules-values': [ '4.0.0' ],
45 silly audit   'postcss-selector-parser': [ '6.0.16' ],
45 silly audit   'postcss-value-parser': [ '4.2.0' ],
45 silly audit   'postgres-array': [ '2.0.0' ],
45 silly audit   'postgres-bytea': [ '1.0.0' ],
45 silly audit   'postgres-date': [ '1.0.7' ],
45 silly audit   'postgres-interval': [ '1.2.0' ],
45 silly audit   'prebuild-install': [ '7.1.2' ],
45 silly audit   'prelude-ls': [ '1.2.1' ],
45 silly audit   'pretty-format': [ '29.7.0' ],
45 silly audit   'proc-log': [ '3.0.0' ],
45 silly audit   process: [ '0.11.10' ],
45 silly audit   'process-warning': [ '3.0.0' ],
45 silly audit   progress: [ '2.0.3' ],
45 silly audit   promise: [ '7.3.1' ],
45 silly audit   'promise-inflight': [ '1.0.1' ],
45 silly audit   'promise-retry': [ '2.0.1' ],
45 silly audit   prompts: [ '2.4.2' ],
45 silly audit   'prompts-ncu': [ '3.0.0' ],
45 silly audit   'proto-list': [ '1.2.4' ],
45 silly audit   'proxy-addr': [ '2.0.7' ],
45 silly audit   pug: [ '3.0.2' ],
45 silly audit   'pug-attrs': [ '3.0.0' ],
45 silly audit   'pug-code-gen': [ '3.0.2' ],
45 silly audit   'pug-error': [ '2.0.0' ],
45 silly audit   'pug-filters': [ '4.0.0' ],
45 silly audit   'pug-lexer': [ '5.0.1' ],
45 silly audit   'pug-linker': [ '4.0.0' ],
45 silly audit   'pug-load': [ '3.0.0' ],
45 silly audit   'pug-parser': [ '6.0.0' ],
45 silly audit   'pug-runtime': [ '3.0.1' ],
45 silly audit   'pug-strip-comments': [ '2.0.0' ],
45 silly audit   'pug-walk': [ '2.0.0' ],
45 silly audit   pump: [ '3.0.0' ],
45 silly audit   punycode: [ '2.1.1' ],
45 silly audit   pupa: [ '3.1.0' ],
45 silly audit   'pure-rand': [ '6.1.0' ],
45 silly audit   qs: [ '6.12.1' ],
45 silly audit   'queue-microtask': [ '1.2.3' ],
45 silly audit   'quick-format-unescaped': [ '4.0.4' ],
45 silly audit   'quick-lru': [ '5.1.1' ],
45 silly audit   randombytes: [ '2.1.0' ],
45 silly audit   rc: [ '1.2.8' ],
45 silly audit   'rc-config-loader': [ '4.1.3' ],
45 silly audit   'react-is': [ '18.2.0' ],
45 silly audit   'read-package-json': [ '6.0.4' ],
45 silly audit   'read-package-json-fast': [ '3.0.2' ],
45 silly audit   readdirp: [ '3.6.0' ],
45 silly audit   'real-require': [ '0.2.0' ],
45 silly audit   rechoir: [ '0.8.0' ],
45 silly audit   'regenerator-runtime': [ '0.14.1' ],
45 silly audit   'regexp.prototype.flags': [ '1.5.2' ],
45 silly audit   'registry-auth-token': [ '5.0.1' ],
45 silly audit   'registry-url': [ '6.0.1' ],
45 silly audit   'remote-git-tags': [ '3.0.0' ],
45 silly audit   'require-directory': [ '2.1.1' ],
45 silly audit   'require-from-string': [ '2.0.2' ],
45 silly audit   resolve: [ '1.22.8' ],
45 silly audit   'resolve-alpn': [ '1.2.1' ],
45 silly audit   'resolve-cwd': [ '3.0.0' ],
45 silly audit   'resolve.exports': [ '2.0.2' ],
45 silly audit   responselike: [ '2.0.1' ],
45 silly audit   ret: [ '0.2.2' ],
45 silly audit   retry: [ '0.12.0' ],
45 silly audit   'retry-as-promised': [ '7.0.4' ],
45 silly audit   reusify: [ '1.0.4' ],
45 silly audit   rfdc: [ '1.3.1' ],
45 silly audit   'run-parallel': [ '1.2.0' ],
45 silly audit   rxjs: [ '7.8.1' ],
45 silly audit   'safe-array-concat': [ '1.1.2' ],
45 silly audit   'safe-buffer': [ '5.2.1' ],
45 silly audit   'safe-regex-test': [ '1.0.3' ],
45 silly audit   'safe-regex2': [ '2.0.0' ],
45 silly audit   'safe-stable-stringify': [ '2.4.3' ],
45 silly audit   'safer-buffer': [ '2.1.2' ],
45 silly audit   'schema-utils': [ '4.0.0', '3.3.0' ],
45 silly audit   'secure-json-parse': [ '2.7.0' ],
45 silly audit   'semver-diff': [ '4.0.0' ],
45 silly audit   'semver-utils': [ '1.1.4' ],
45 silly audit   sequelize: [ '6.37.3' ],
45 silly audit   'sequelize-cli': [ '6.6.2' ],
45 silly audit   yargs: [ '16.2.0', '17.7.2' ],
45 silly audit   'yargs-parser': [ '20.2.9', '21.1.1' ],
45 silly audit   'sequelize-pool': [ '7.1.0' ],
45 silly audit   'serialize-javascript': [ '6.0.2' ],
45 silly audit   'set-blocking': [ '2.0.0' ],
45 silly audit   'set-cookie-parser': [ '2.6.0' ],
45 silly audit   'set-function-length': [ '1.2.2' ],
45 silly audit   'set-function-name': [ '2.0.2' ],
45 silly audit   setprototypeof: [ '1.2.0' ],
45 silly audit   'shallow-clone': [ '3.0.1' ],
45 silly audit   'shebang-command': [ '2.0.0' ],
45 silly audit   'shebang-regex': [ '3.0.0' ],
45 silly audit   'shell-quote': [ '1.8.1' ],
45 silly audit   'side-channel': [ '1.0.6' ],
45 silly audit   sigstore: [ '1.9.0' ],
45 silly audit   'simple-concat': [ '1.0.1' ],
45 silly audit   'simple-get': [ '4.0.1' ],
45 silly audit   sisteransi: [ '1.0.5' ],
45 silly audit   slash: [ '3.0.0' ],
45 silly audit   'smart-buffer': [ '4.2.0' ],
45 silly audit   socks: [ '2.7.0' ],
45 silly audit   'socks-proxy-agent': [ '7.0.0', '6.2.1' ],
45 silly audit   'sodium-native': [ '4.1.1' ],
45 silly audit   'sonic-boom': [ '3.8.1' ],
45 silly audit   'source-map': [ '0.6.1' ],
45 silly audit   'source-map-js': [ '1.2.0' ],
45 silly audit   'spawn-command': [ '0.0.2' ],
45 silly audit   'spawn-please': [ '2.0.2' ],
45 silly audit   'spdx-correct': [ '3.2.0' ],
45 silly audit   'spdx-exceptions': [ '2.5.0' ],
45 silly audit   'spdx-expression-parse': [ '3.0.1' ],
45 silly audit   'spdx-license-ids': [ '3.0.17' ],
45 silly audit   'sprintf-js': [ '1.0.3' ],
45 silly audit   sqlite3: [ '5.1.7' ],
45 silly audit   'stack-trace': [ '0.0.10' ],
45 silly audit   'stack-utils': [ '2.0.6' ],
45 silly audit   statuses: [ '2.0.1' ],
45 silly audit   string_decoder: [ '1.3.0' ],
45 silly audit   'string-length': [ '4.0.2' ],
45 silly audit   'string.prototype.trim': [ '1.2.9' ],
45 silly audit   'string.prototype.trimend': [ '1.0.8' ],
45 silly audit   'string.prototype.trimstart': [ '1.0.8' ],
45 silly audit   'strip-bom': [ '4.0.0', '3.0.0' ],
45 silly audit   'strip-final-newline': [ '2.0.0' ],
45 silly audit   'style-loader': [ '4.0.0' ],
45 silly audit   'supports-preserve-symlinks-flag': [ '1.0.0' ],
45 silly audit   tapable: [ '2.2.1' ],
45 silly audit   tar: [ '6.1.11' ],
45 silly audit   'tar-fs': [ '2.1.1' ],
45 silly audit   'tar-stream': [ '2.2.0' ],
45 silly audit   tarn: [ '3.0.2' ],
45 silly audit   terser: [ '5.30.4' ],
45 silly audit   'terser-webpack-plugin': [ '5.3.10' ],
45 silly audit   'test-exclude': [ '6.0.0' ],
45 silly audit   'text-table': [ '0.2.0' ],
45 silly audit   'thread-stream': [ '2.6.0' ],
45 silly audit   tildify: [ '2.0.0' ],
45 silly audit   'timers-ext': [ '0.1.7' ],
45 silly audit   tmpl: [ '1.0.5' ],
45 silly audit   'to-fast-properties': [ '2.0.0' ],
45 silly audit   'to-regex-range': [ '5.0.1' ],
45 silly audit   'toad-cache': [ '3.7.0' ],
45 silly audit   toidentifier: [ '1.0.1' ],
45 silly audit   'token-stream': [ '1.0.0' ],
45 silly audit   'toposort-class': [ '1.0.1' ],
45 silly audit   'tree-kill': [ '1.2.2' ],
45 silly audit   'tsconfig-paths': [ '3.15.0' ],
45 silly audit   tslib: [ '2.6.2' ],
45 silly audit   'tuf-js': [ '1.1.7' ],
45 silly audit   'tunnel-agent': [ '0.6.0' ],
45 silly audit   type: [ '2.7.2' ],
45 silly audit   'type-check': [ '0.4.0' ],
45 silly audit   'type-detect': [ '4.0.8' ],
45 silly audit   'type-is': [ '1.6.18' ],
45 silly audit   'typed-array-buffer': [ '1.0.2' ],
45 silly audit   'typed-array-byte-length': [ '1.0.1' ],
45 silly audit   'typed-array-byte-offset': [ '1.0.2' ],
45 silly audit   'typed-array-length': [ '1.0.6' ],
45 silly audit   'typedarray-to-buffer': [ '3.1.5' ],
45 silly audit   'uc.micro': [ '1.0.6' ],
45 silly audit   umzug: [ '2.3.0' ],
45 silly audit   'unbox-primitive': [ '1.0.2' ],
45 silly audit   'undici-types': [ '5.26.5' ],
45 silly audit   'unique-string': [ '3.0.0' ],
45 silly audit   universalify: [ '2.0.1' ],
45 silly audit   untildify: [ '4.0.0' ],
45 silly audit   'update-browserslist-db': [ '1.0.13' ],
45 silly audit   'update-notifier': [ '6.0.2' ],
45 silly audit   'uri-js': [ '4.4.1' ],
45 silly audit   'util-deprecate': [ '1.0.2' ],
45 silly audit   uuid: [ '8.3.2' ],
45 silly audit   'v8-to-istanbul': [ '9.2.0' ],
45 silly audit   'validate-npm-package-license': [ '3.0.4' ],
45 silly audit   'validate-npm-package-name': [ '5.0.0' ],
45 silly audit   validator: [ '13.11.0' ],
45 silly audit   vary: [ '1.1.2' ],
45 silly audit   'void-elements': [ '3.1.0' ],
45 silly audit   walker: [ '1.0.8' ],
45 silly audit   watchpack: [ '2.4.1' ],
45 silly audit   webpack: [ '5.91.0' ],
45 silly audit   'webpack-cli': [ '5.1.4' ],
45 silly audit   'webpack-merge': [ '5.8.0' ],
45 silly audit   'webpack-sources': [ '3.2.3' ],
45 silly audit   'which-boxed-primitive': [ '1.0.2' ],
45 silly audit   'which-typed-array': [ '1.1.15' ],
45 silly audit   'wide-align': [ '1.1.5' ],
45 silly audit   'widest-line': [ '4.0.1' ],
45 silly audit   wildcard: [ '2.0.0' ],
45 silly audit   with: [ '7.0.2' ],
45 silly audit   wkx: [ '0.5.0' ],
45 silly audit   wrappy: [ '1.0.2' ],
45 silly audit   'xdg-basedir': [ '5.1.0' ],
45 silly audit   xtend: [ '4.0.2' ],
45 silly audit   y18n: [ '5.0.8' ],
45 silly audit   'yocto-queue': [ '0.1.0' ],
45 silly audit   youch: [ '2.2.2' ]
45 silly audit }
46 verbose reify failed optional dependency /root/node_modules/fsevents
47 silly reify mark deleted [ '/root/node_modules/fsevents' ]
48 timing reifyNode:node_modules/fsevents Completed in 269ms
49 silly tarball no local data for youch@https://registry.npmjs.org/youch/-/youch-2.2.2.tgz. Extracting by manifest.
50 silly tarball no local data for yocto-queue@https://registry.npmjs.org/yocto-queue/-/yocto-queue-0.1.0.tgz. Extracting by manifest.
51 silly tarball no local data for yargs-parser@https://registry.npmjs.org/yargs-parser/-/yargs-parser-21.1.1.tgz. Extracting by manifest.
52 silly tarball no local data for yargs@https://registry.npmjs.org/yargs/-/yargs-17.7.2.tgz. Extracting by manifest.
53 silly tarball no local data for y18n@https://registry.npmjs.org/y18n/-/y18n-5.0.8.tgz. Extracting by manifest.
54 silly tarball no local data for yallist@https://registry.npmjs.org/yallist/-/yallist-4.0.0.tgz. Extracting by manifest.
55 silly tarball no local data for xtend@https://registry.npmjs.org/xtend/-/xtend-4.0.2.tgz. Extracting by manifest.
56 silly tarball no local data for xdg-basedir@https://registry.npmjs.org/xdg-basedir/-/xdg-basedir-5.1.0.tgz. Extracting by manifest.
57 silly tarball no local data for write-file-atomic@https://registry.npmjs.org/write-file-atomic/-/write-file-atomic-4.0.2.tgz. Extracting by manifest.
58 silly tarball no local data for wrappy@https://registry.npmjs.org/wrappy/-/wrappy-1.0.2.tgz. Extracting by manifest.
59 silly tarball no local data for wrap-ansi-cjs@https://registry.npmjs.org/wrap-ansi/-/wrap-ansi-7.0.0.tgz. Extracting by manifest.
60 silly tarball no local data for wrap-ansi@https://registry.npmjs.org/wrap-ansi/-/wrap-ansi-8.1.0.tgz. Extracting by manifest.
61 silly tarball no local data for wkx@https://registry.npmjs.org/wkx/-/wkx-0.5.0.tgz. Extracting by manifest.
62 silly tarball no local data for with@https://registry.npmjs.org/with/-/with-7.0.2.tgz. Extracting by manifest.
63 silly tarball no local data for wildcard@https://registry.npmjs.org/wildcard/-/wildcard-2.0.0.tgz. Extracting by manifest.
64 silly tarball no local data for widest-line@https://registry.npmjs.org/widest-line/-/widest-line-4.0.1.tgz. Extracting by manifest.
65 silly tarball no local data for wide-align@https://registry.npmjs.org/wide-align/-/wide-align-1.1.5.tgz. Extracting by manifest.
66 silly tarball no local data for which-typed-array@https://registry.npmjs.org/which-typed-array/-/which-typed-array-1.1.15.tgz. Extracting by manifest.
67 silly tarball no local data for which-boxed-primitive@https://registry.npmjs.org/which-boxed-primitive/-/which-boxed-primitive-1.0.2.tgz. Extracting by manifest.
68 silly tarball no local data for which@https://registry.npmjs.org/which/-/which-2.0.2.tgz. Extracting by manifest.
69 silly tarball no local data for webpack-sources@https://registry.npmjs.org/webpack-sources/-/webpack-sources-3.2.3.tgz. Extracting by manifest.
70 silly tarball no local data for webpack-merge@https://registry.npmjs.org/webpack-merge/-/webpack-merge-5.8.0.tgz. Extracting by manifest.
71 silly tarball no local data for webpack-cli@https://registry.npmjs.org/webpack-cli/-/webpack-cli-5.1.4.tgz. Extracting by manifest.
72 silly tarball no local data for webpack@https://registry.npmjs.org/webpack/-/webpack-5.91.0.tgz. Extracting by manifest.
73 silly tarball no local data for watchpack@https://registry.npmjs.org/watchpack/-/watchpack-2.4.1.tgz. Extracting by manifest.
74 silly tarball no local data for walker@https://registry.npmjs.org/walker/-/walker-1.0.8.tgz. Extracting by manifest.
75 silly tarball no local data for void-elements@https://registry.npmjs.org/void-elements/-/void-elements-3.1.0.tgz. Extracting by manifest.
76 silly tarball no local data for vary@https://registry.npmjs.org/vary/-/vary-1.1.2.tgz. Extracting by manifest.
77 silly tarball no local data for validator@https://registry.npmjs.org/validator/-/validator-13.11.0.tgz. Extracting by manifest.
78 silly tarball no local data for validate-npm-package-license@https://registry.npmjs.org/validate-npm-package-license/-/validate-npm-package-license-3.0.4.tgz. Extracting by manifest.
79 silly tarball no local data for v8-to-istanbul@https://registry.npmjs.org/v8-to-istanbul/-/v8-to-istanbul-9.2.0.tgz. Extracting by manifest.
80 silly tarball no local data for uuid@https://registry.npmjs.org/uuid/-/uuid-8.3.2.tgz. Extracting by manifest.
81 silly tarball no local data for util-deprecate@https://registry.npmjs.org/util-deprecate/-/util-deprecate-1.0.2.tgz. Extracting by manifest.
82 silly tarball no local data for uri-js@https://registry.npmjs.org/uri-js/-/uri-js-4.4.1.tgz. Extracting by manifest.
83 silly tarball no local data for update-notifier@https://registry.npmjs.org/update-notifier/-/update-notifier-6.0.2.tgz. Extracting by manifest.
84 silly tarball no local data for update-browserslist-db@https://registry.npmjs.org/update-browserslist-db/-/update-browserslist-db-1.0.13.tgz. Extracting by manifest.
85 silly tarball no local data for untildify@https://registry.npmjs.org/untildify/-/untildify-4.0.0.tgz. Extracting by manifest.
86 silly tarball no local data for universalify@https://registry.npmjs.org/universalify/-/universalify-2.0.1.tgz. Extracting by manifest.
87 silly tarball no local data for unique-string@https://registry.npmjs.org/unique-string/-/unique-string-3.0.0.tgz. Extracting by manifest.
88 silly tarball no local data for unique-slug@https://registry.npmjs.org/unique-slug/-/unique-slug-2.0.2.tgz. Extracting by manifest.
89 silly tarball no local data for unique-filename@https://registry.npmjs.org/unique-filename/-/unique-filename-1.1.1.tgz. Extracting by manifest.
90 silly tarball no local data for undici-types@https://registry.npmjs.org/undici-types/-/undici-types-5.26.5.tgz. Extracting by manifest.
91 silly tarball no local data for unbox-primitive@https://registry.npmjs.org/unbox-primitive/-/unbox-primitive-1.0.2.tgz. Extracting by manifest.
92 silly tarball no local data for umzug@https://registry.npmjs.org/umzug/-/umzug-2.3.0.tgz. Extracting by manifest.
93 silly tarball no local data for uc.micro@https://registry.npmjs.org/uc.micro/-/uc.micro-1.0.6.tgz. Extracting by manifest.
94 silly tarball no local data for typedarray-to-buffer@https://registry.npmjs.org/typedarray-to-buffer/-/typedarray-to-buffer-3.1.5.tgz. Extracting by manifest.
95 silly tarball no local data for typed-array-length@https://registry.npmjs.org/typed-array-length/-/typed-array-length-1.0.6.tgz. Extracting by manifest.
96 silly tarball no local data for typed-array-byte-offset@https://registry.npmjs.org/typed-array-byte-offset/-/typed-array-byte-offset-1.0.2.tgz. Extracting by manifest.
97 silly tarball no local data for typed-array-byte-length@https://registry.npmjs.org/typed-array-byte-length/-/typed-array-byte-length-1.0.1.tgz. Extracting by manifest.
98 silly tarball no local data for typed-array-buffer@https://registry.npmjs.org/typed-array-buffer/-/typed-array-buffer-1.0.2.tgz. Extracting by manifest.
99 silly tarball no local data for type-is@https://registry.npmjs.org/type-is/-/type-is-1.6.18.tgz. Extracting by manifest.
100 silly tarball no local data for type-fest@https://registry.npmjs.org/type-fest/-/type-fest-0.20.2.tgz. Extracting by manifest.
101 silly tarball no local data for type-detect@https://registry.npmjs.org/type-detect/-/type-detect-4.0.8.tgz. Extracting by manifest.
102 silly tarball no local data for type-check@https://registry.npmjs.org/type-check/-/type-check-0.4.0.tgz. Extracting by manifest.
103 silly tarball no local data for type@https://registry.npmjs.org/type/-/type-2.7.2.tgz. Extracting by manifest.
104 silly tarball no local data for tunnel-agent@https://registry.npmjs.org/tunnel-agent/-/tunnel-agent-0.6.0.tgz. Extracting by manifest.
105 silly tarball no local data for tuf-js@https://registry.npmjs.org/tuf-js/-/tuf-js-1.1.7.tgz. Extracting by manifest.
106 silly tarball no local data for tslib@https://registry.npmjs.org/tslib/-/tslib-2.6.2.tgz. Extracting by manifest.
107 silly tarball no local data for tsconfig-paths@https://registry.npmjs.org/tsconfig-paths/-/tsconfig-paths-3.15.0.tgz. Extracting by manifest.
108 silly tarball no local data for tree-kill@https://registry.npmjs.org/tree-kill/-/tree-kill-1.2.2.tgz. Extracting by manifest.
109 silly tarball no local data for toposort-class@https://registry.npmjs.org/toposort-class/-/toposort-class-1.0.1.tgz. Extracting by manifest.
110 silly tarball no local data for token-stream@https://registry.npmjs.org/token-stream/-/token-stream-1.0.0.tgz. Extracting by manifest.
111 silly tarball no local data for toidentifier@https://registry.npmjs.org/toidentifier/-/toidentifier-1.0.1.tgz. Extracting by manifest.
112 silly tarball no local data for toad-cache@https://registry.npmjs.org/toad-cache/-/toad-cache-3.7.0.tgz. Extracting by manifest.
113 silly tarball no local data for to-regex-range@https://registry.npmjs.org/to-regex-range/-/to-regex-range-5.0.1.tgz. Extracting by manifest.
114 silly tarball no local data for to-fast-properties@https://registry.npmjs.org/to-fast-properties/-/to-fast-properties-2.0.0.tgz. Extracting by manifest.
115 silly tarball no local data for tmpl@https://registry.npmjs.org/tmpl/-/tmpl-1.0.5.tgz. Extracting by manifest.
116 silly tarball no local data for timers-ext@https://registry.npmjs.org/timers-ext/-/timers-ext-0.1.7.tgz. Extracting by manifest.
117 silly tarball no local data for tildify@https://registry.npmjs.org/tildify/-/tildify-2.0.0.tgz. Extracting by manifest.
118 silly tarball no local data for thread-stream@https://registry.npmjs.org/thread-stream/-/thread-stream-2.6.0.tgz. Extracting by manifest.
119 silly tarball no local data for text-table@https://registry.npmjs.org/text-table/-/text-table-0.2.0.tgz. Extracting by manifest.
120 silly tarball no local data for test-exclude@https://registry.npmjs.org/test-exclude/-/test-exclude-6.0.0.tgz. Extracting by manifest.
121 silly tarball no local data for terser-webpack-plugin@https://registry.npmjs.org/terser-webpack-plugin/-/terser-webpack-plugin-5.3.10.tgz. Extracting by manifest.
122 silly tarball no local data for terser@https://registry.npmjs.org/terser/-/terser-5.30.4.tgz. Extracting by manifest.
123 silly tarball no local data for tarn@https://registry.npmjs.org/tarn/-/tarn-3.0.2.tgz. Extracting by manifest.
124 silly tarball no local data for tar-stream@https://registry.npmjs.org/tar-stream/-/tar-stream-2.2.0.tgz. Extracting by manifest.
125 silly tarball no local data for tar-fs@https://registry.npmjs.org/tar-fs/-/tar-fs-2.1.1.tgz. Extracting by manifest.
126 silly tarball no local data for tar@https://registry.npmjs.org/tar/-/tar-6.1.11.tgz. Extracting by manifest.
127 silly tarball no local data for tapable@https://registry.npmjs.org/tapable/-/tapable-2.2.1.tgz. Extracting by manifest.
128 silly tarball no local data for supports-preserve-symlinks-flag@https://registry.npmjs.org/supports-preserve-symlinks-flag/-/supports-preserve-symlinks-flag-1.0.0.tgz. Extracting by manifest.
129 silly tarball no local data for supports-color@https://registry.npmjs.org/supports-color/-/supports-color-7.2.0.tgz. Extracting by manifest.
130 silly tarball no local data for style-loader@https://registry.npmjs.org/style-loader/-/style-loader-4.0.0.tgz. Extracting by manifest.
131 silly tarball no local data for strip-json-comments@https://registry.npmjs.org/strip-json-comments/-/strip-json-comments-3.1.1.tgz. Extracting by manifest.
132 silly tarball no local data for strip-final-newline@https://registry.npmjs.org/strip-final-newline/-/strip-final-newline-2.0.0.tgz. Extracting by manifest.
133 silly tarball no local data for strip-bom@https://registry.npmjs.org/strip-bom/-/strip-bom-4.0.0.tgz. Extracting by manifest.
134 silly tarball no local data for strip-ansi-cjs@https://registry.npmjs.org/strip-ansi/-/strip-ansi-6.0.1.tgz. Extracting by manifest.
135 silly tarball no local data for strip-ansi@https://registry.npmjs.org/strip-ansi/-/strip-ansi-6.0.1.tgz. Extracting by manifest.
136 silly tarball no local data for string.prototype.trimstart@https://registry.npmjs.org/string.prototype.trimstart/-/string.prototype.trimstart-1.0.8.tgz. Extracting by manifest.
137 silly tarball no local data for string.prototype.trimend@https://registry.npmjs.org/string.prototype.trimend/-/string.prototype.trimend-1.0.8.tgz. Extracting by manifest.
138 silly tarball no local data for string.prototype.trim@https://registry.npmjs.org/string.prototype.trim/-/string.prototype.trim-1.2.9.tgz. Extracting by manifest.
139 silly tarball no local data for string-width-cjs@https://registry.npmjs.org/string-width/-/string-width-4.2.3.tgz. Extracting by manifest.
140 silly tarball no local data for string-width@https://registry.npmjs.org/string-width/-/string-width-4.2.3.tgz. Extracting by manifest.
141 silly tarball no local data for string-length@https://registry.npmjs.org/string-length/-/string-length-4.0.2.tgz. Extracting by manifest.
142 silly tarball no local data for string_decoder@https://registry.npmjs.org/string_decoder/-/string_decoder-1.3.0.tgz. Extracting by manifest.
143 silly tarball no local data for statuses@https://registry.npmjs.org/statuses/-/statuses-2.0.1.tgz. Extracting by manifest.
144 silly tarball no local data for stack-utils@https://registry.npmjs.org/stack-utils/-/stack-utils-2.0.6.tgz. Extracting by manifest.
145 silly tarball no local data for stack-trace@https://registry.npmjs.org/stack-trace/-/stack-trace-0.0.10.tgz. Extracting by manifest.
146 silly tarball no local data for sqlite3@https://registry.npmjs.org/sqlite3/-/sqlite3-5.1.7.tgz. Extracting by manifest.
147 silly tarball no local data for ssri@https://registry.npmjs.org/ssri/-/ssri-10.0.5.tgz. Extracting by manifest.
148 silly tarball no local data for sprintf-js@https://registry.npmjs.org/sprintf-js/-/sprintf-js-1.0.3.tgz. Extracting by manifest.
149 silly tarball no local data for split2@https://registry.npmjs.org/split2/-/split2-3.2.2.tgz. Extracting by manifest.
150 silly tarball no local data for spdx-license-ids@https://registry.npmjs.org/spdx-license-ids/-/spdx-license-ids-3.0.17.tgz. Extracting by manifest.
151 silly tarball no local data for spdx-expression-parse@https://registry.npmjs.org/spdx-expression-parse/-/spdx-expression-parse-3.0.1.tgz. Extracting by manifest.
152 silly tarball no local data for spdx-exceptions@https://registry.npmjs.org/spdx-exceptions/-/spdx-exceptions-2.5.0.tgz. Extracting by manifest.
153 silly tarball no local data for spdx-correct@https://registry.npmjs.org/spdx-correct/-/spdx-correct-3.2.0.tgz. Extracting by manifest.
154 silly tarball no local data for spawn-please@https://registry.npmjs.org/spawn-please/-/spawn-please-2.0.2.tgz. Extracting by manifest.
155 silly tarball no local data for spawn-command@https://registry.npmjs.org/spawn-command/-/spawn-command-0.0.2.tgz. Extracting by manifest.
156 silly tarball no local data for source-map-support@https://registry.npmjs.org/source-map-support/-/source-map-support-0.5.13.tgz. Extracting by manifest.
157 silly tarball no local data for source-map-js@https://registry.npmjs.org/source-map-js/-/source-map-js-1.2.0.tgz. Extracting by manifest.
158 silly tarball no local data for source-map@https://registry.npmjs.org/source-map/-/source-map-0.6.1.tgz. Extracting by manifest.
159 silly tarball no local data for sonic-boom@https://registry.npmjs.org/sonic-boom/-/sonic-boom-3.8.1.tgz. Extracting by manifest.
160 silly tarball no local data for sodium-native@https://registry.npmjs.org/sodium-native/-/sodium-native-4.1.1.tgz. Extracting by manifest.
161 silly tarball no local data for socks-proxy-agent@https://registry.npmjs.org/socks-proxy-agent/-/socks-proxy-agent-7.0.0.tgz. Extracting by manifest.
162 silly tarball no local data for socks@https://registry.npmjs.org/socks/-/socks-2.7.0.tgz. Extracting by manifest.
163 silly tarball no local data for smart-buffer@https://registry.npmjs.org/smart-buffer/-/smart-buffer-4.2.0.tgz. Extracting by manifest.
164 silly tarball no local data for slash@https://registry.npmjs.org/slash/-/slash-3.0.0.tgz. Extracting by manifest.
165 silly tarball no local data for sisteransi@https://registry.npmjs.org/sisteransi/-/sisteransi-1.0.5.tgz. Extracting by manifest.
166 silly tarball no local data for simple-get@https://registry.npmjs.org/simple-get/-/simple-get-4.0.1.tgz. Extracting by manifest.
167 silly tarball no local data for simple-concat@https://registry.npmjs.org/simple-concat/-/simple-concat-1.0.1.tgz. Extracting by manifest.
168 silly tarball no local data for sigstore@https://registry.npmjs.org/sigstore/-/sigstore-1.9.0.tgz. Extracting by manifest.
169 silly tarball no local data for signal-exit@https://registry.npmjs.org/signal-exit/-/signal-exit-3.0.7.tgz. Extracting by manifest.
170 silly tarball no local data for side-channel@https://registry.npmjs.org/side-channel/-/side-channel-1.0.6.tgz. Extracting by manifest.
171 silly tarball no local data for shell-quote@https://registry.npmjs.org/shell-quote/-/shell-quote-1.8.1.tgz. Extracting by manifest.
172 silly tarball no local data for shebang-regex@https://registry.npmjs.org/shebang-regex/-/shebang-regex-3.0.0.tgz. Extracting by manifest.
173 silly tarball no local data for shebang-command@https://registry.npmjs.org/shebang-command/-/shebang-command-2.0.0.tgz. Extracting by manifest.
174 silly tarball no local data for shallow-clone@https://registry.npmjs.org/shallow-clone/-/shallow-clone-3.0.1.tgz. Extracting by manifest.
175 silly tarball no local data for setprototypeof@https://registry.npmjs.org/setprototypeof/-/setprototypeof-1.2.0.tgz. Extracting by manifest.
176 silly tarball no local data for set-function-name@https://registry.npmjs.org/set-function-name/-/set-function-name-2.0.2.tgz. Extracting by manifest.
177 silly tarball no local data for set-function-length@https://registry.npmjs.org/set-function-length/-/set-function-length-1.2.2.tgz. Extracting by manifest.
178 silly tarball no local data for set-cookie-parser@https://registry.npmjs.org/set-cookie-parser/-/set-cookie-parser-2.6.0.tgz. Extracting by manifest.
179 silly tarball no local data for set-blocking@https://registry.npmjs.org/set-blocking/-/set-blocking-2.0.0.tgz. Extracting by manifest.
180 silly tarball no local data for serialize-javascript@https://registry.npmjs.org/serialize-javascript/-/serialize-javascript-6.0.2.tgz. Extracting by manifest.
181 silly tarball no local data for sequelize-pool@https://registry.npmjs.org/sequelize-pool/-/sequelize-pool-7.1.0.tgz. Extracting by manifest.
182 silly tarball no local data for sequelize-cli@https://registry.npmjs.org/sequelize-cli/-/sequelize-cli-6.6.2.tgz. Extracting by manifest.
183 silly tarball no local data for sequelize@https://registry.npmjs.org/sequelize/-/sequelize-6.37.3.tgz. Extracting by manifest.
184 silly tarball no local data for semver-utils@https://registry.npmjs.org/semver-utils/-/semver-utils-1.1.4.tgz. Extracting by manifest.
185 silly tarball no local data for semver-diff@https://registry.npmjs.org/semver-diff/-/semver-diff-4.0.0.tgz. Extracting by manifest.
186 silly tarball no local data for semver@https://registry.npmjs.org/semver/-/semver-7.6.0.tgz. Extracting by manifest.
187 silly tarball no local data for secure-json-parse@https://registry.npmjs.org/secure-json-parse/-/secure-json-parse-2.7.0.tgz. Extracting by manifest.
188 silly tarball no local data for schema-utils@https://registry.npmjs.org/schema-utils/-/schema-utils-4.0.0.tgz. Extracting by manifest.
189 silly tarball no local data for safer-buffer@https://registry.npmjs.org/safer-buffer/-/safer-buffer-2.1.2.tgz. Extracting by manifest.
190 silly tarball no local data for safe-stable-stringify@https://registry.npmjs.org/safe-stable-stringify/-/safe-stable-stringify-2.4.3.tgz. Extracting by manifest.
191 silly tarball no local data for safe-regex2@https://registry.npmjs.org/safe-regex2/-/safe-regex2-2.0.0.tgz. Extracting by manifest.
192 silly tarball no local data for safe-regex-test@https://registry.npmjs.org/safe-regex-test/-/safe-regex-test-1.0.3.tgz. Extracting by manifest.
193 silly tarball no local data for safe-buffer@https://registry.npmjs.org/safe-buffer/-/safe-buffer-5.2.1.tgz. Extracting by manifest.
194 silly tarball no local data for safe-array-concat@https://registry.npmjs.org/safe-array-concat/-/safe-array-concat-1.1.2.tgz. Extracting by manifest.
195 silly tarball no local data for rxjs@https://registry.npmjs.org/rxjs/-/rxjs-7.8.1.tgz. Extracting by manifest.
196 silly tarball no local data for run-parallel@https://registry.npmjs.org/run-parallel/-/run-parallel-1.2.0.tgz. Extracting by manifest.
197 silly tarball no local data for rimraf@https://registry.npmjs.org/rimraf/-/rimraf-3.0.2.tgz. Extracting by manifest.
198 silly tarball no local data for rfdc@https://registry.npmjs.org/rfdc/-/rfdc-1.3.1.tgz. Extracting by manifest.
199 silly tarball no local data for reusify@https://registry.npmjs.org/reusify/-/reusify-1.0.4.tgz. Extracting by manifest.
200 silly tarball no local data for retry-as-promised@https://registry.npmjs.org/retry-as-promised/-/retry-as-promised-7.0.4.tgz. Extracting by manifest.
201 silly tarball no local data for retry@https://registry.npmjs.org/retry/-/retry-0.12.0.tgz. Extracting by manifest.
202 silly tarball no local data for ret@https://registry.npmjs.org/ret/-/ret-0.2.2.tgz. Extracting by manifest.
203 silly tarball no local data for responselike@https://registry.npmjs.org/responselike/-/responselike-2.0.1.tgz. Extracting by manifest.
204 silly tarball no local data for resolve.exports@https://registry.npmjs.org/resolve.exports/-/resolve.exports-2.0.2.tgz. Extracting by manifest.
205 silly tarball no local data for resolve-from@https://registry.npmjs.org/resolve-from/-/resolve-from-5.0.0.tgz. Extracting by manifest.
206 silly tarball no local data for resolve-cwd@https://registry.npmjs.org/resolve-cwd/-/resolve-cwd-3.0.0.tgz. Extracting by manifest.
207 silly tarball no local data for resolve-alpn@https://registry.npmjs.org/resolve-alpn/-/resolve-alpn-1.2.1.tgz. Extracting by manifest.
208 silly tarball no local data for resolve@https://registry.npmjs.org/resolve/-/resolve-1.22.8.tgz. Extracting by manifest.
209 silly tarball no local data for require-from-string@https://registry.npmjs.org/require-from-string/-/require-from-string-2.0.2.tgz. Extracting by manifest.
210 silly tarball no local data for require-directory@https://registry.npmjs.org/require-directory/-/require-directory-2.1.1.tgz. Extracting by manifest.
211 silly tarball no local data for remote-git-tags@https://registry.npmjs.org/remote-git-tags/-/remote-git-tags-3.0.0.tgz. Extracting by manifest.
212 silly tarball no local data for registry-url@https://registry.npmjs.org/registry-url/-/registry-url-6.0.1.tgz. Extracting by manifest.
213 silly tarball no local data for registry-auth-token@https://registry.npmjs.org/registry-auth-token/-/registry-auth-token-5.0.1.tgz. Extracting by manifest.
214 silly tarball no local data for regexp.prototype.flags@https://registry.npmjs.org/regexp.prototype.flags/-/regexp.prototype.flags-1.5.2.tgz. Extracting by manifest.
215 silly tarball no local data for regenerator-runtime@https://registry.npmjs.org/regenerator-runtime/-/regenerator-runtime-0.14.1.tgz. Extracting by manifest.
216 silly tarball no local data for rechoir@https://registry.npmjs.org/rechoir/-/rechoir-0.8.0.tgz. Extracting by manifest.
217 silly tarball no local data for real-require@https://registry.npmjs.org/real-require/-/real-require-0.2.0.tgz. Extracting by manifest.
218 silly tarball no local data for readdirp@https://registry.npmjs.org/readdirp/-/readdirp-3.6.0.tgz. Extracting by manifest.
219 silly tarball no local data for readable-stream@https://registry.npmjs.org/readable-stream/-/readable-stream-3.6.2.tgz. Extracting by manifest.
220 silly tarball no local data for read-package-json-fast@https://registry.npmjs.org/read-package-json-fast/-/read-package-json-fast-3.0.2.tgz. Extracting by manifest.
221 silly tarball no local data for read-package-json@https://registry.npmjs.org/read-package-json/-/read-package-json-6.0.4.tgz. Extracting by manifest.
222 silly tarball no local data for react-is@https://registry.npmjs.org/react-is/-/react-is-18.2.0.tgz. Extracting by manifest.
223 silly tarball no local data for rc-config-loader@https://registry.npmjs.org/rc-config-loader/-/rc-config-loader-4.1.3.tgz. Extracting by manifest.
224 silly tarball no local data for rc@https://registry.npmjs.org/rc/-/rc-1.2.8.tgz. Extracting by manifest.
225 silly tarball no local data for randombytes@https://registry.npmjs.org/randombytes/-/randombytes-2.1.0.tgz. Extracting by manifest.
226 silly tarball no local data for quick-lru@https://registry.npmjs.org/quick-lru/-/quick-lru-5.1.1.tgz. Extracting by manifest.
227 silly tarball no local data for quick-format-unescaped@https://registry.npmjs.org/quick-format-unescaped/-/quick-format-unescaped-4.0.4.tgz. Extracting by manifest.
228 silly tarball no local data for queue-microtask@https://registry.npmjs.org/queue-microtask/-/queue-microtask-1.2.3.tgz. Extracting by manifest.
229 silly tarball no local data for qs@https://registry.npmjs.org/qs/-/qs-6.12.1.tgz. Extracting by manifest.
230 silly tarball no local data for pure-rand@https://registry.npmjs.org/pure-rand/-/pure-rand-6.1.0.tgz. Extracting by manifest.
231 silly tarball no local data for pupa@https://registry.npmjs.org/pupa/-/pupa-3.1.0.tgz. Extracting by manifest.
232 silly tarball no local data for punycode@https://registry.npmjs.org/punycode/-/punycode-2.1.1.tgz. Extracting by manifest.
233 silly tarball no local data for pump@https://registry.npmjs.org/pump/-/pump-3.0.0.tgz. Extracting by manifest.
234 silly tarball no local data for pug-walk@https://registry.npmjs.org/pug-walk/-/pug-walk-2.0.0.tgz. Extracting by manifest.
235 silly tarball no local data for pug-strip-comments@https://registry.npmjs.org/pug-strip-comments/-/pug-strip-comments-2.0.0.tgz. Extracting by manifest.
236 silly tarball no local data for pug-runtime@https://registry.npmjs.org/pug-runtime/-/pug-runtime-3.0.1.tgz. Extracting by manifest.
237 silly tarball no local data for pug-parser@https://registry.npmjs.org/pug-parser/-/pug-parser-6.0.0.tgz. Extracting by manifest.
238 silly tarball no local data for pug-load@https://registry.npmjs.org/pug-load/-/pug-load-3.0.0.tgz. Extracting by manifest.
239 silly tarball no local data for pug-linker@https://registry.npmjs.org/pug-linker/-/pug-linker-4.0.0.tgz. Extracting by manifest.
240 silly tarball no local data for pug-lexer@https://registry.npmjs.org/pug-lexer/-/pug-lexer-5.0.1.tgz. Extracting by manifest.
241 silly tarball no local data for pug-filters@https://registry.npmjs.org/pug-filters/-/pug-filters-4.0.0.tgz. Extracting by manifest.
242 silly tarball no local data for pug-error@https://registry.npmjs.org/pug-error/-/pug-error-2.0.0.tgz. Extracting by manifest.
243 silly tarball no local data for pug-code-gen@https://registry.npmjs.org/pug-code-gen/-/pug-code-gen-3.0.2.tgz. Extracting by manifest.
244 silly tarball no local data for pug-attrs@https://registry.npmjs.org/pug-attrs/-/pug-attrs-3.0.0.tgz. Extracting by manifest.
245 silly tarball no local data for pug@https://registry.npmjs.org/pug/-/pug-3.0.2.tgz. Extracting by manifest.
246 silly tarball no local data for proxy-addr@https://registry.npmjs.org/proxy-addr/-/proxy-addr-2.0.7.tgz. Extracting by manifest.
247 silly tarball no local data for proto-list@https://registry.npmjs.org/proto-list/-/proto-list-1.2.4.tgz. Extracting by manifest.
248 silly tarball no local data for prompts-ncu@https://registry.npmjs.org/prompts-ncu/-/prompts-ncu-3.0.0.tgz. Extracting by manifest.
249 silly tarball no local data for prompts@https://registry.npmjs.org/prompts/-/prompts-2.4.2.tgz. Extracting by manifest.
250 silly tarball no local data for promise-retry@https://registry.npmjs.org/promise-retry/-/promise-retry-2.0.1.tgz. Extracting by manifest.
251 silly tarball no local data for promise-inflight@https://registry.npmjs.org/promise-inflight/-/promise-inflight-1.0.1.tgz. Extracting by manifest.
252 silly tarball no local data for promise@https://registry.npmjs.org/promise/-/promise-7.3.1.tgz. Extracting by manifest.
253 silly tarball no local data for progress@https://registry.npmjs.org/progress/-/progress-2.0.3.tgz. Extracting by manifest.
254 silly tarball no local data for process-warning@https://registry.npmjs.org/process-warning/-/process-warning-3.0.0.tgz. Extracting by manifest.
255 silly tarball no local data for process@https://registry.npmjs.org/process/-/process-0.11.10.tgz. Extracting by manifest.
256 silly tarball no local data for proc-log@https://registry.npmjs.org/proc-log/-/proc-log-3.0.0.tgz. Extracting by manifest.
257 silly tarball no local data for pretty-format@https://registry.npmjs.org/pretty-format/-/pretty-format-29.7.0.tgz. Extracting by manifest.
258 silly tarball no local data for prelude-ls@https://registry.npmjs.org/prelude-ls/-/prelude-ls-1.2.1.tgz. Extracting by manifest.
259 silly tarball no local data for prebuild-install@https://registry.npmjs.org/prebuild-install/-/prebuild-install-7.1.2.tgz. Extracting by manifest.
260 silly tarball no local data for postgres-interval@https://registry.npmjs.org/postgres-interval/-/postgres-interval-1.2.0.tgz. Extracting by manifest.
261 silly tarball no local data for postgres-date@https://registry.npmjs.org/postgres-date/-/postgres-date-1.0.7.tgz. Extracting by manifest.
262 silly tarball no local data for postgres-bytea@https://registry.npmjs.org/postgres-bytea/-/postgres-bytea-1.0.0.tgz. Extracting by manifest.
263 silly tarball no local data for postgres-array@https://registry.npmjs.org/postgres-array/-/postgres-array-2.0.0.tgz. Extracting by manifest.
264 silly tarball no local data for postcss-value-parser@https://registry.npmjs.org/postcss-value-parser/-/postcss-value-parser-4.2.0.tgz. Extracting by manifest.
265 silly tarball no local data for postcss-selector-parser@https://registry.npmjs.org/postcss-selector-parser/-/postcss-selector-parser-6.0.16.tgz. Extracting by manifest.
266 silly tarball no local data for postcss-modules-values@https://registry.npmjs.org/postcss-modules-values/-/postcss-modules-values-4.0.0.tgz. Extracting by manifest.
267 silly tarball no local data for postcss-modules-scope@https://registry.npmjs.org/postcss-modules-scope/-/postcss-modules-scope-3.2.0.tgz. Extracting by manifest.
268 silly tarball no local data for postcss-modules-local-by-default@https://registry.npmjs.org/postcss-modules-local-by-default/-/postcss-modules-local-by-default-4.0.5.tgz. Extracting by manifest.
269 silly tarball no local data for postcss-modules-extract-imports@https://registry.npmjs.org/postcss-modules-extract-imports/-/postcss-modules-extract-imports-3.1.0.tgz. Extracting by manifest.
270 silly tarball no local data for postcss@https://registry.npmjs.org/postcss/-/postcss-8.4.38.tgz. Extracting by manifest.
271 silly tarball no local data for possible-typed-array-names@https://registry.npmjs.org/possible-typed-array-names/-/possible-typed-array-names-1.0.0.tgz. Extracting by manifest.
272 silly tarball no local data for pkg-up@https://registry.npmjs.org/pkg-up/-/pkg-up-3.1.0.tgz. Extracting by manifest.
273 silly tarball no local data for pkg-dir@https://registry.npmjs.org/pkg-dir/-/pkg-dir-4.2.0.tgz. Extracting by manifest.
274 silly tarball no local data for pirates@https://registry.npmjs.org/pirates/-/pirates-4.0.6.tgz. Extracting by manifest.
275 silly tarball no local data for pino-std-serializers@https://registry.npmjs.org/pino-std-serializers/-/pino-std-serializers-6.2.2.tgz. Extracting by manifest.
276 silly tarball no local data for pino-pretty@https://registry.npmjs.org/pino-pretty/-/pino-pretty-11.0.0.tgz. Extracting by manifest.
277 silly tarball no local data for pino-abstract-transport@https://registry.npmjs.org/pino-abstract-transport/-/pino-abstract-transport-1.2.0.tgz. Extracting by manifest.
278 silly tarball no local data for pino@https://registry.npmjs.org/pino/-/pino-8.20.0.tgz. Extracting by manifest.
279 silly tarball no local data for picomatch@https://registry.npmjs.org/picomatch/-/picomatch-2.3.1.tgz. Extracting by manifest.
280 silly tarball no local data for picocolors@https://registry.npmjs.org/picocolors/-/picocolors-1.0.0.tgz. Extracting by manifest.
281 silly tarball no local data for pgpass@https://registry.npmjs.org/pgpass/-/pgpass-1.0.5.tgz. Extracting by manifest.
282 silly tarball no local data for pg-types@https://registry.npmjs.org/pg-types/-/pg-types-2.2.0.tgz. Extracting by manifest.
283 silly tarball no local data for pg-protocol@https://registry.npmjs.org/pg-protocol/-/pg-protocol-1.6.1.tgz. Extracting by manifest.
284 silly tarball no local data for pg-pool@https://registry.npmjs.org/pg-pool/-/pg-pool-3.6.2.tgz. Extracting by manifest.
285 silly tarball no local data for pg-int8@https://registry.npmjs.org/pg-int8/-/pg-int8-1.0.1.tgz. Extracting by manifest.
286 silly tarball no local data for pg-connection-string@https://registry.npmjs.org/pg-connection-string/-/pg-connection-string-2.6.2.tgz. Extracting by manifest.
287 silly tarball no local data for pg-cloudflare@https://registry.npmjs.org/pg-cloudflare/-/pg-cloudflare-1.1.1.tgz. Extracting by manifest.
288 silly tarball no local data for pg@https://registry.npmjs.org/pg/-/pg-8.11.5.tgz. Extracting by manifest.
289 silly tarball no local data for path-type@https://registry.npmjs.org/path-type/-/path-type-4.0.0.tgz. Extracting by manifest.
290 silly tarball no local data for path-to-regexp@https://registry.npmjs.org/path-to-regexp/-/path-to-regexp-6.2.1.tgz. Extracting by manifest.
291 silly tarball no local data for path-scurry@https://registry.npmjs.org/path-scurry/-/path-scurry-1.10.2.tgz. Extracting by manifest.
292 silly tarball no local data for path-parse@https://registry.npmjs.org/path-parse/-/path-parse-1.0.7.tgz. Extracting by manifest.
293 silly tarball no local data for path-key@https://registry.npmjs.org/path-key/-/path-key-3.1.1.tgz. Extracting by manifest.
294 silly tarball no local data for path-is-absolute@https://registry.npmjs.org/path-is-absolute/-/path-is-absolute-1.0.1.tgz. Extracting by manifest.
295 silly tarball no local data for path-exists@https://registry.npmjs.org/path-exists/-/path-exists-4.0.0.tgz. Extracting by manifest.
296 silly tarball no local data for parse-json@https://registry.npmjs.org/parse-json/-/parse-json-5.2.0.tgz. Extracting by manifest.
297 silly tarball no local data for parse-github-url@https://registry.npmjs.org/parse-github-url/-/parse-github-url-1.0.2.tgz. Extracting by manifest.
298 silly tarball no local data for parent-module@https://registry.npmjs.org/parent-module/-/parent-module-1.0.1.tgz. Extracting by manifest.
299 silly tarball no local data for pacote@https://registry.npmjs.org/pacote/-/pacote-15.2.0.tgz. Extracting by manifest.
300 silly tarball no local data for package-json@https://registry.npmjs.org/package-json/-/package-json-8.1.0.tgz. Extracting by manifest.
301 silly tarball no local data for p-try@https://registry.npmjs.org/p-try/-/p-try-2.2.0.tgz. Extracting by manifest.
302 silly tarball no local data for p-map@https://registry.npmjs.org/p-map/-/p-map-4.0.0.tgz. Extracting by manifest.
303 silly tarball no local data for p-locate@https://registry.npmjs.org/p-locate/-/p-locate-5.0.0.tgz. Extracting by manifest.
304 silly tarball no local data for p-limit@https://registry.npmjs.org/p-limit/-/p-limit-3.1.0.tgz. Extracting by manifest.
305 silly tarball no local data for p-cancelable@https://registry.npmjs.org/p-cancelable/-/p-cancelable-3.0.0.tgz. Extracting by manifest.
306 silly tarball no local data for optionator@https://registry.npmjs.org/optionator/-/optionator-0.9.3.tgz. Extracting by manifest.
307 silly tarball no local data for onetime@https://registry.npmjs.org/onetime/-/onetime-5.1.2.tgz. Extracting by manifest.
308 silly tarball no local data for once@https://registry.npmjs.org/once/-/once-1.4.0.tgz. Extracting by manifest.
309 silly tarball no local data for on-exit-leak-free@https://registry.npmjs.org/on-exit-leak-free/-/on-exit-leak-free-2.1.2.tgz. Extracting by manifest.
310 silly tarball no local data for objection-unique@https://registry.npmjs.org/objection-unique/-/objection-unique-1.2.2.tgz. Extracting by manifest.
311 silly tarball no local data for objection@https://registry.npmjs.org/objection/-/objection-3.1.4.tgz. Extracting by manifest.
312 silly tarball no local data for object.values@https://registry.npmjs.org/object.values/-/object.values-1.2.0.tgz. Extracting by manifest.
313 silly tarball no local data for object.groupby@https://registry.npmjs.org/object.groupby/-/object.groupby-1.0.3.tgz. Extracting by manifest.
314 silly tarball no local data for object.fromentries@https://registry.npmjs.org/object.fromentries/-/object.fromentries-2.0.8.tgz. Extracting by manifest.
315 silly tarball no local data for object.entries@https://registry.npmjs.org/object.entries/-/object.entries-1.1.8.tgz. Extracting by manifest.
316 silly tarball no local data for object.assign@https://registry.npmjs.org/object.assign/-/object.assign-4.1.5.tgz. Extracting by manifest.
317 silly tarball no local data for object-keys@https://registry.npmjs.org/object-keys/-/object-keys-1.1.1.tgz. Extracting by manifest.
318 silly tarball no local data for object-inspect@https://registry.npmjs.org/object-inspect/-/object-inspect-1.13.1.tgz. Extracting by manifest.
319 silly tarball no local data for object-assign@https://registry.npmjs.org/object-assign/-/object-assign-4.1.1.tgz. Extracting by manifest.
320 silly tarball no local data for npmlog@https://registry.npmjs.org/npmlog/-/npmlog-6.0.2.tgz. Extracting by manifest.
321 silly tarball no local data for npm-run-path@https://registry.npmjs.org/npm-run-path/-/npm-run-path-4.0.1.tgz. Extracting by manifest.
322 silly tarball no local data for npm-registry-fetch@https://registry.npmjs.org/npm-registry-fetch/-/npm-registry-fetch-14.0.5.tgz. Extracting by manifest.
323 silly tarball no local data for npm-pick-manifest@https://registry.npmjs.org/npm-pick-manifest/-/npm-pick-manifest-8.0.2.tgz. Extracting by manifest.
324 silly tarball no local data for npm-packlist@https://registry.npmjs.org/npm-packlist/-/npm-packlist-7.0.4.tgz. Extracting by manifest.
325 silly tarball no local data for npm-package-arg@https://registry.npmjs.org/npm-package-arg/-/npm-package-arg-10.1.0.tgz. Extracting by manifest.
326 silly tarball no local data for npm-normalize-package-bin@https://registry.npmjs.org/npm-normalize-package-bin/-/npm-normalize-package-bin-3.0.1.tgz. Extracting by manifest.
327 silly tarball no local data for npm-install-checks@https://registry.npmjs.org/npm-install-checks/-/npm-install-checks-6.3.0.tgz. Extracting by manifest.
328 silly tarball no local data for npm-check-updates@https://registry.npmjs.org/npm-check-updates/-/npm-check-updates-16.14.18.tgz. Extracting by manifest.
329 silly tarball no local data for npm-bundled@https://registry.npmjs.org/npm-bundled/-/npm-bundled-3.0.0.tgz. Extracting by manifest.
330 silly tarball no local data for normalize-url@https://registry.npmjs.org/normalize-url/-/normalize-url-6.1.0.tgz. Extracting by manifest.
331 silly tarball no local data for normalize-path@https://registry.npmjs.org/normalize-path/-/normalize-path-3.0.0.tgz. Extracting by manifest.
332 silly tarball no local data for normalize-package-data@https://registry.npmjs.org/normalize-package-data/-/normalize-package-data-5.0.0.tgz. Extracting by manifest.
333 silly tarball no local data for nopt@https://registry.npmjs.org/nopt/-/nopt-5.0.0.tgz. Extracting by manifest.
334 silly tarball no local data for node-releases@https://registry.npmjs.org/node-releases/-/node-releases-2.0.14.tgz. Extracting by manifest.
335 silly tarball no local data for node-int64@https://registry.npmjs.org/node-int64/-/node-int64-0.4.0.tgz. Extracting by manifest.
336 silly tarball no local data for node-gyp-build@https://registry.npmjs.org/node-gyp-build/-/node-gyp-build-4.8.0.tgz. Extracting by manifest.
337 silly tarball no local data for node-gyp@https://registry.npmjs.org/node-gyp/-/node-gyp-9.4.1.tgz. Extracting by manifest.
338 silly tarball no local data for node-addon-api@https://registry.npmjs.org/node-addon-api/-/node-addon-api-4.3.0.tgz. Extracting by manifest.
339 silly tarball no local data for node-abi@https://registry.npmjs.org/node-abi/-/node-abi-3.60.0.tgz. Extracting by manifest.
340 silly tarball no local data for next-tick@https://registry.npmjs.org/next-tick/-/next-tick-1.1.0.tgz. Extracting by manifest.
341 silly tarball no local data for neo-async@https://registry.npmjs.org/neo-async/-/neo-async-2.6.2.tgz. Extracting by manifest.
342 silly tarball no local data for negotiator@https://registry.npmjs.org/negotiator/-/negotiator-0.6.3.tgz. Extracting by manifest.
343 silly tarball no local data for natural-compare@https://registry.npmjs.org/natural-compare/-/natural-compare-1.4.0.tgz. Extracting by manifest.
344 silly tarball no local data for napi-build-utils@https://registry.npmjs.org/napi-build-utils/-/napi-build-utils-1.0.2.tgz. Extracting by manifest.
345 silly tarball no local data for nanoid@https://registry.npmjs.org/nanoid/-/nanoid-3.3.7.tgz. Extracting by manifest.
346 silly tarball no local data for mustache@https://registry.npmjs.org/mustache/-/mustache-4.2.0.tgz. Extracting by manifest.
347 silly tarball no local data for ms@https://registry.npmjs.org/ms/-/ms-2.1.3.tgz. Extracting by manifest.
348 silly tarball no local data for validate-npm-package-name@https://registry.npmjs.org/validate-npm-package-name/-/validate-npm-package-name-5.0.0.tgz. Extracting by manifest.
349 silly tarball no local data for moment@https://registry.npmjs.org/moment/-/moment-2.30.1.tgz. Extracting by manifest.
350 silly tarball no local data for mkdirp-classic@https://registry.npmjs.org/mkdirp-classic/-/mkdirp-classic-0.5.3.tgz. Extracting by manifest.
351 silly tarball no local data for mkdirp@https://registry.npmjs.org/mkdirp/-/mkdirp-1.0.4.tgz. Extracting by manifest.
352 silly tarball no local data for minizlib@https://registry.npmjs.org/minizlib/-/minizlib-2.1.2.tgz. Extracting by manifest.
353 silly tarball no local data for minipass-sized@https://registry.npmjs.org/minipass-sized/-/minipass-sized-1.0.3.tgz. Extracting by manifest.
354 silly tarball no local data for minipass-pipeline@https://registry.npmjs.org/minipass-pipeline/-/minipass-pipeline-1.2.4.tgz. Extracting by manifest.
355 silly tarball no local data for minipass-json-stream@https://registry.npmjs.org/minipass-json-stream/-/minipass-json-stream-1.0.1.tgz. Extracting by manifest.
356 silly tarball no local data for minipass-flush@https://registry.npmjs.org/minipass-flush/-/minipass-flush-1.0.5.tgz. Extracting by manifest.
357 silly tarball no local data for minipass-fetch@https://registry.npmjs.org/minipass-fetch/-/minipass-fetch-3.0.4.tgz. Extracting by manifest.
358 silly tarball no local data for minipass-collect@https://registry.npmjs.org/minipass-collect/-/minipass-collect-1.0.2.tgz. Extracting by manifest.
359 silly tarball no local data for minipass@https://registry.npmjs.org/minipass/-/minipass-3.3.4.tgz. Extracting by manifest.
360 silly tarball no local data for minimist@https://registry.npmjs.org/minimist/-/minimist-1.2.6.tgz. Extracting by manifest.
361 silly tarball no local data for minimatch@https://registry.npmjs.org/minimatch/-/minimatch-3.1.2.tgz. Extracting by manifest.
362 silly tarball no local data for mini-css-extract-plugin@https://registry.npmjs.org/mini-css-extract-plugin/-/mini-css-extract-plugin-2.9.0.tgz. Extracting by manifest.
363 silly tarball no local data for mimic-response@https://registry.npmjs.org/mimic-response/-/mimic-response-1.0.1.tgz. Extracting by manifest.
364 silly tarball no local data for mimic-fn@https://registry.npmjs.org/mimic-fn/-/mimic-fn-2.1.0.tgz. Extracting by manifest.
365 silly tarball no local data for mime-types@https://registry.npmjs.org/mime-types/-/mime-types-2.1.35.tgz. Extracting by manifest.
366 silly tarball no local data for mime-db@https://registry.npmjs.org/mime-db/-/mime-db-1.52.0.tgz. Extracting by manifest.
367 silly tarball no local data for mime@https://registry.npmjs.org/mime/-/mime-3.0.0.tgz. Extracting by manifest.
368 silly tarball no local data for micromatch@https://registry.npmjs.org/micromatch/-/micromatch-4.0.5.tgz. Extracting by manifest.
369 silly tarball no local data for merge2@https://registry.npmjs.org/merge2/-/merge2-1.4.1.tgz. Extracting by manifest.
370 silly tarball no local data for merge-stream@https://registry.npmjs.org/merge-stream/-/merge-stream-2.0.0.tgz. Extracting by manifest.
371 silly tarball no local data for memoizee@https://registry.npmjs.org/memoizee/-/memoizee-0.4.15.tgz. Extracting by manifest.
372 silly tarball no local data for media-typer@https://registry.npmjs.org/media-typer/-/media-typer-0.3.0.tgz. Extracting by manifest.
373 silly tarball no local data for mdurl@https://registry.npmjs.org/mdurl/-/mdurl-1.0.1.tgz. Extracting by manifest.
374 silly tarball no local data for markdown-it@https://registry.npmjs.org/markdown-it/-/markdown-it-13.0.2.tgz. Extracting by manifest.
375 silly tarball no local data for makeerror@https://registry.npmjs.org/makeerror/-/makeerror-1.0.12.tgz. Extracting by manifest.
376 silly tarball no local data for make-promises-safe@https://registry.npmjs.org/make-promises-safe/-/make-promises-safe-5.1.0.tgz. Extracting by manifest.
377 silly tarball no local data for make-fetch-happen@https://registry.npmjs.org/make-fetch-happen/-/make-fetch-happen-11.1.1.tgz. Extracting by manifest.
378 silly tarball no local data for make-dir@https://registry.npmjs.org/make-dir/-/make-dir-4.0.0.tgz. Extracting by manifest.
379 silly tarball no local data for lru-queue@https://registry.npmjs.org/lru-queue/-/lru-queue-0.1.0.tgz. Extracting by manifest.
380 silly tarball no local data for lru-cache@https://registry.npmjs.org/lru-cache/-/lru-cache-5.1.1.tgz. Extracting by manifest.
381 silly tarball no local data for lowercase-keys@https://registry.npmjs.org/lowercase-keys/-/lowercase-keys-3.0.0.tgz. Extracting by manifest.
382 silly tarball no local data for lodash.merge@https://registry.npmjs.org/lodash.merge/-/lodash.merge-4.6.2.tgz. Extracting by manifest.
383 silly tarball no local data for lodash.isempty@https://registry.npmjs.org/lodash.isempty/-/lodash.isempty-4.4.0.tgz. Extracting by manifest.
384 silly tarball no local data for lodash.compact@https://registry.npmjs.org/lodash.compact/-/lodash.compact-3.0.1.tgz. Extracting by manifest.
385 silly tarball no local data for lodash.castarray@https://registry.npmjs.org/lodash.castarray/-/lodash.castarray-4.4.0.tgz. Extracting by manifest.
386 silly tarball no local data for lodash@https://registry.npmjs.org/lodash/-/lodash-4.17.21.tgz. Extracting by manifest.
387 silly tarball no local data for locate-path@https://registry.npmjs.org/locate-path/-/locate-path-6.0.0.tgz. Extracting by manifest.
388 silly tarball no local data for loader-runner@https://registry.npmjs.org/loader-runner/-/loader-runner-4.3.0.tgz. Extracting by manifest.
389 silly tarball no local data for linkify-it@https://registry.npmjs.org/linkify-it/-/linkify-it-4.0.1.tgz. Extracting by manifest.
390 silly tarball no local data for light-my-request@https://registry.npmjs.org/light-my-request/-/light-my-request-5.13.0.tgz. Extracting by manifest.
391 silly tarball no local data for lines-and-columns@https://registry.npmjs.org/lines-and-columns/-/lines-and-columns-1.2.4.tgz. Extracting by manifest.
392 silly tarball no local data for levn@https://registry.npmjs.org/levn/-/levn-0.4.1.tgz. Extracting by manifest.
393 silly tarball no local data for leven@https://registry.npmjs.org/leven/-/leven-3.1.0.tgz. Extracting by manifest.
394 silly tarball no local data for latest-version@https://registry.npmjs.org/latest-version/-/latest-version-7.0.0.tgz. Extracting by manifest.
395 silly tarball no local data for knex@https://registry.npmjs.org/knex/-/knex-3.1.0.tgz. Extracting by manifest.
396 silly tarball no local data for kleur@https://registry.npmjs.org/kleur/-/kleur-3.0.3.tgz. Extracting by manifest.
397 silly tarball no local data for kind-of@https://registry.npmjs.org/kind-of/-/kind-of-6.0.3.tgz. Extracting by manifest.
398 silly tarball no local data for keyv@https://registry.npmjs.org/keyv/-/keyv-4.5.4.tgz. Extracting by manifest.
399 silly tarball no local data for jstransformer-markdown-it@https://registry.npmjs.org/jstransformer-markdown-it/-/jstransformer-markdown-it-3.0.0.tgz. Extracting by manifest.
400 silly tarball no local data for jstransformer@https://registry.npmjs.org/jstransformer/-/jstransformer-1.0.0.tgz. Extracting by manifest.
401 silly tarball no local data for jsonparse@https://registry.npmjs.org/jsonparse/-/jsonparse-1.3.1.tgz. Extracting by manifest.
402 silly tarball no local data for jsonlines@https://registry.npmjs.org/jsonlines/-/jsonlines-0.1.1.tgz. Extracting by manifest.
403 silly tarball no local data for jsonfile@https://registry.npmjs.org/jsonfile/-/jsonfile-6.1.0.tgz. Extracting by manifest.
404 silly tarball no local data for json5@https://registry.npmjs.org/json5/-/json5-2.2.3.tgz. Extracting by manifest.
405 silly tarball no local data for json-stable-stringify-without-jsonify@https://registry.npmjs.org/json-stable-stringify-without-jsonify/-/json-stable-stringify-without-jsonify-1.0.1.tgz. Extracting by manifest.
406 silly tarball no local data for json-schema-traverse@https://registry.npmjs.org/json-schema-traverse/-/json-schema-traverse-0.4.1.tgz. Extracting by manifest.
407 silly tarball no local data for json-schema-ref-resolver@https://registry.npmjs.org/json-schema-ref-resolver/-/json-schema-ref-resolver-1.0.1.tgz. Extracting by manifest.
408 silly tarball no local data for json-parse-helpfulerror@https://registry.npmjs.org/json-parse-helpfulerror/-/json-parse-helpfulerror-1.0.3.tgz. Extracting by manifest.
409 silly tarball no local data for json-parse-even-better-errors@https://registry.npmjs.org/json-parse-even-better-errors/-/json-parse-even-better-errors-2.3.1.tgz. Extracting by manifest.
410 silly tarball no local data for json-buffer@https://registry.npmjs.org/json-buffer/-/json-buffer-3.0.1.tgz. Extracting by manifest.
411 silly tarball no local data for jsesc@https://registry.npmjs.org/jsesc/-/jsesc-2.5.2.tgz. Extracting by manifest.
412 silly tarball no local data for js-yaml@https://registry.npmjs.org/js-yaml/-/js-yaml-4.1.0.tgz. Extracting by manifest.
413 silly tarball no local data for js-tokens@https://registry.npmjs.org/js-tokens/-/js-tokens-4.0.0.tgz. Extracting by manifest.
414 silly tarball no local data for js-stringify@https://registry.npmjs.org/js-stringify/-/js-stringify-1.0.2.tgz. Extracting by manifest.
415 silly tarball no local data for js-cookie@https://registry.npmjs.org/js-cookie/-/js-cookie-3.0.5.tgz. Extracting by manifest.
416 silly tarball no local data for js-beautify@https://registry.npmjs.org/js-beautify/-/js-beautify-1.15.1.tgz. Extracting by manifest.
417 silly tarball no local data for jquery@https://registry.npmjs.org/jquery/-/jquery-3.7.1.tgz. Extracting by manifest.
418 silly tarball no local data for joycon@https://registry.npmjs.org/joycon/-/joycon-3.1.1.tgz. Extracting by manifest.
419 silly tarball no local data for jju@https://registry.npmjs.org/jju/-/jju-1.4.0.tgz. Extracting by manifest.
420 silly tarball no local data for jest-worker@https://registry.npmjs.org/jest-worker/-/jest-worker-29.7.0.tgz. Extracting by manifest.
421 silly tarball no local data for jest-watcher@https://registry.npmjs.org/jest-watcher/-/jest-watcher-29.7.0.tgz. Extracting by manifest.
422 silly tarball no local data for jest-validate@https://registry.npmjs.org/jest-validate/-/jest-validate-29.7.0.tgz. Extracting by manifest.
423 silly tarball no local data for jest-util@https://registry.npmjs.org/jest-util/-/jest-util-29.7.0.tgz. Extracting by manifest.
424 silly tarball no local data for jest-snapshot@https://registry.npmjs.org/jest-snapshot/-/jest-snapshot-29.7.0.tgz. Extracting by manifest.
425 silly tarball no local data for jest-runtime@https://registry.npmjs.org/jest-runtime/-/jest-runtime-29.7.0.tgz. Extracting by manifest.
426 silly tarball no local data for jest-runner@https://registry.npmjs.org/jest-runner/-/jest-runner-29.7.0.tgz. Extracting by manifest.
427 silly tarball no local data for jest-resolve-dependencies@https://registry.npmjs.org/jest-resolve-dependencies/-/jest-resolve-dependencies-29.7.0.tgz. Extracting by manifest.
428 silly tarball no local data for jest-resolve@https://registry.npmjs.org/jest-resolve/-/jest-resolve-29.7.0.tgz. Extracting by manifest.
429 silly tarball no local data for jest-regex-util@https://registry.npmjs.org/jest-regex-util/-/jest-regex-util-29.6.3.tgz. Extracting by manifest.
430 silly tarball no local data for jest-pnp-resolver@https://registry.npmjs.org/jest-pnp-resolver/-/jest-pnp-resolver-1.2.3.tgz. Extracting by manifest.
431 silly tarball no local data for jest-mock@https://registry.npmjs.org/jest-mock/-/jest-mock-29.7.0.tgz. Extracting by manifest.
432 silly tarball no local data for jest-message-util@https://registry.npmjs.org/jest-message-util/-/jest-message-util-29.7.0.tgz. Extracting by manifest.
433 silly tarball no local data for jest-matcher-utils@https://registry.npmjs.org/jest-matcher-utils/-/jest-matcher-utils-29.7.0.tgz. Extracting by manifest.
434 silly tarball no local data for jest-leak-detector@https://registry.npmjs.org/jest-leak-detector/-/jest-leak-detector-29.7.0.tgz. Extracting by manifest.
435 silly tarball no local data for jest-haste-map@https://registry.npmjs.org/jest-haste-map/-/jest-haste-map-29.7.0.tgz. Extracting by manifest.
436 silly tarball no local data for jest-get-type@https://registry.npmjs.org/jest-get-type/-/jest-get-type-29.6.3.tgz. Extracting by manifest.
437 silly tarball no local data for jest-environment-node@https://registry.npmjs.org/jest-environment-node/-/jest-environment-node-29.7.0.tgz. Extracting by manifest.
438 silly tarball no local data for jest-each@https://registry.npmjs.org/jest-each/-/jest-each-29.7.0.tgz. Extracting by manifest.
439 silly tarball no local data for jest-docblock@https://registry.npmjs.org/jest-docblock/-/jest-docblock-29.7.0.tgz. Extracting by manifest.
440 silly tarball no local data for jest-diff@https://registry.npmjs.org/jest-diff/-/jest-diff-29.7.0.tgz. Extracting by manifest.
441 silly tarball no local data for jest-config@https://registry.npmjs.org/jest-config/-/jest-config-29.7.0.tgz. Extracting by manifest.
442 silly tarball no local data for jest-cli@https://registry.npmjs.org/jest-cli/-/jest-cli-29.7.0.tgz. Extracting by manifest.
443 silly tarball no local data for jest-circus@https://registry.npmjs.org/jest-circus/-/jest-circus-29.7.0.tgz. Extracting by manifest.
444 silly tarball no local data for jest-changed-files@https://registry.npmjs.org/jest-changed-files/-/jest-changed-files-29.7.0.tgz. Extracting by manifest.
445 silly tarball no local data for jest@https://registry.npmjs.org/jest/-/jest-29.7.0.tgz. Extracting by manifest.
446 silly tarball no local data for jackspeak@https://registry.npmjs.org/jackspeak/-/jackspeak-2.3.6.tgz. Extracting by manifest.
447 silly tarball no local data for istanbul-reports@https://registry.npmjs.org/istanbul-reports/-/istanbul-reports-3.1.7.tgz. Extracting by manifest.
448 silly tarball no local data for istanbul-lib-source-maps@https://registry.npmjs.org/istanbul-lib-source-maps/-/istanbul-lib-source-maps-4.0.1.tgz. Extracting by manifest.
449 silly tarball no local data for istanbul-lib-report@https://registry.npmjs.org/istanbul-lib-report/-/istanbul-lib-report-3.0.1.tgz. Extracting by manifest.
450 silly tarball no local data for istanbul-lib-instrument@https://registry.npmjs.org/istanbul-lib-instrument/-/istanbul-lib-instrument-6.0.2.tgz. Extracting by manifest.
451 silly tarball no local data for istanbul-lib-coverage@https://registry.npmjs.org/istanbul-lib-coverage/-/istanbul-lib-coverage-3.2.2.tgz. Extracting by manifest.
452 silly tarball no local data for isobject@https://registry.npmjs.org/isobject/-/isobject-3.0.1.tgz. Extracting by manifest.
453 silly tarball no local data for isexe@https://registry.npmjs.org/isexe/-/isexe-2.0.0.tgz. Extracting by manifest.
454 silly tarball no local data for isbinaryfile@https://registry.npmjs.org/isbinaryfile/-/isbinaryfile-4.0.10.tgz. Extracting by manifest.
455 silly tarball no local data for isarray@https://registry.npmjs.org/isarray/-/isarray-2.0.5.tgz. Extracting by manifest.
456 silly tarball no local data for is-yarn-global@https://registry.npmjs.org/is-yarn-global/-/is-yarn-global-0.4.0.tgz. Extracting by manifest.
457 silly tarball no local data for is-weakref@https://registry.npmjs.org/is-weakref/-/is-weakref-1.0.2.tgz. Extracting by manifest.
458 silly tarball no local data for is-typedarray@https://registry.npmjs.org/is-typedarray/-/is-typedarray-1.0.0.tgz. Extracting by manifest.
459 silly tarball no local data for is-typed-array@https://registry.npmjs.org/is-typed-array/-/is-typed-array-1.1.13.tgz. Extracting by manifest.
460 silly tarball no local data for is-symbol@https://registry.npmjs.org/is-symbol/-/is-symbol-1.0.4.tgz. Extracting by manifest.
461 silly tarball no local data for is-string@https://registry.npmjs.org/is-string/-/is-string-1.0.7.tgz. Extracting by manifest.
462 silly tarball no local data for is-stream@https://registry.npmjs.org/is-stream/-/is-stream-2.0.1.tgz. Extracting by manifest.
463 silly tarball no local data for is-shared-array-buffer@https://registry.npmjs.org/is-shared-array-buffer/-/is-shared-array-buffer-1.0.3.tgz. Extracting by manifest.
464 silly tarball no local data for is-regex@https://registry.npmjs.org/is-regex/-/is-regex-1.1.4.tgz. Extracting by manifest.
465 silly tarball no local data for is-promise@https://registry.npmjs.org/is-promise/-/is-promise-2.2.2.tgz. Extracting by manifest.
466 silly tarball no local data for is-plain-object@https://registry.npmjs.org/is-plain-object/-/is-plain-object-2.0.4.tgz. Extracting by manifest.
467 silly tarball no local data for is-path-inside@https://registry.npmjs.org/is-path-inside/-/is-path-inside-3.0.3.tgz. Extracting by manifest.
468 silly tarball no local data for is-obj@https://registry.npmjs.org/is-obj/-/is-obj-2.0.0.tgz. Extracting by manifest.
469 silly tarball no local data for is-number-object@https://registry.npmjs.org/is-number-object/-/is-number-object-1.0.7.tgz. Extracting by manifest.
470 silly tarball no local data for is-number@https://registry.npmjs.org/is-number/-/is-number-7.0.0.tgz. Extracting by manifest.
471 silly tarball no local data for is-npm@https://registry.npmjs.org/is-npm/-/is-npm-6.0.0.tgz. Extracting by manifest.
472 silly tarball no local data for is-negative-zero@https://registry.npmjs.org/is-negative-zero/-/is-negative-zero-2.0.3.tgz. Extracting by manifest.
473 silly tarball no local data for is-lambda@https://registry.npmjs.org/is-lambda/-/is-lambda-1.0.1.tgz. Extracting by manifest.
474 silly tarball no local data for is-installed-globally@https://registry.npmjs.org/is-installed-globally/-/is-installed-globally-0.4.0.tgz. Extracting by manifest.
475 silly tarball no local data for is-glob@https://registry.npmjs.org/is-glob/-/is-glob-4.0.3.tgz. Extracting by manifest.
476 silly tarball no local data for is-generator-fn@https://registry.npmjs.org/is-generator-fn/-/is-generator-fn-2.1.0.tgz. Extracting by manifest.
477 silly tarball no local data for is-fullwidth-code-point@https://registry.npmjs.org/is-fullwidth-code-point/-/is-fullwidth-code-point-3.0.0.tgz. Extracting by manifest.
478 silly tarball no local data for is-extglob@https://registry.npmjs.org/is-extglob/-/is-extglob-2.1.1.tgz. Extracting by manifest.
479 silly tarball no local data for is-expression@https://registry.npmjs.org/is-expression/-/is-expression-4.0.0.tgz. Extracting by manifest.
480 silly tarball no local data for is-docker@https://registry.npmjs.org/is-docker/-/is-docker-2.2.1.tgz. Extracting by manifest.
481 silly tarball no local data for is-date-object@https://registry.npmjs.org/is-date-object/-/is-date-object-1.0.5.tgz. Extracting by manifest.
482 silly tarball no local data for is-data-view@https://registry.npmjs.org/is-data-view/-/is-data-view-1.0.1.tgz. Extracting by manifest.
483 silly tarball no local data for is-core-module@https://registry.npmjs.org/is-core-module/-/is-core-module-2.13.1.tgz. Extracting by manifest.
484 silly tarball no local data for is-ci@https://registry.npmjs.org/is-ci/-/is-ci-3.0.1.tgz. Extracting by manifest.
485 silly tarball no local data for is-callable@https://registry.npmjs.org/is-callable/-/is-callable-1.2.7.tgz. Extracting by manifest.
486 silly tarball no local data for is-boolean-object@https://registry.npmjs.org/is-boolean-object/-/is-boolean-object-1.1.2.tgz. Extracting by manifest.
487 silly tarball no local data for is-binary-path@https://registry.npmjs.org/is-binary-path/-/is-binary-path-2.1.0.tgz. Extracting by manifest.
488 silly tarball no local data for is-bigint@https://registry.npmjs.org/is-bigint/-/is-bigint-1.0.4.tgz. Extracting by manifest.
489 silly tarball no local data for is-arrayish@https://registry.npmjs.org/is-arrayish/-/is-arrayish-0.2.1.tgz. Extracting by manifest.
490 silly tarball no local data for is-array-buffer@https://registry.npmjs.org/is-array-buffer/-/is-array-buffer-3.0.4.tgz. Extracting by manifest.
491 silly tarball no local data for ipaddr.js@https://registry.npmjs.org/ipaddr.js/-/ipaddr.js-1.9.1.tgz. Extracting by manifest.
492 silly tarball no local data for ip@https://registry.npmjs.org/ip/-/ip-2.0.0.tgz. Extracting by manifest.
493 silly tarball no local data for interpret@https://registry.npmjs.org/interpret/-/interpret-2.2.0.tgz. Extracting by manifest.
494 silly tarball no local data for internal-slot@https://registry.npmjs.org/internal-slot/-/internal-slot-1.0.7.tgz. Extracting by manifest.
495 silly tarball no local data for ini@https://registry.npmjs.org/ini/-/ini-2.0.0.tgz. Extracting by manifest.
496 silly tarball no local data for inherits@https://registry.npmjs.org/inherits/-/inherits-2.0.4.tgz. Extracting by manifest.
497 silly tarball no local data for inflight@https://registry.npmjs.org/inflight/-/inflight-1.0.6.tgz. Extracting by manifest.
498 silly tarball no local data for inflection@https://registry.npmjs.org/inflection/-/inflection-1.13.4.tgz. Extracting by manifest.
499 silly tarball no local data for infer-owner@https://registry.npmjs.org/infer-owner/-/infer-owner-1.0.4.tgz. Extracting by manifest.
500 silly tarball no local data for indent-string@https://registry.npmjs.org/indent-string/-/indent-string-4.0.0.tgz. Extracting by manifest.
501 silly tarball no local data for imurmurhash@https://registry.npmjs.org/imurmurhash/-/imurmurhash-0.1.4.tgz. Extracting by manifest.
502 silly tarball no local data for import-local@https://registry.npmjs.org/import-local/-/import-local-3.1.0.tgz. Extracting by manifest.
503 silly tarball no local data for import-lazy@https://registry.npmjs.org/import-lazy/-/import-lazy-4.0.0.tgz. Extracting by manifest.
504 silly tarball no local data for import-fresh@https://registry.npmjs.org/import-fresh/-/import-fresh-3.3.0.tgz. Extracting by manifest.
505 silly tarball no local data for ignore-walk@https://registry.npmjs.org/ignore-walk/-/ignore-walk-6.0.4.tgz. Extracting by manifest.
506 silly tarball no local data for ignore@https://registry.npmjs.org/ignore/-/ignore-5.2.0.tgz. Extracting by manifest.
507 silly tarball no local data for ieee754@https://registry.npmjs.org/ieee754/-/ieee754-1.2.1.tgz. Extracting by manifest.
508 silly tarball no local data for icss-utils@https://registry.npmjs.org/icss-utils/-/icss-utils-5.1.0.tgz. Extracting by manifest.
509 silly tarball no local data for iconv-lite@https://registry.npmjs.org/iconv-lite/-/iconv-lite-0.6.3.tgz. Extracting by manifest.
510 silly tarball no local data for i18next@https://registry.npmjs.org/i18next/-/i18next-23.11.2.tgz. Extracting by manifest.
511 silly tarball no local data for humanize-ms@https://registry.npmjs.org/humanize-ms/-/humanize-ms-1.2.1.tgz. Extracting by manifest.
512 silly tarball no local data for human-signals@https://registry.npmjs.org/human-signals/-/human-signals-2.1.0.tgz. Extracting by manifest.
513 silly tarball no local data for https-proxy-agent@https://registry.npmjs.org/https-proxy-agent/-/https-proxy-agent-5.0.1.tgz. Extracting by manifest.
514 silly tarball no local data for http2-wrapper@https://registry.npmjs.org/http2-wrapper/-/http2-wrapper-2.1.11.tgz. Extracting by manifest.
515 silly tarball no local data for http-errors@https://registry.npmjs.org/http-errors/-/http-errors-2.0.0.tgz. Extracting by manifest.
516 silly tarball no local data for http-cache-semantics@https://registry.npmjs.org/http-cache-semantics/-/http-cache-semantics-4.1.1.tgz. Extracting by manifest.
517 silly tarball no local data for html-escaper@https://registry.npmjs.org/html-escaper/-/html-escaper-2.0.2.tgz. Extracting by manifest.
518 silly tarball no local data for hosted-git-info@https://registry.npmjs.org/hosted-git-info/-/hosted-git-info-5.2.1.tgz. Extracting by manifest.
519 silly tarball no local data for help-me@https://registry.npmjs.org/help-me/-/help-me-4.2.0.tgz. Extracting by manifest.
520 silly tarball no local data for hasown@https://registry.npmjs.org/hasown/-/hasown-2.0.2.tgz. Extracting by manifest.
521 silly tarball no local data for hashlru@https://registry.npmjs.org/hashlru/-/hashlru-2.3.0.tgz. Extracting by manifest.
522 silly tarball no local data for has-yarn@https://registry.npmjs.org/has-yarn/-/has-yarn-3.0.0.tgz. Extracting by manifest.
523 silly tarball no local data for has-unicode@https://registry.npmjs.org/has-unicode/-/has-unicode-2.0.1.tgz. Extracting by manifest.
524 silly tarball no local data for has-tostringtag@https://registry.npmjs.org/has-tostringtag/-/has-tostringtag-1.0.2.tgz. Extracting by manifest.
525 silly tarball no local data for has-symbols@https://registry.npmjs.org/has-symbols/-/has-symbols-1.0.3.tgz. Extracting by manifest.
526 silly tarball no local data for has-proto@https://registry.npmjs.org/has-proto/-/has-proto-1.0.3.tgz. Extracting by manifest.
527 silly tarball no local data for has-property-descriptors@https://registry.npmjs.org/has-property-descriptors/-/has-property-descriptors-1.0.2.tgz. Extracting by manifest.
528 silly tarball no local data for has-flag@https://registry.npmjs.org/has-flag/-/has-flag-4.0.0.tgz. Extracting by manifest.
529 silly tarball no local data for has-bigints@https://registry.npmjs.org/has-bigints/-/has-bigints-1.0.2.tgz. Extracting by manifest.
530 silly tarball no local data for graphemer@https://registry.npmjs.org/graphemer/-/graphemer-1.4.0.tgz. Extracting by manifest.
531 silly tarball no local data for graceful-fs@https://registry.npmjs.org/graceful-fs/-/graceful-fs-4.2.10.tgz. Extracting by manifest.
532 silly tarball no local data for got@https://registry.npmjs.org/got/-/got-12.3.1.tgz. Extracting by manifest.
533 silly tarball no local data for gopd@https://registry.npmjs.org/gopd/-/gopd-1.0.1.tgz. Extracting by manifest.
534 silly tarball no local data for globby@https://registry.npmjs.org/globby/-/globby-11.1.0.tgz. Extracting by manifest.
535 silly tarball no local data for globalthis@https://registry.npmjs.org/globalthis/-/globalthis-1.0.3.tgz. Extracting by manifest.
536 silly tarball no local data for globals@https://registry.npmjs.org/globals/-/globals-15.0.0.tgz. Extracting by manifest.
537 silly tarball no local data for global-dirs@https://registry.npmjs.org/global-dirs/-/global-dirs-3.0.0.tgz. Extracting by manifest.
538 silly tarball no local data for glob-to-regexp@https://registry.npmjs.org/glob-to-regexp/-/glob-to-regexp-0.4.1.tgz. Extracting by manifest.
539 silly tarball no local data for glob-parent@https://registry.npmjs.org/glob-parent/-/glob-parent-6.0.2.tgz. Extracting by manifest.
540 silly tarball no local data for glob@https://registry.npmjs.org/glob/-/glob-10.3.12.tgz. Extracting by manifest.
541 silly tarball no local data for github-from-package@https://registry.npmjs.org/github-from-package/-/github-from-package-0.0.0.tgz. Extracting by manifest.
542 silly tarball no local data for getopts@https://registry.npmjs.org/getopts/-/getopts-2.3.0.tgz. Extracting by manifest.
543 silly tarball no local data for get-symbol-description@https://registry.npmjs.org/get-symbol-description/-/get-symbol-description-1.0.2.tgz. Extracting by manifest.
544 silly tarball no local data for get-stream@https://registry.npmjs.org/get-stream/-/get-stream-6.0.1.tgz. Extracting by manifest.
545 silly tarball no local data for get-stdin@https://registry.npmjs.org/get-stdin/-/get-stdin-8.0.0.tgz. Extracting by manifest.
546 silly tarball no local data for get-package-type@https://registry.npmjs.org/get-package-type/-/get-package-type-0.1.0.tgz. Extracting by manifest.
547 silly tarball no local data for get-intrinsic@https://registry.npmjs.org/get-intrinsic/-/get-intrinsic-1.2.4.tgz. Extracting by manifest.
548 silly tarball no local data for get-caller-file@https://registry.npmjs.org/get-caller-file/-/get-caller-file-2.0.5.tgz. Extracting by manifest.
549 silly tarball no local data for gensync@https://registry.npmjs.org/gensync/-/gensync-1.0.0-beta.2.tgz. Extracting by manifest.
550 silly tarball no local data for generify@https://registry.npmjs.org/generify/-/generify-4.2.0.tgz. Extracting by manifest.
551 silly tarball no local data for gauge@https://registry.npmjs.org/gauge/-/gauge-4.0.4.tgz. Extracting by manifest.
552 silly tarball no local data for functions-have-names@https://registry.npmjs.org/functions-have-names/-/functions-have-names-1.2.3.tgz. Extracting by manifest.
553 silly tarball no local data for function.prototype.name@https://registry.npmjs.org/function.prototype.name/-/function.prototype.name-1.1.6.tgz. Extracting by manifest.
554 silly tarball no local data for function-bind@https://registry.npmjs.org/function-bind/-/function-bind-1.1.2.tgz. Extracting by manifest.
555 silly tarball no local data for fs.realpath@https://registry.npmjs.org/fs.realpath/-/fs.realpath-1.0.0.tgz. Extracting by manifest.
556 silly tarball no local data for fs-minipass@https://registry.npmjs.org/fs-minipass/-/fs-minipass-2.1.0.tgz. Extracting by manifest.
557 silly tarball no local data for fs-extra@https://registry.npmjs.org/fs-extra/-/fs-extra-9.1.0.tgz. Extracting by manifest.
558 silly tarball no local data for fs-constants@https://registry.npmjs.org/fs-constants/-/fs-constants-1.0.0.tgz. Extracting by manifest.
559 silly tarball no local data for fp-and-or@https://registry.npmjs.org/fp-and-or/-/fp-and-or-0.1.4.tgz. Extracting by manifest.
560 silly tarball no local data for forwarded@https://registry.npmjs.org/forwarded/-/forwarded-0.2.0.tgz. Extracting by manifest.
561 silly tarball no local data for form-data-encoder@https://registry.npmjs.org/form-data-encoder/-/form-data-encoder-2.1.0.tgz. Extracting by manifest.
562 silly tarball no local data for foreground-child@https://registry.npmjs.org/foreground-child/-/foreground-child-3.1.1.tgz. Extracting by manifest.
563 silly tarball no local data for for-each@https://registry.npmjs.org/for-each/-/for-each-0.3.3.tgz. Extracting by manifest.
564 silly tarball no local data for flatted@https://registry.npmjs.org/flatted/-/flatted-3.3.1.tgz. Extracting by manifest.
565 silly tarball no local data for flat-cache@https://registry.npmjs.org/flat-cache/-/flat-cache-3.2.0.tgz. Extracting by manifest.
566 silly tarball no local data for find-up@https://registry.npmjs.org/find-up/-/find-up-5.0.0.tgz. Extracting by manifest.
567 silly tarball no local data for find-my-way@https://registry.npmjs.org/find-my-way/-/find-my-way-8.1.0.tgz. Extracting by manifest.
568 silly tarball no local data for fill-range@https://registry.npmjs.org/fill-range/-/fill-range-7.0.1.tgz. Extracting by manifest.
569 silly tarball no local data for file-uri-to-path@https://registry.npmjs.org/file-uri-to-path/-/file-uri-to-path-1.0.0.tgz. Extracting by manifest.
570 silly tarball no local data for file-entry-cache@https://registry.npmjs.org/file-entry-cache/-/file-entry-cache-6.0.1.tgz. Extracting by manifest.
571 silly tarball no local data for fb-watchman@https://registry.npmjs.org/fb-watchman/-/fb-watchman-2.0.2.tgz. Extracting by manifest.
572 silly tarball no local data for fastq@https://registry.npmjs.org/fastq/-/fastq-1.17.1.tgz. Extracting by manifest.
573 silly tarball no local data for fastify-reverse-routes@https://registry.npmjs.org/fastify-reverse-routes/-/fastify-reverse-routes-3.0.0.tgz. Extracting by manifest.
574 silly tarball no local data for fastify-plugin@https://registry.npmjs.org/fastify-plugin/-/fastify-plugin-3.0.1.tgz. Extracting by manifest.
575 silly tarball no local data for fastify-objectionjs@https://registry.npmjs.org/fastify-objectionjs/-/fastify-objectionjs-2.0.1.tgz. Extracting by manifest.
576 silly tarball no local data for fastify-method-override@https://registry.npmjs.org/fastify-method-override/-/fastify-method-override-1.5.10.tgz. Extracting by manifest.
577 silly tarball no local data for fastify-error-page@https://registry.npmjs.org/fastify-error-page/-/fastify-error-page-4.0.0.tgz. Extracting by manifest.
578 silly tarball no local data for fastify-cli@https://registry.npmjs.org/fastify-cli/-/fastify-cli-6.1.1.tgz. Extracting by manifest.
579 silly tarball no local data for fastify@https://registry.npmjs.org/fastify/-/fastify-4.26.2.tgz. Extracting by manifest.
580 silly tarball no local data for fastest-levenshtein@https://registry.npmjs.org/fastest-levenshtein/-/fastest-levenshtein-1.0.16.tgz. Extracting by manifest.
581 silly tarball no local data for fast-uri@https://registry.npmjs.org/fast-uri/-/fast-uri-2.3.0.tgz. Extracting by manifest.
582 silly tarball no local data for fast-safe-stringify@https://registry.npmjs.org/fast-safe-stringify/-/fast-safe-stringify-2.1.1.tgz. Extracting by manifest.
583 silly tarball no local data for fast-redact@https://registry.npmjs.org/fast-redact/-/fast-redact-3.5.0.tgz. Extracting by manifest.
584 silly tarball no local data for fast-querystring@https://registry.npmjs.org/fast-querystring/-/fast-querystring-1.0.0.tgz. Extracting by manifest.
585 silly tarball no local data for fast-memoize@https://registry.npmjs.org/fast-memoize/-/fast-memoize-2.5.2.tgz. Extracting by manifest.
586 silly tarball no local data for fast-levenshtein@https://registry.npmjs.org/fast-levenshtein/-/fast-levenshtein-2.0.6.tgz. Extracting by manifest.
587 silly tarball no local data for fast-json-stringify@https://registry.npmjs.org/fast-json-stringify/-/fast-json-stringify-5.14.1.tgz. Extracting by manifest.
588 silly tarball no local data for fast-json-stable-stringify@https://registry.npmjs.org/fast-json-stable-stringify/-/fast-json-stable-stringify-2.1.0.tgz. Extracting by manifest.
589 silly tarball no local data for fast-glob@https://registry.npmjs.org/fast-glob/-/fast-glob-3.2.11.tgz. Extracting by manifest.
590 silly tarball no local data for fast-deep-equal@https://registry.npmjs.org/fast-deep-equal/-/fast-deep-equal-3.1.3.tgz. Extracting by manifest.
591 silly tarball no local data for fast-decode-uri-component@https://registry.npmjs.org/fast-decode-uri-component/-/fast-decode-uri-component-1.0.1.tgz. Extracting by manifest.
592 silly tarball no local data for fast-copy@https://registry.npmjs.org/fast-copy/-/fast-copy-3.0.2.tgz. Extracting by manifest.
593 silly tarball no local data for fast-content-type-parse@https://registry.npmjs.org/fast-content-type-parse/-/fast-content-type-parse-1.1.0.tgz. Extracting by manifest.
594 silly tarball no local data for ext@https://registry.npmjs.org/ext/-/ext-1.7.0.tgz. Extracting by manifest.
595 silly tarball no local data for exponential-backoff@https://registry.npmjs.org/exponential-backoff/-/exponential-backoff-3.1.1.tgz. Extracting by manifest.
596 silly tarball no local data for expect@https://registry.npmjs.org/expect/-/expect-29.7.0.tgz. Extracting by manifest.
597 silly tarball no local data for expand-template@https://registry.npmjs.org/expand-template/-/expand-template-2.0.3.tgz. Extracting by manifest.
598 silly tarball no local data for exit@https://registry.npmjs.org/exit/-/exit-0.1.2.tgz. Extracting by manifest.
599 silly tarball no local data for execa@https://registry.npmjs.org/execa/-/execa-5.1.1.tgz. Extracting by manifest.
600 silly tarball no local data for events@https://registry.npmjs.org/events/-/events-3.3.0.tgz. Extracting by manifest.
601 silly tarball no local data for event-target-shim@https://registry.npmjs.org/event-target-shim/-/event-target-shim-5.0.1.tgz. Extracting by manifest.
602 silly tarball no local data for event-emitter@https://registry.npmjs.org/event-emitter/-/event-emitter-0.3.5.tgz. Extracting by manifest.
603 silly tarball no local data for esutils@https://registry.npmjs.org/esutils/-/esutils-2.0.3.tgz. Extracting by manifest.
604 silly tarball no local data for estraverse@https://registry.npmjs.org/estraverse/-/estraverse-5.3.0.tgz. Extracting by manifest.
605 silly tarball no local data for esrecurse@https://registry.npmjs.org/esrecurse/-/esrecurse-4.3.0.tgz. Extracting by manifest.
606 silly tarball no local data for esquery@https://registry.npmjs.org/esquery/-/esquery-1.5.0.tgz. Extracting by manifest.
607 silly tarball no local data for esprima@https://registry.npmjs.org/esprima/-/esprima-4.0.1.tgz. Extracting by manifest.
608 silly tarball no local data for espree@https://registry.npmjs.org/espree/-/espree-10.0.1.tgz. Extracting by manifest.
609 silly tarball no local data for esniff@https://registry.npmjs.org/esniff/-/esniff-2.0.1.tgz. Extracting by manifest.
610 silly tarball no local data for esm@https://registry.npmjs.org/esm/-/esm-3.2.25.tgz. Extracting by manifest.
611 silly tarball no local data for eslint-visitor-keys@https://registry.npmjs.org/eslint-visitor-keys/-/eslint-visitor-keys-3.4.3.tgz. Extracting by manifest.
612 silly tarball no local data for eslint-scope@https://registry.npmjs.org/eslint-scope/-/eslint-scope-7.2.2.tgz. Extracting by manifest.
613 silly tarball no local data for eslint-plugin-import@https://registry.npmjs.org/eslint-plugin-import/-/eslint-plugin-import-2.29.1.tgz. Extracting by manifest.
614 silly tarball no local data for eslint-module-utils@https://registry.npmjs.org/eslint-module-utils/-/eslint-module-utils-2.8.1.tgz. Extracting by manifest.
615 silly tarball no local data for eslint-import-resolver-node@https://registry.npmjs.org/eslint-import-resolver-node/-/eslint-import-resolver-node-0.3.9.tgz. Extracting by manifest.
616 silly tarball no local data for eslint-config-airbnb-base@https://registry.npmjs.org/eslint-config-airbnb-base/-/eslint-config-airbnb-base-15.0.0.tgz. Extracting by manifest.
617 silly tarball no local data for eslint@https://registry.npmjs.org/eslint/-/eslint-8.57.0.tgz. Extracting by manifest.
618 silly tarball no local data for escape-string-regexp@https://registry.npmjs.org/escape-string-regexp/-/escape-string-regexp-1.0.5.tgz. Extracting by manifest.
619 silly tarball no local data for escape-html@https://registry.npmjs.org/escape-html/-/escape-html-1.0.3.tgz. Extracting by manifest.
620 silly tarball no local data for escape-goat@https://registry.npmjs.org/escape-goat/-/escape-goat-4.0.0.tgz. Extracting by manifest.
621 silly tarball no local data for escalade@https://registry.npmjs.org/escalade/-/escalade-3.1.1.tgz. Extracting by manifest.
622 silly tarball no local data for es6-weak-map@https://registry.npmjs.org/es6-weak-map/-/es6-weak-map-2.0.3.tgz. Extracting by manifest.
623 silly tarball no local data for es6-symbol@https://registry.npmjs.org/es6-symbol/-/es6-symbol-3.1.4.tgz. Extracting by manifest.
624 silly tarball no local data for es6-iterator@https://registry.npmjs.org/es6-iterator/-/es6-iterator-2.0.3.tgz. Extracting by manifest.
625 silly tarball no local data for es5-ext@https://registry.npmjs.org/es5-ext/-/es5-ext-0.10.64.tgz. Extracting by manifest.
626 silly tarball no local data for es-to-primitive@https://registry.npmjs.org/es-to-primitive/-/es-to-primitive-1.2.1.tgz. Extracting by manifest.
627 silly tarball no local data for es-shim-unscopables@https://registry.npmjs.org/es-shim-unscopables/-/es-shim-unscopables-1.0.2.tgz. Extracting by manifest.
628 silly tarball no local data for es-set-tostringtag@https://registry.npmjs.org/es-set-tostringtag/-/es-set-tostringtag-2.0.3.tgz. Extracting by manifest.
629 silly tarball no local data for es-object-atoms@https://registry.npmjs.org/es-object-atoms/-/es-object-atoms-1.0.0.tgz. Extracting by manifest.
630 silly tarball no local data for es-module-lexer@https://registry.npmjs.org/es-module-lexer/-/es-module-lexer-1.5.0.tgz. Extracting by manifest.
631 silly tarball no local data for es-errors@https://registry.npmjs.org/es-errors/-/es-errors-1.3.0.tgz. Extracting by manifest.
632 silly tarball no local data for es-define-property@https://registry.npmjs.org/es-define-property/-/es-define-property-1.0.0.tgz. Extracting by manifest.
633 silly tarball no local data for es-abstract@https://registry.npmjs.org/es-abstract/-/es-abstract-1.23.3.tgz. Extracting by manifest.
634 silly tarball no local data for error-ex@https://registry.npmjs.org/error-ex/-/error-ex-1.3.2.tgz. Extracting by manifest.
635 silly tarball no local data for err-code@https://registry.npmjs.org/err-code/-/err-code-2.0.3.tgz. Extracting by manifest.
636 silly tarball no local data for envinfo@https://registry.npmjs.org/envinfo/-/envinfo-7.12.0.tgz. Extracting by manifest.
637 silly tarball no local data for env-paths@https://registry.npmjs.org/env-paths/-/env-paths-2.2.1.tgz. Extracting by manifest.
638 silly tarball no local data for entities@https://registry.npmjs.org/entities/-/entities-3.0.1.tgz. Extracting by manifest.
639 silly tarball no local data for enhanced-resolve@https://registry.npmjs.org/enhanced-resolve/-/enhanced-resolve-5.16.0.tgz. Extracting by manifest.
640 silly tarball no local data for end-of-stream@https://registry.npmjs.org/end-of-stream/-/end-of-stream-1.4.4.tgz. Extracting by manifest.
641 silly tarball no local data for encoding@https://registry.npmjs.org/encoding/-/encoding-0.1.13.tgz. Extracting by manifest.
642 silly tarball no local data for emoji-regex@https://registry.npmjs.org/emoji-regex/-/emoji-regex-8.0.0.tgz. Extracting by manifest.
643 silly tarball no local data for emittery@https://registry.npmjs.org/emittery/-/emittery-0.13.1.tgz. Extracting by manifest.
644 silly tarball no local data for electron-to-chromium@https://registry.npmjs.org/electron-to-chromium/-/electron-to-chromium-1.4.746.tgz. Extracting by manifest.
645 silly tarball no local data for editorconfig@https://registry.npmjs.org/editorconfig/-/editorconfig-1.0.4.tgz. Extracting by manifest.
646 silly tarball no local data for eastasianwidth@https://registry.npmjs.org/eastasianwidth/-/eastasianwidth-0.2.0.tgz. Extracting by manifest.
647 silly tarball no local data for dottie@https://registry.npmjs.org/dottie/-/dottie-2.0.6.tgz. Extracting by manifest.
648 silly tarball no local data for dotenv@https://registry.npmjs.org/dotenv/-/dotenv-16.4.5.tgz. Extracting by manifest.
649 silly tarball no local data for dot-prop@https://registry.npmjs.org/dot-prop/-/dot-prop-6.0.1.tgz. Extracting by manifest.
650 silly tarball no local data for doctypes@https://registry.npmjs.org/doctypes/-/doctypes-1.1.0.tgz. Extracting by manifest.
651 silly tarball no local data for doctrine@https://registry.npmjs.org/doctrine/-/doctrine-3.0.0.tgz. Extracting by manifest.
652 silly tarball no local data for dir-glob@https://registry.npmjs.org/dir-glob/-/dir-glob-3.0.1.tgz. Extracting by manifest.
653 silly tarball no local data for diff-sequences@https://registry.npmjs.org/diff-sequences/-/diff-sequences-29.6.3.tgz. Extracting by manifest.
654 silly tarball no local data for detect-newline@https://registry.npmjs.org/detect-newline/-/detect-newline-3.1.0.tgz. Extracting by manifest.
655 silly tarball no local data for detect-libc@https://registry.npmjs.org/detect-libc/-/detect-libc-2.0.3.tgz. Extracting by manifest.
656 silly tarball no local data for depd@https://registry.npmjs.org/depd/-/depd-2.0.0.tgz. Extracting by manifest.
657 silly tarball no local data for delegates@https://registry.npmjs.org/delegates/-/delegates-1.0.0.tgz. Extracting by manifest.
658 silly tarball no local data for define-properties@https://registry.npmjs.org/define-properties/-/define-properties-1.2.1.tgz. Extracting by manifest.
659 silly tarball no local data for define-data-property@https://registry.npmjs.org/define-data-property/-/define-data-property-1.1.4.tgz. Extracting by manifest.
660 silly tarball no local data for defer-to-connect@https://registry.npmjs.org/defer-to-connect/-/defer-to-connect-2.0.1.tgz. Extracting by manifest.
661 silly tarball no local data for deepmerge@https://registry.npmjs.org/deepmerge/-/deepmerge-4.3.1.tgz. Extracting by manifest.
662 silly tarball no local data for deep-is@https://registry.npmjs.org/deep-is/-/deep-is-0.1.4.tgz. Extracting by manifest.
663 silly tarball no local data for deep-extend@https://registry.npmjs.org/deep-extend/-/deep-extend-0.6.0.tgz. Extracting by manifest.
664 silly tarball no local data for dedent@https://registry.npmjs.org/dedent/-/dedent-1.5.3.tgz. Extracting by manifest.
665 silly tarball no local data for decompress-response@https://registry.npmjs.org/decompress-response/-/decompress-response-6.0.0.tgz. Extracting by manifest.
666 silly tarball no local data for debug@https://registry.npmjs.org/debug/-/debug-4.3.4.tgz. Extracting by manifest.
667 silly tarball no local data for db-errors@https://registry.npmjs.org/db-errors/-/db-errors-0.2.3.tgz. Extracting by manifest.
668 silly tarball no local data for dateformat@https://registry.npmjs.org/dateformat/-/dateformat-4.6.3.tgz. Extracting by manifest.
669 silly tarball no local data for date-fns@https://registry.npmjs.org/date-fns/-/date-fns-2.30.0.tgz. Extracting by manifest.
670 silly tarball no local data for data-view-byte-offset@https://registry.npmjs.org/data-view-byte-offset/-/data-view-byte-offset-1.0.0.tgz. Extracting by manifest.
671 silly tarball no local data for data-view-byte-length@https://registry.npmjs.org/data-view-byte-length/-/data-view-byte-length-1.0.1.tgz. Extracting by manifest.
672 silly tarball no local data for data-view-buffer@https://registry.npmjs.org/data-view-buffer/-/data-view-buffer-1.0.1.tgz. Extracting by manifest.
673 silly tarball no local data for d@https://registry.npmjs.org/d/-/d-1.0.2.tgz. Extracting by manifest.
674 silly tarball no local data for cssesc@https://registry.npmjs.org/cssesc/-/cssesc-3.0.0.tgz. Extracting by manifest.
675 silly tarball no local data for css-loader@https://registry.npmjs.org/css-loader/-/css-loader-7.1.1.tgz. Extracting by manifest.
676 silly tarball no local data for crypto-random-string@https://registry.npmjs.org/crypto-random-string/-/crypto-random-string-4.0.0.tgz. Extracting by manifest.
677 silly tarball no local data for cross-spawn@https://registry.npmjs.org/cross-spawn/-/cross-spawn-7.0.3.tgz. Extracting by manifest.
678 silly tarball no local data for create-jest@https://registry.npmjs.org/create-jest/-/create-jest-29.7.0.tgz. Extracting by manifest.
679 silly tarball no local data for cookie-signature@https://registry.npmjs.org/cookie-signature/-/cookie-signature-1.2.1.tgz. Extracting by manifest.
680 silly tarball no local data for cookie@https://registry.npmjs.org/cookie/-/cookie-0.6.0.tgz. Extracting by manifest.
681 silly tarball no local data for convert-source-map@https://registry.npmjs.org/convert-source-map/-/convert-source-map-2.0.0.tgz. Extracting by manifest.
682 silly tarball no local data for content-disposition@https://registry.npmjs.org/content-disposition/-/content-disposition-0.5.4.tgz. Extracting by manifest.
683 silly tarball no local data for constantinople@https://registry.npmjs.org/constantinople/-/constantinople-4.0.1.tgz. Extracting by manifest.
684 silly tarball no local data for console-control-strings@https://registry.npmjs.org/console-control-strings/-/console-control-strings-1.1.0.tgz. Extracting by manifest.
685 silly tarball no local data for confusing-browser-globals@https://registry.npmjs.org/confusing-browser-globals/-/confusing-browser-globals-1.0.11.tgz. Extracting by manifest.
686 silly tarball no local data for configstore@https://registry.npmjs.org/configstore/-/configstore-6.0.0.tgz. Extracting by manifest.
687 silly tarball no local data for config-chain@https://registry.npmjs.org/config-chain/-/config-chain-1.1.13.tgz. Extracting by manifest.
688 silly tarball no local data for concurrently@https://registry.npmjs.org/concurrently/-/concurrently-8.2.2.tgz. Extracting by manifest.
689 silly tarball no local data for concat-map@https://registry.npmjs.org/concat-map/-/concat-map-0.0.1.tgz. Extracting by manifest.
690 silly tarball no local data for commist@https://registry.npmjs.org/commist/-/commist-3.0.0.tgz. Extracting by manifest.
691 silly tarball no local data for commander@https://registry.npmjs.org/commander/-/commander-10.0.1.tgz. Extracting by manifest.
692 silly tarball no local data for colorette@https://registry.npmjs.org/colorette/-/colorette-2.0.19.tgz. Extracting by manifest.
693 silly tarball no local data for color-support@https://registry.npmjs.org/color-support/-/color-support-1.1.3.tgz. Extracting by manifest.
694 silly tarball no local data for color-name@https://registry.npmjs.org/color-name/-/color-name-1.1.4.tgz. Extracting by manifest.
695 silly tarball no local data for color-convert@https://registry.npmjs.org/color-convert/-/color-convert-2.0.1.tgz. Extracting by manifest.
696 silly tarball no local data for collect-v8-coverage@https://registry.npmjs.org/collect-v8-coverage/-/collect-v8-coverage-1.0.2.tgz. Extracting by manifest.
697 silly tarball no local data for co@https://registry.npmjs.org/co/-/co-4.6.0.tgz. Extracting by manifest.
698 silly tarball no local data for close-with-grace@https://registry.npmjs.org/close-with-grace/-/close-with-grace-1.1.0.tgz. Extracting by manifest.
699 silly tarball no local data for clone-response@https://registry.npmjs.org/clone-response/-/clone-response-1.0.3.tgz. Extracting by manifest.
700 silly tarball no local data for clone-deep@https://registry.npmjs.org/clone-deep/-/clone-deep-4.0.1.tgz. Extracting by manifest.
701 silly tarball no local data for cliui@https://registry.npmjs.org/cliui/-/cliui-8.0.1.tgz. Extracting by manifest.
702 silly tarball no local data for cli-table3@https://registry.npmjs.org/cli-table3/-/cli-table3-0.6.4.tgz. Extracting by manifest.
703 silly tarball no local data for cli-color@https://registry.npmjs.org/cli-color/-/cli-color-2.0.4.tgz. Extracting by manifest.
704 silly tarball no local data for cli-boxes@https://registry.npmjs.org/cli-boxes/-/cli-boxes-3.0.0.tgz. Extracting by manifest.
705 silly tarball no local data for clean-stack@https://registry.npmjs.org/clean-stack/-/clean-stack-2.2.0.tgz. Extracting by manifest.
706 silly tarball no local data for cjs-module-lexer@https://registry.npmjs.org/cjs-module-lexer/-/cjs-module-lexer-1.2.3.tgz. Extracting by manifest.
707 silly tarball no local data for ci-info@https://registry.npmjs.org/ci-info/-/ci-info-3.3.2.tgz. Extracting by manifest.
708 silly tarball no local data for chrome-trace-event@https://registry.npmjs.org/chrome-trace-event/-/chrome-trace-event-1.0.3.tgz. Extracting by manifest.
709 silly tarball no local data for chownr@https://registry.npmjs.org/chownr/-/chownr-2.0.0.tgz. Extracting by manifest.
710 silly tarball no local data for chokidar@https://registry.npmjs.org/chokidar/-/chokidar-3.5.3.tgz. Extracting by manifest.
711 silly tarball no local data for character-parser@https://registry.npmjs.org/character-parser/-/character-parser-2.2.0.tgz. Extracting by manifest.
712 silly tarball no local data for char-regex@https://registry.npmjs.org/char-regex/-/char-regex-1.0.2.tgz. Extracting by manifest.
713 silly tarball no local data for chalk@https://registry.npmjs.org/chalk/-/chalk-4.1.2.tgz. Extracting by manifest.
714 silly tarball no local data for caniuse-lite@https://registry.npmjs.org/caniuse-lite/-/caniuse-lite-1.0.30001612.tgz. Extracting by manifest.
715 silly tarball no local data for camelcase@https://registry.npmjs.org/camelcase/-/camelcase-5.3.1.tgz. Extracting by manifest.
716 silly tarball no local data for callsites@https://registry.npmjs.org/callsites/-/callsites-3.1.0.tgz. Extracting by manifest.
717 silly tarball no local data for call-bind@https://registry.npmjs.org/call-bind/-/call-bind-1.0.7.tgz. Extracting by manifest.
718 silly tarball no local data for cacheable-request@https://registry.npmjs.org/cacheable-request/-/cacheable-request-7.0.2.tgz. Extracting by manifest.
719 silly tarball no local data for cacheable-lookup@https://registry.npmjs.org/cacheable-lookup/-/cacheable-lookup-6.1.0.tgz. Extracting by manifest.
720 silly tarball no local data for cacache@https://registry.npmjs.org/cacache/-/cacache-17.1.4.tgz. Extracting by manifest.
721 silly tarball no local data for builtins@https://registry.npmjs.org/builtins/-/builtins-5.1.0.tgz. Extracting by manifest.
722 silly tarball no local data for buffer-from@https://registry.npmjs.org/buffer-from/-/buffer-from-1.1.2.tgz. Extracting by manifest.
723 silly tarball no local data for buffer@https://registry.npmjs.org/buffer/-/buffer-5.7.1.tgz. Extracting by manifest.
724 silly tarball no local data for bser@https://registry.npmjs.org/bser/-/bser-2.1.1.tgz. Extracting by manifest.
725 silly tarball no local data for browserslist@https://registry.npmjs.org/browserslist/-/browserslist-4.23.0.tgz. Extracting by manifest.
726 silly tarball no local data for braces@https://registry.npmjs.org/braces/-/braces-3.0.2.tgz. Extracting by manifest.
727 silly tarball no local data for brace-expansion@https://registry.npmjs.org/brace-expansion/-/brace-expansion-1.1.11.tgz. Extracting by manifest.
728 silly tarball no local data for boxen@https://registry.npmjs.org/boxen/-/boxen-7.0.0.tgz. Extracting by manifest.
729 silly tarball no local data for bootstrap@https://registry.npmjs.org/bootstrap/-/bootstrap-5.3.3.tgz. Extracting by manifest.
730 silly tarball no local data for bluebird@https://registry.npmjs.org/bluebird/-/bluebird-3.7.2.tgz. Extracting by manifest.
731 silly tarball no local data for bl@https://registry.npmjs.org/bl/-/bl-4.1.0.tgz. Extracting by manifest.
732 silly tarball no local data for bindings@https://registry.npmjs.org/bindings/-/bindings-1.5.0.tgz. Extracting by manifest.
733 silly tarball no local data for binary-extensions@https://registry.npmjs.org/binary-extensions/-/binary-extensions-2.2.0.tgz. Extracting by manifest.
734 silly tarball no local data for better-sqlite3@https://registry.npmjs.org/better-sqlite3/-/better-sqlite3-8.7.0.tgz. Extracting by manifest.
735 silly tarball no local data for base64-js@https://registry.npmjs.org/base64-js/-/base64-js-1.5.1.tgz. Extracting by manifest.
736 silly tarball no local data for balanced-match@https://registry.npmjs.org/balanced-match/-/balanced-match-1.0.2.tgz. Extracting by manifest.
737 silly tarball no local data for babel-walk@https://registry.npmjs.org/babel-walk/-/babel-walk-3.0.0-canary-5.tgz. Extracting by manifest.
738 silly tarball no local data for babel-preset-jest@https://registry.npmjs.org/babel-preset-jest/-/babel-preset-jest-29.6.3.tgz. Extracting by manifest.
739 silly tarball no local data for babel-preset-current-node-syntax@https://registry.npmjs.org/babel-preset-current-node-syntax/-/babel-preset-current-node-syntax-1.0.1.tgz. Extracting by manifest.
740 silly tarball no local data for babel-plugin-jest-hoist@https://registry.npmjs.org/babel-plugin-jest-hoist/-/babel-plugin-jest-hoist-29.6.3.tgz. Extracting by manifest.
741 silly tarball no local data for babel-plugin-istanbul@https://registry.npmjs.org/babel-plugin-istanbul/-/babel-plugin-istanbul-6.1.1.tgz. Extracting by manifest.
742 silly tarball no local data for babel-jest@https://registry.npmjs.org/babel-jest/-/babel-jest-29.7.0.tgz. Extracting by manifest.
743 silly tarball no local data for avvio@https://registry.npmjs.org/avvio/-/avvio-8.3.0.tgz. Extracting by manifest.
744 silly tarball no local data for available-typed-arrays@https://registry.npmjs.org/available-typed-arrays/-/available-typed-arrays-1.0.7.tgz. Extracting by manifest.
745 silly tarball no local data for atomic-sleep@https://registry.npmjs.org/atomic-sleep/-/atomic-sleep-1.0.0.tgz. Extracting by manifest.
746 silly tarball no local data for at-least-node@https://registry.npmjs.org/at-least-node/-/at-least-node-1.0.0.tgz. Extracting by manifest.
747 silly tarball no local data for assert-never@https://registry.npmjs.org/assert-never/-/assert-never-1.2.1.tgz. Extracting by manifest.
748 silly tarball no local data for asap@https://registry.npmjs.org/asap/-/asap-2.0.6.tgz. Extracting by manifest.
749 silly tarball no local data for arraybuffer.prototype.slice@https://registry.npmjs.org/arraybuffer.prototype.slice/-/arraybuffer.prototype.slice-1.0.3.tgz. Extracting by manifest.
750 silly tarball no local data for array.prototype.flatmap@https://registry.npmjs.org/array.prototype.flatmap/-/array.prototype.flatmap-1.3.2.tgz. Extracting by manifest.
751 silly tarball no local data for array.prototype.flat@https://registry.npmjs.org/array.prototype.flat/-/array.prototype.flat-1.3.2.tgz. Extracting by manifest.
752 silly tarball no local data for array.prototype.findlastindex@https://registry.npmjs.org/array.prototype.findlastindex/-/array.prototype.findlastindex-1.2.5.tgz. Extracting by manifest.
753 silly tarball no local data for array-union@https://registry.npmjs.org/array-union/-/array-union-2.1.0.tgz. Extracting by manifest.
754 silly tarball no local data for array-includes@https://registry.npmjs.org/array-includes/-/array-includes-3.1.8.tgz. Extracting by manifest.
755 silly tarball no local data for array-buffer-byte-length@https://registry.npmjs.org/array-buffer-byte-length/-/array-buffer-byte-length-1.0.1.tgz. Extracting by manifest.
756 silly tarball no local data for argparse@https://registry.npmjs.org/argparse/-/argparse-2.0.1.tgz. Extracting by manifest.
757 silly tarball no local data for are-we-there-yet@https://registry.npmjs.org/are-we-there-yet/-/are-we-there-yet-3.0.1.tgz. Extracting by manifest.
758 silly tarball no local data for archy@https://registry.npmjs.org/archy/-/archy-1.0.0.tgz. Extracting by manifest.
759 silly tarball no local data for aproba@https://registry.npmjs.org/aproba/-/aproba-2.0.0.tgz. Extracting by manifest.
760 silly tarball no local data for anymatch@https://registry.npmjs.org/anymatch/-/anymatch-3.1.2.tgz. Extracting by manifest.
761 silly tarball no local data for ansi-styles@https://registry.npmjs.org/ansi-styles/-/ansi-styles-4.3.0.tgz. Extracting by manifest.
762 silly tarball no local data for ansi-regex@https://registry.npmjs.org/ansi-regex/-/ansi-regex-5.0.1.tgz. Extracting by manifest.
763 silly tarball no local data for ansi-escapes@https://registry.npmjs.org/ansi-escapes/-/ansi-escapes-4.3.2.tgz. Extracting by manifest.
764 silly tarball no local data for ansi-align@https://registry.npmjs.org/ansi-align/-/ansi-align-3.0.1.tgz. Extracting by manifest.
765 silly tarball no local data for ajv-keywords@https://registry.npmjs.org/ajv-keywords/-/ajv-keywords-3.5.2.tgz. Extracting by manifest.
766 silly tarball no local data for ajv-formats@https://registry.npmjs.org/ajv-formats/-/ajv-formats-2.1.1.tgz. Extracting by manifest.
767 silly tarball no local data for ajv@https://registry.npmjs.org/ajv/-/ajv-6.12.6.tgz. Extracting by manifest.
768 silly tarball no local data for aggregate-error@https://registry.npmjs.org/aggregate-error/-/aggregate-error-3.1.0.tgz. Extracting by manifest.
769 silly tarball no local data for agentkeepalive@https://registry.npmjs.org/agentkeepalive/-/agentkeepalive-4.2.1.tgz. Extracting by manifest.
770 silly tarball no local data for agent-base@https://registry.npmjs.org/agent-base/-/agent-base-6.0.2.tgz. Extracting by manifest.
771 silly tarball no local data for acorn-jsx@https://registry.npmjs.org/acorn-jsx/-/acorn-jsx-5.3.2.tgz. Extracting by manifest.
772 silly tarball no local data for acorn-import-assertions@https://registry.npmjs.org/acorn-import-assertions/-/acorn-import-assertions-1.9.0.tgz. Extracting by manifest.
773 silly tarball no local data for acorn@https://registry.npmjs.org/acorn/-/acorn-8.11.3.tgz. Extracting by manifest.
774 silly tarball no local data for abstract-logging@https://registry.npmjs.org/abstract-logging/-/abstract-logging-2.0.1.tgz. Extracting by manifest.
775 silly tarball no local data for abort-controller@https://registry.npmjs.org/abort-controller/-/abort-controller-3.0.0.tgz. Extracting by manifest.
776 silly tarball no local data for abbrev@https://registry.npmjs.org/abbrev/-/abbrev-1.1.1.tgz. Extracting by manifest.
777 silly tarball no local data for @xtuc/long@https://registry.npmjs.org/@xtuc/long/-/long-4.2.2.tgz. Extracting by manifest.
778 silly tarball no local data for @xtuc/ieee754@https://registry.npmjs.org/@xtuc/ieee754/-/ieee754-1.2.0.tgz. Extracting by manifest.
779 silly tarball no local data for @webpack-cli/serve@https://registry.npmjs.org/@webpack-cli/serve/-/serve-2.0.5.tgz. Extracting by manifest.
780 silly tarball no local data for @webpack-cli/info@https://registry.npmjs.org/@webpack-cli/info/-/info-2.0.2.tgz. Extracting by manifest.
781 silly tarball no local data for @webpack-cli/configtest@https://registry.npmjs.org/@webpack-cli/configtest/-/configtest-2.1.1.tgz. Extracting by manifest.
782 silly tarball no local data for @webassemblyjs/wast-printer@https://registry.npmjs.org/@webassemblyjs/wast-printer/-/wast-printer-1.12.1.tgz. Extracting by manifest.
783 silly tarball no local data for @webassemblyjs/wasm-parser@https://registry.npmjs.org/@webassemblyjs/wasm-parser/-/wasm-parser-1.12.1.tgz. Extracting by manifest.
784 silly tarball no local data for @webassemblyjs/wasm-opt@https://registry.npmjs.org/@webassemblyjs/wasm-opt/-/wasm-opt-1.12.1.tgz. Extracting by manifest.
785 silly tarball no local data for @webassemblyjs/wasm-gen@https://registry.npmjs.org/@webassemblyjs/wasm-gen/-/wasm-gen-1.12.1.tgz. Extracting by manifest.
786 silly tarball no local data for @webassemblyjs/wasm-edit@https://registry.npmjs.org/@webassemblyjs/wasm-edit/-/wasm-edit-1.12.1.tgz. Extracting by manifest.
787 silly tarball no local data for @webassemblyjs/utf8@https://registry.npmjs.org/@webassemblyjs/utf8/-/utf8-1.11.6.tgz. Extracting by manifest.
788 silly tarball no local data for @webassemblyjs/leb128@https://registry.npmjs.org/@webassemblyjs/leb128/-/leb128-1.11.6.tgz. Extracting by manifest.
789 silly tarball no local data for @webassemblyjs/ieee754@https://registry.npmjs.org/@webassemblyjs/ieee754/-/ieee754-1.11.6.tgz. Extracting by manifest.
790 silly tarball no local data for @webassemblyjs/helper-wasm-section@https://registry.npmjs.org/@webassemblyjs/helper-wasm-section/-/helper-wasm-section-1.12.1.tgz. Extracting by manifest.
791 silly tarball no local data for @webassemblyjs/helper-wasm-bytecode@https://registry.npmjs.org/@webassemblyjs/helper-wasm-bytecode/-/helper-wasm-bytecode-1.11.6.tgz. Extracting by manifest.
792 silly tarball no local data for @webassemblyjs/helper-numbers@https://registry.npmjs.org/@webassemblyjs/helper-numbers/-/helper-numbers-1.11.6.tgz. Extracting by manifest.
793 silly tarball no local data for @webassemblyjs/helper-buffer@https://registry.npmjs.org/@webassemblyjs/helper-buffer/-/helper-buffer-1.12.1.tgz. Extracting by manifest.
794 silly tarball no local data for @webassemblyjs/helper-api-error@https://registry.npmjs.org/@webassemblyjs/helper-api-error/-/helper-api-error-1.11.6.tgz. Extracting by manifest.
795 silly tarball no local data for @webassemblyjs/floating-point-hex-parser@https://registry.npmjs.org/@webassemblyjs/floating-point-hex-parser/-/floating-point-hex-parser-1.11.6.tgz. Extracting by manifest.
796 silly tarball no local data for @webassemblyjs/ast@https://registry.npmjs.org/@webassemblyjs/ast/-/ast-1.12.1.tgz. Extracting by manifest.
797 silly tarball no local data for @vscode/sqlite3@https://registry.npmjs.org/@vscode/sqlite3/-/sqlite3-5.1.2.tgz. Extracting by manifest.
798 silly tarball no local data for @ungap/structured-clone@https://registry.npmjs.org/@ungap/structured-clone/-/structured-clone-1.2.0.tgz. Extracting by manifest.
799 silly tarball no local data for @types/yargs-parser@https://registry.npmjs.org/@types/yargs-parser/-/yargs-parser-21.0.3.tgz. Extracting by manifest.
800 silly tarball no local data for @types/yargs@https://registry.npmjs.org/@types/yargs/-/yargs-17.0.32.tgz. Extracting by manifest.
801 silly tarball no local data for @types/validator@https://registry.npmjs.org/@types/validator/-/validator-13.11.9.tgz. Extracting by manifest.
802 silly tarball no local data for @types/stack-utils@https://registry.npmjs.org/@types/stack-utils/-/stack-utils-2.0.3.tgz. Extracting by manifest.
803 silly tarball no local data for @types/stack-trace@https://registry.npmjs.org/@types/stack-trace/-/stack-trace-0.0.29.tgz. Extracting by manifest.
804 silly tarball no local data for @types/semver-utils@https://registry.npmjs.org/@types/semver-utils/-/semver-utils-1.1.3.tgz. Extracting by manifest.
805 silly tarball no local data for @types/responselike@https://registry.npmjs.org/@types/responselike/-/responselike-1.0.0.tgz. Extracting by manifest.
806 silly tarball no local data for @types/node@https://registry.npmjs.org/@types/node/-/node-20.12.7.tgz. Extracting by manifest.
807 silly tarball no local data for @types/ms@https://registry.npmjs.org/@types/ms/-/ms-0.7.34.tgz. Extracting by manifest.
808 silly tarball no local data for @types/keyv@https://registry.npmjs.org/@types/keyv/-/keyv-3.1.4.tgz. Extracting by manifest.
809 silly tarball no local data for @types/json5@https://registry.npmjs.org/@types/json5/-/json5-0.0.29.tgz. Extracting by manifest.
810 silly tarball no local data for @types/json-schema@https://registry.npmjs.org/@types/json-schema/-/json-schema-7.0.11.tgz. Extracting by manifest.
811 silly tarball no local data for @types/jest@https://registry.npmjs.org/@types/jest/-/jest-29.5.12.tgz. Extracting by manifest.
812 silly tarball no local data for @types/istanbul-reports@https://registry.npmjs.org/@types/istanbul-reports/-/istanbul-reports-3.0.4.tgz. Extracting by manifest.
813 silly tarball no local data for @types/istanbul-lib-report@https://registry.npmjs.org/@types/istanbul-lib-report/-/istanbul-lib-report-3.0.3.tgz. Extracting by manifest.
814 silly tarball no local data for @types/istanbul-lib-coverage@https://registry.npmjs.org/@types/istanbul-lib-coverage/-/istanbul-lib-coverage-2.0.6.tgz. Extracting by manifest.
815 silly tarball no local data for @types/http-cache-semantics@https://registry.npmjs.org/@types/http-cache-semantics/-/http-cache-semantics-4.0.1.tgz. Extracting by manifest.
816 silly tarball no local data for @types/graceful-fs@https://registry.npmjs.org/@types/graceful-fs/-/graceful-fs-4.1.9.tgz. Extracting by manifest.
817 silly tarball no local data for @types/estree@https://registry.npmjs.org/@types/estree/-/estree-1.0.5.tgz. Extracting by manifest.
818 silly tarball no local data for @types/eslint-scope@https://registry.npmjs.org/@types/eslint-scope/-/eslint-scope-3.7.4.tgz. Extracting by manifest.
819 silly tarball no local data for @types/eslint@https://registry.npmjs.org/@types/eslint/-/eslint-8.4.6.tgz. Extracting by manifest.
820 silly tarball no local data for @types/debug@https://registry.npmjs.org/@types/debug/-/debug-4.1.12.tgz. Extracting by manifest.
821 silly tarball no local data for @types/cacheable-request@https://registry.npmjs.org/@types/cacheable-request/-/cacheable-request-6.0.2.tgz. Extracting by manifest.
822 silly tarball no local data for @types/babel__traverse@https://registry.npmjs.org/@types/babel__traverse/-/babel__traverse-7.20.5.tgz. Extracting by manifest.
823 silly tarball no local data for @types/babel__template@https://registry.npmjs.org/@types/babel__template/-/babel__template-7.4.4.tgz. Extracting by manifest.
824 silly tarball no local data for @types/babel__generator@https://registry.npmjs.org/@types/babel__generator/-/babel__generator-7.6.8.tgz. Extracting by manifest.
825 silly tarball no local data for @tufjs/models@https://registry.npmjs.org/@tufjs/models/-/models-1.0.4.tgz. Extracting by manifest.
826 silly tarball no local data for @tufjs/canonical-json@https://registry.npmjs.org/@tufjs/canonical-json/-/canonical-json-1.0.0.tgz. Extracting by manifest.
827 silly tarball no local data for @tootallnate/once@https://registry.npmjs.org/@tootallnate/once/-/once-2.0.0.tgz. Extracting by manifest.
828 silly tarball no local data for @szmarczak/http-timer@https://registry.npmjs.org/@szmarczak/http-timer/-/http-timer-5.0.1.tgz. Extracting by manifest.
829 silly tarball no local data for @sinonjs/fake-timers@https://registry.npmjs.org/@sinonjs/fake-timers/-/fake-timers-10.3.0.tgz. Extracting by manifest.
830 silly tarball no local data for @sinonjs/commons@https://registry.npmjs.org/@sinonjs/commons/-/commons-3.0.1.tgz. Extracting by manifest.
831 silly tarball no local data for @sindresorhus/is@https://registry.npmjs.org/@sindresorhus/is/-/is-5.3.0.tgz. Extracting by manifest.
832 silly tarball no local data for @sinclair/typebox@https://registry.npmjs.org/@sinclair/typebox/-/typebox-0.27.8.tgz. Extracting by manifest.
833 silly tarball no local data for @sigstore/tuf@https://registry.npmjs.org/@sigstore/tuf/-/tuf-1.0.3.tgz. Extracting by manifest.
834 silly tarball no local data for @sigstore/sign@https://registry.npmjs.org/@sigstore/sign/-/sign-1.0.0.tgz. Extracting by manifest.
835 silly tarball no local data for @sigstore/protobuf-specs@https://registry.npmjs.org/@sigstore/protobuf-specs/-/protobuf-specs-0.2.1.tgz. Extracting by manifest.
836 silly tarball no local data for @sigstore/bundle@https://registry.npmjs.org/@sigstore/bundle/-/bundle-1.1.0.tgz. Extracting by manifest.
837 silly tarball no local data for @rails/ujs@https://registry.npmjs.org/@rails/ujs/-/ujs-7.1.3-2.tgz. Extracting by manifest.
838 silly tarball no local data for @popperjs/core@https://registry.npmjs.org/@popperjs/core/-/core-2.11.8.tgz. Extracting by manifest.
839 silly tarball no local data for @pnpm/npm-conf@https://registry.npmjs.org/@pnpm/npm-conf/-/npm-conf-1.0.5.tgz. Extracting by manifest.
840 silly tarball no local data for @pnpm/network.ca-file@https://registry.npmjs.org/@pnpm/network.ca-file/-/network.ca-file-1.0.1.tgz. Extracting by manifest.
841 silly tarball no local data for @pkgjs/parseargs@https://registry.npmjs.org/@pkgjs/parseargs/-/parseargs-0.11.0.tgz. Extracting by manifest.
842 silly tarball no local data for @one-ini/wasm@https://registry.npmjs.org/@one-ini/wasm/-/wasm-0.1.1.tgz. Extracting by manifest.
843 silly tarball no local data for @npmcli/run-script@https://registry.npmjs.org/@npmcli/run-script/-/run-script-6.0.2.tgz. Extracting by manifest.
844 silly tarball no local data for @npmcli/promise-spawn@https://registry.npmjs.org/@npmcli/promise-spawn/-/promise-spawn-6.0.2.tgz. Extracting by manifest.
845 silly tarball no local data for @npmcli/node-gyp@https://registry.npmjs.org/@npmcli/node-gyp/-/node-gyp-3.0.0.tgz. Extracting by manifest.
846 silly tarball no local data for @npmcli/move-file@https://registry.npmjs.org/@npmcli/move-file/-/move-file-2.0.1.tgz. Extracting by manifest.
847 silly tarball no local data for @npmcli/installed-package-contents@https://registry.npmjs.org/@npmcli/installed-package-contents/-/installed-package-contents-2.0.2.tgz. Extracting by manifest.
848 silly tarball no local data for @npmcli/git@https://registry.npmjs.org/@npmcli/git/-/git-4.1.0.tgz. Extracting by manifest.
849 silly tarball no local data for @npmcli/fs@https://registry.npmjs.org/@npmcli/fs/-/fs-3.1.0.tgz. Extracting by manifest.
850 silly tarball no local data for @nodelib/fs.walk@https://registry.npmjs.org/@nodelib/fs.walk/-/fs.walk-1.2.8.tgz. Extracting by manifest.
851 silly tarball no local data for @nodelib/fs.stat@https://registry.npmjs.org/@nodelib/fs.stat/-/fs.stat-2.0.5.tgz. Extracting by manifest.
852 silly tarball no local data for @nodelib/fs.scandir@https://registry.npmjs.org/@nodelib/fs.scandir/-/fs.scandir-2.1.5.tgz. Extracting by manifest.
853 silly tarball no local data for @lukeed/ms@https://registry.npmjs.org/@lukeed/ms/-/ms-2.0.2.tgz. Extracting by manifest.
854 silly tarball no local data for @jridgewell/trace-mapping@https://registry.npmjs.org/@jridgewell/trace-mapping/-/trace-mapping-0.3.25.tgz. Extracting by manifest.
855 silly tarball no local data for @jridgewell/sourcemap-codec@https://registry.npmjs.org/@jridgewell/sourcemap-codec/-/sourcemap-codec-1.4.15.tgz. Extracting by manifest.
856 silly tarball no local data for @jridgewell/source-map@https://registry.npmjs.org/@jridgewell/source-map/-/source-map-0.3.6.tgz. Extracting by manifest.
857 silly tarball no local data for @jridgewell/set-array@https://registry.npmjs.org/@jridgewell/set-array/-/set-array-1.2.1.tgz. Extracting by manifest.
858 silly tarball no local data for @jridgewell/resolve-uri@https://registry.npmjs.org/@jridgewell/resolve-uri/-/resolve-uri-3.1.2.tgz. Extracting by manifest.
859 silly tarball no local data for @jridgewell/gen-mapping@https://registry.npmjs.org/@jridgewell/gen-mapping/-/gen-mapping-0.3.5.tgz. Extracting by manifest.
860 silly tarball no local data for @jest/types@https://registry.npmjs.org/@jest/types/-/types-29.6.3.tgz. Extracting by manifest.
861 silly tarball no local data for @jest/transform@https://registry.npmjs.org/@jest/transform/-/transform-29.7.0.tgz. Extracting by manifest.
862 silly tarball no local data for @jest/test-sequencer@https://registry.npmjs.org/@jest/test-sequencer/-/test-sequencer-29.7.0.tgz. Extracting by manifest.
863 silly tarball no local data for @jest/test-result@https://registry.npmjs.org/@jest/test-result/-/test-result-29.7.0.tgz. Extracting by manifest.
864 silly tarball no local data for @jest/source-map@https://registry.npmjs.org/@jest/source-map/-/source-map-29.6.3.tgz. Extracting by manifest.
865 silly tarball no local data for @jest/schemas@https://registry.npmjs.org/@jest/schemas/-/schemas-29.6.3.tgz. Extracting by manifest.
866 silly tarball no local data for @jest/reporters@https://registry.npmjs.org/@jest/reporters/-/reporters-29.7.0.tgz. Extracting by manifest.
867 silly tarball no local data for @jest/globals@https://registry.npmjs.org/@jest/globals/-/globals-29.7.0.tgz. Extracting by manifest.
868 silly tarball no local data for @jest/fake-timers@https://registry.npmjs.org/@jest/fake-timers/-/fake-timers-29.7.0.tgz. Extracting by manifest.
869 silly tarball no local data for @jest/expect-utils@https://registry.npmjs.org/@jest/expect-utils/-/expect-utils-29.7.0.tgz. Extracting by manifest.
870 silly tarball no local data for @jest/expect@https://registry.npmjs.org/@jest/expect/-/expect-29.7.0.tgz. Extracting by manifest.
871 silly tarball no local data for @jest/environment@https://registry.npmjs.org/@jest/environment/-/environment-29.7.0.tgz. Extracting by manifest.
872 silly tarball no local data for @jest/core@https://registry.npmjs.org/@jest/core/-/core-29.7.0.tgz. Extracting by manifest.
873 silly tarball no local data for @jest/console@https://registry.npmjs.org/@jest/console/-/console-29.7.0.tgz. Extracting by manifest.
874 silly tarball no local data for @istanbuljs/schema@https://registry.npmjs.org/@istanbuljs/schema/-/schema-0.1.3.tgz. Extracting by manifest.
875 silly tarball no local data for @istanbuljs/load-nyc-config@https://registry.npmjs.org/@istanbuljs/load-nyc-config/-/load-nyc-config-1.1.0.tgz. Extracting by manifest.
876 silly tarball no local data for @isaacs/cliui@https://registry.npmjs.org/@isaacs/cliui/-/cliui-8.0.2.tgz. Extracting by manifest.
877 silly tarball no local data for @humanwhocodes/object-schema@https://registry.npmjs.org/@humanwhocodes/object-schema/-/object-schema-2.0.3.tgz. Extracting by manifest.
878 silly tarball no local data for @humanwhocodes/module-importer@https://registry.npmjs.org/@humanwhocodes/module-importer/-/module-importer-1.0.1.tgz. Extracting by manifest.
879 silly tarball no local data for @humanwhocodes/config-array@https://registry.npmjs.org/@humanwhocodes/config-array/-/config-array-0.11.14.tgz. Extracting by manifest.
880 silly tarball no local data for @gar/promisify@https://registry.npmjs.org/@gar/promisify/-/promisify-1.1.3.tgz. Extracting by manifest.
881 silly tarball no local data for @fastify/view@https://registry.npmjs.org/@fastify/view/-/view-9.0.0.tgz. Extracting by manifest.
882 silly tarball no local data for @fastify/static@https://registry.npmjs.org/@fastify/static/-/static-7.0.3.tgz. Extracting by manifest.
883 silly tarball no local data for @fastify/sensible@https://registry.npmjs.org/@fastify/sensible/-/sensible-5.5.0.tgz. Extracting by manifest.
884 silly tarball no local data for @fastify/send@https://registry.npmjs.org/@fastify/send/-/send-2.1.0.tgz. Extracting by manifest.
885 silly tarball no local data for @fastify/secure-session@https://registry.npmjs.org/@fastify/secure-session/-/secure-session-7.5.1.tgz. Extracting by manifest.
886 silly tarball no local data for @fastify/merge-json-schemas@https://registry.npmjs.org/@fastify/merge-json-schemas/-/merge-json-schemas-0.1.1.tgz. Extracting by manifest.
887 silly tarball no local data for @fastify/formbody@https://registry.npmjs.org/@fastify/formbody/-/formbody-7.4.0.tgz. Extracting by manifest.
888 silly tarball no local data for @fastify/flash@https://registry.npmjs.org/@fastify/flash/-/flash-5.1.0.tgz. Extracting by manifest.
889 silly tarball no local data for @fastify/fast-json-stringify-compiler@https://registry.npmjs.org/@fastify/fast-json-stringify-compiler/-/fast-json-stringify-compiler-4.3.0.tgz. Extracting by manifest.
890 silly tarball no local data for @fastify/error@https://registry.npmjs.org/@fastify/error/-/error-3.4.1.tgz. Extracting by manifest.
891 silly tarball no local data for @fastify/deepmerge@https://registry.npmjs.org/@fastify/deepmerge/-/deepmerge-1.3.0.tgz. Extracting by manifest.
892 silly tarball no local data for @fastify/cookie@https://registry.npmjs.org/@fastify/cookie/-/cookie-9.3.1.tgz. Extracting by manifest.
893 silly tarball no local data for @fastify/ajv-compiler@https://registry.npmjs.org/@fastify/ajv-compiler/-/ajv-compiler-3.5.0.tgz. Extracting by manifest.
894 silly tarball no local data for @fastify/accept-negotiator@https://registry.npmjs.org/@fastify/accept-negotiator/-/accept-negotiator-1.0.0.tgz. Extracting by manifest.
895 silly tarball no local data for @eslint/js@https://registry.npmjs.org/@eslint/js/-/js-9.1.1.tgz. Extracting by manifest.
896 silly tarball no local data for @eslint/eslintrc@https://registry.npmjs.org/@eslint/eslintrc/-/eslintrc-3.0.2.tgz. Extracting by manifest.
897 silly tarball no local data for @eslint-community/regexpp@https://registry.npmjs.org/@eslint-community/regexpp/-/regexpp-4.10.0.tgz. Extracting by manifest.
898 silly tarball no local data for @eslint-community/eslint-utils@https://registry.npmjs.org/@eslint-community/eslint-utils/-/eslint-utils-4.4.0.tgz. Extracting by manifest.
899 silly tarball no local data for @discoveryjs/json-ext@https://registry.npmjs.org/@discoveryjs/json-ext/-/json-ext-0.5.7.tgz. Extracting by manifest.
900 silly tarball no local data for @colors/colors@https://registry.npmjs.org/@colors/colors/-/colors-1.5.0.tgz. Extracting by manifest.
901 silly tarball no local data for @bcoe/v8-coverage@https://registry.npmjs.org/@bcoe/v8-coverage/-/v8-coverage-0.2.3.tgz. Extracting by manifest.
902 silly tarball no local data for @babel/types@https://registry.npmjs.org/@babel/types/-/types-7.24.0.tgz. Extracting by manifest.
903 silly tarball no local data for @babel/traverse@https://registry.npmjs.org/@babel/traverse/-/traverse-7.24.1.tgz. Extracting by manifest.
904 silly tarball no local data for @babel/template@https://registry.npmjs.org/@babel/template/-/template-7.24.0.tgz. Extracting by manifest.
905 silly tarball no local data for @babel/runtime@https://registry.npmjs.org/@babel/runtime/-/runtime-7.24.4.tgz. Extracting by manifest.
906 silly tarball no local data for @babel/plugin-syntax-typescript@https://registry.npmjs.org/@babel/plugin-syntax-typescript/-/plugin-syntax-typescript-7.24.1.tgz. Extracting by manifest.
907 silly tarball no local data for @babel/plugin-syntax-top-level-await@https://registry.npmjs.org/@babel/plugin-syntax-top-level-await/-/plugin-syntax-top-level-await-7.14.5.tgz. Extracting by manifest.
908 silly tarball no local data for @babel/plugin-syntax-optional-chaining@https://registry.npmjs.org/@babel/plugin-syntax-optional-chaining/-/plugin-syntax-optional-chaining-7.8.3.tgz. Extracting by manifest.
909 silly tarball no local data for @babel/plugin-syntax-object-rest-spread@https://registry.npmjs.org/@babel/plugin-syntax-object-rest-spread/-/plugin-syntax-object-rest-spread-7.8.3.tgz. Extracting by manifest.
910 silly tarball no local data for @babel/plugin-syntax-optional-catch-binding@https://registry.npmjs.org/@babel/plugin-syntax-optional-catch-binding/-/plugin-syntax-optional-catch-binding-7.8.3.tgz. Extracting by manifest.
911 silly tarball no local data for @babel/plugin-syntax-numeric-separator@https://registry.npmjs.org/@babel/plugin-syntax-numeric-separator/-/plugin-syntax-numeric-separator-7.10.4.tgz. Extracting by manifest.
912 silly tarball no local data for @babel/plugin-syntax-nullish-coalescing-operator@https://registry.npmjs.org/@babel/plugin-syntax-nullish-coalescing-operator/-/plugin-syntax-nullish-coalescing-operator-7.8.3.tgz. Extracting by manifest.
913 silly tarball no local data for @babel/plugin-syntax-logical-assignment-operators@https://registry.npmjs.org/@babel/plugin-syntax-logical-assignment-operators/-/plugin-syntax-logical-assignment-operators-7.10.4.tgz. Extracting by manifest.
914 silly tarball no local data for @babel/plugin-syntax-jsx@https://registry.npmjs.org/@babel/plugin-syntax-jsx/-/plugin-syntax-jsx-7.24.1.tgz. Extracting by manifest.
915 silly tarball no local data for @babel/plugin-syntax-json-strings@https://registry.npmjs.org/@babel/plugin-syntax-json-strings/-/plugin-syntax-json-strings-7.8.3.tgz. Extracting by manifest.
916 silly tarball no local data for @babel/plugin-syntax-import-meta@https://registry.npmjs.org/@babel/plugin-syntax-import-meta/-/plugin-syntax-import-meta-7.10.4.tgz. Extracting by manifest.
917 silly tarball no local data for @babel/plugin-syntax-class-properties@https://registry.npmjs.org/@babel/plugin-syntax-class-properties/-/plugin-syntax-class-properties-7.12.13.tgz. Extracting by manifest.
918 silly tarball no local data for @babel/plugin-syntax-bigint@https://registry.npmjs.org/@babel/plugin-syntax-bigint/-/plugin-syntax-bigint-7.8.3.tgz. Extracting by manifest.
919 silly tarball no local data for @babel/plugin-syntax-async-generators@https://registry.npmjs.org/@babel/plugin-syntax-async-generators/-/plugin-syntax-async-generators-7.8.4.tgz. Extracting by manifest.
920 silly tarball no local data for @babel/parser@https://registry.npmjs.org/@babel/parser/-/parser-7.24.4.tgz. Extracting by manifest.
921 silly tarball no local data for @babel/highlight@https://registry.npmjs.org/@babel/highlight/-/highlight-7.24.2.tgz. Extracting by manifest.
922 silly tarball no local data for @babel/helpers@https://registry.npmjs.org/@babel/helpers/-/helpers-7.24.4.tgz. Extracting by manifest.
923 silly tarball no local data for @babel/helper-validator-option@https://registry.npmjs.org/@babel/helper-validator-option/-/helper-validator-option-7.23.5.tgz. Extracting by manifest.
924 silly tarball no local data for @babel/helper-validator-identifier@https://registry.npmjs.org/@babel/helper-validator-identifier/-/helper-validator-identifier-7.22.20.tgz. Extracting by manifest.
925 silly tarball no local data for @babel/helper-string-parser@https://registry.npmjs.org/@babel/helper-string-parser/-/helper-string-parser-7.24.1.tgz. Extracting by manifest.
926 silly tarball no local data for @babel/helper-split-export-declaration@https://registry.npmjs.org/@babel/helper-split-export-declaration/-/helper-split-export-declaration-7.22.6.tgz. Extracting by manifest.
927 silly tarball no local data for @babel/helper-simple-access@https://registry.npmjs.org/@babel/helper-simple-access/-/helper-simple-access-7.22.5.tgz. Extracting by manifest.
928 silly tarball no local data for @babel/helper-plugin-utils@https://registry.npmjs.org/@babel/helper-plugin-utils/-/helper-plugin-utils-7.24.0.tgz. Extracting by manifest.
929 silly tarball no local data for @babel/helper-module-transforms@https://registry.npmjs.org/@babel/helper-module-transforms/-/helper-module-transforms-7.23.3.tgz. Extracting by manifest.
930 silly tarball no local data for @babel/helper-module-imports@https://registry.npmjs.org/@babel/helper-module-imports/-/helper-module-imports-7.24.3.tgz. Extracting by manifest.
931 silly tarball no local data for @babel/helper-hoist-variables@https://registry.npmjs.org/@babel/helper-hoist-variables/-/helper-hoist-variables-7.22.5.tgz. Extracting by manifest.
932 silly tarball no local data for @babel/helper-function-name@https://registry.npmjs.org/@babel/helper-function-name/-/helper-function-name-7.23.0.tgz. Extracting by manifest.
933 silly tarball no local data for @babel/helper-environment-visitor@https://registry.npmjs.org/@babel/helper-environment-visitor/-/helper-environment-visitor-7.22.20.tgz. Extracting by manifest.
934 silly tarball no local data for @babel/helper-compilation-targets@https://registry.npmjs.org/@babel/helper-compilation-targets/-/helper-compilation-targets-7.23.6.tgz. Extracting by manifest.
935 silly tarball no local data for @babel/generator@https://registry.npmjs.org/@babel/generator/-/generator-7.24.4.tgz. Extracting by manifest.
936 silly tarball no local data for @babel/core@https://registry.npmjs.org/@babel/core/-/core-7.24.4.tgz. Extracting by manifest.
937 silly tarball no local data for @babel/compat-data@https://registry.npmjs.org/@babel/compat-data/-/compat-data-7.24.4.tgz. Extracting by manifest.
938 silly tarball no local data for @babel/code-frame@https://registry.npmjs.org/@babel/code-frame/-/code-frame-7.24.2.tgz. Extracting by manifest.
939 silly tarball no local data for @ampproject/remapping@https://registry.npmjs.org/@ampproject/remapping/-/remapping-2.3.0.tgz. Extracting by manifest.
940 silly tarball no local data for @aashutoshrathi/word-wrap@https://registry.npmjs.org/@aashutoshrathi/word-wrap/-/word-wrap-1.2.6.tgz. Extracting by manifest.
941 silly tarball no local data for cookie@https://registry.npmjs.org/cookie/-/cookie-0.4.2.tgz. Extracting by manifest.
942 silly tarball no local data for strip-ansi@https://registry.npmjs.org/strip-ansi/-/strip-ansi-7.0.1.tgz. Extracting by manifest.
943 silly tarball no local data for string-width@https://registry.npmjs.org/string-width/-/string-width-5.1.2.tgz. Extracting by manifest.
944 silly tarball no local data for emoji-regex@https://registry.npmjs.org/emoji-regex/-/emoji-regex-9.2.2.tgz. Extracting by manifest.
945 silly tarball no local data for ansi-styles@https://registry.npmjs.org/ansi-styles/-/ansi-styles-6.1.0.tgz. Extracting by manifest.
946 silly tarball no local data for ansi-regex@https://registry.npmjs.org/ansi-regex/-/ansi-regex-6.0.1.tgz. Extracting by manifest.
947 silly tarball no local data for strip-ansi@https://registry.npmjs.org/strip-ansi/-/strip-ansi-7.0.1.tgz. Extracting by manifest.
948 silly tarball no local data for string-width@https://registry.npmjs.org/string-width/-/string-width-5.1.2.tgz. Extracting by manifest.
949 silly tarball no local data for emoji-regex@https://registry.npmjs.org/emoji-regex/-/emoji-regex-9.2.2.tgz. Extracting by manifest.
950 silly tarball no local data for ansi-regex@https://registry.npmjs.org/ansi-regex/-/ansi-regex-6.0.1.tgz. Extracting by manifest.
951 silly tarball no local data for interpret@https://registry.npmjs.org/interpret/-/interpret-3.1.1.tgz. Extracting by manifest.
952 silly tarball no local data for schema-utils@https://registry.npmjs.org/schema-utils/-/schema-utils-3.3.0.tgz. Extracting by manifest.
953 silly tarball no local data for graceful-fs@https://registry.npmjs.org/graceful-fs/-/graceful-fs-4.2.11.tgz. Extracting by manifest.
954 silly tarball no local data for estraverse@https://registry.npmjs.org/estraverse/-/estraverse-4.3.0.tgz. Extracting by manifest.
955 silly tarball no local data for eslint-scope@https://registry.npmjs.org/eslint-scope/-/eslint-scope-5.1.1.tgz. Extracting by manifest.
956 silly tarball no local data for chalk@https://registry.npmjs.org/chalk/-/chalk-5.0.1.tgz. Extracting by manifest.
957 silly tarball no local data for strip-bom@https://registry.npmjs.org/strip-bom/-/strip-bom-3.0.0.tgz. Extracting by manifest.
958 silly tarball no local data for json5@https://registry.npmjs.org/json5/-/json5-1.0.2.tgz. Extracting by manifest.
959 silly tarball no local data for glob@https://registry.npmjs.org/glob/-/glob-7.2.3.tgz. Extracting by manifest.
960 silly tarball no local data for supports-color@https://registry.npmjs.org/supports-color/-/supports-color-8.1.1.tgz. Extracting by manifest.
961 silly tarball no local data for schema-utils@https://registry.npmjs.org/schema-utils/-/schema-utils-3.3.0.tgz. Extracting by manifest.
962 silly tarball no local data for jest-worker@https://registry.npmjs.org/jest-worker/-/jest-worker-27.5.1.tgz. Extracting by manifest.
963 silly tarball no local data for source-map-support@https://registry.npmjs.org/source-map-support/-/source-map-support-0.5.21.tgz. Extracting by manifest.
964 silly tarball no local data for commander@https://registry.npmjs.org/commander/-/commander-2.20.3.tgz. Extracting by manifest.
965 silly tarball no local data for chownr@https://registry.npmjs.org/chownr/-/chownr-1.1.4.tgz. Extracting by manifest.
966 silly tarball no local data for escape-string-regexp@https://registry.npmjs.org/escape-string-regexp/-/escape-string-regexp-2.0.0.tgz. Extracting by manifest.
967 silly tarball no local data for minipass@https://registry.npmjs.org/minipass/-/minipass-7.0.4.tgz. Extracting by manifest.
968 silly tarball no local data for ssri@https://registry.npmjs.org/ssri/-/ssri-8.0.1.tgz. Extracting by manifest.
969 silly tarball no local data for socks-proxy-agent@https://registry.npmjs.org/socks-proxy-agent/-/socks-proxy-agent-6.2.1.tgz. Extracting by manifest.
970 silly tarball no local data for node-gyp@https://registry.npmjs.org/node-gyp/-/node-gyp-8.4.1.tgz. Extracting by manifest.
971 silly tarball no local data for node-addon-api@https://registry.npmjs.org/node-addon-api/-/node-addon-api-7.1.0.tgz. Extracting by manifest.
972 silly tarball no local data for minipass-fetch@https://registry.npmjs.org/minipass-fetch/-/minipass-fetch-1.4.1.tgz. Extracting by manifest.
973 silly tarball no local data for make-fetch-happen@https://registry.npmjs.org/make-fetch-happen/-/make-fetch-happen-9.1.0.tgz. Extracting by manifest.
974 silly tarball no local data for lru-cache@https://registry.npmjs.org/lru-cache/-/lru-cache-6.0.0.tgz. Extracting by manifest.
975 silly tarball no local data for http-proxy-agent@https://registry.npmjs.org/http-proxy-agent/-/http-proxy-agent-4.0.1.tgz. Extracting by manifest.
976 silly tarball no local data for glob@https://registry.npmjs.org/glob/-/glob-7.2.3.tgz. Extracting by manifest.
977 silly tarball no local data for cacache@https://registry.npmjs.org/cacache/-/cacache-15.3.0.tgz. Extracting by manifest.
978 silly tarball no local data for @tootallnate/once@https://registry.npmjs.org/@tootallnate/once/-/once-1.1.2.tgz. Extracting by manifest.
979 silly tarball no local data for @npmcli/move-file@https://registry.npmjs.org/@npmcli/move-file/-/move-file-1.1.2.tgz. Extracting by manifest.
980 silly tarball no local data for @npmcli/fs@https://registry.npmjs.org/@npmcli/fs/-/fs-1.1.1.tgz. Extracting by manifest.
981 silly tarball no local data for yargs-parser@https://registry.npmjs.org/yargs-parser/-/yargs-parser-20.2.9.tgz. Extracting by manifest.
982 silly tarball no local data for wrap-ansi@https://registry.npmjs.org/wrap-ansi/-/wrap-ansi-7.0.0.tgz. Extracting by manifest.
983 silly tarball no local data for yargs@https://registry.npmjs.org/yargs/-/yargs-16.2.0.tgz. Extracting by manifest.
984 silly tarball no local data for cliui@https://registry.npmjs.org/cliui/-/cliui-7.0.4.tgz. Extracting by manifest.
985 silly tarball no local data for lru-cache@https://registry.npmjs.org/lru-cache/-/lru-cache-6.0.0.tgz. Extracting by manifest.
986 silly tarball no local data for json-schema-traverse@https://registry.npmjs.org/json-schema-traverse/-/json-schema-traverse-1.0.0.tgz. Extracting by manifest.
987 silly tarball no local data for ajv-keywords@https://registry.npmjs.org/ajv-keywords/-/ajv-keywords-5.1.0.tgz. Extracting by manifest.
988 silly tarball no local data for ajv@https://registry.npmjs.org/ajv/-/ajv-8.11.0.tgz. Extracting by manifest.
989 silly tarball no local data for glob@https://registry.npmjs.org/glob/-/glob-7.2.3.tgz. Extracting by manifest.
990 silly tarball no local data for lowercase-keys@https://registry.npmjs.org/lowercase-keys/-/lowercase-keys-2.0.0.tgz. Extracting by manifest.
991 silly tarball no local data for json-parse-even-better-errors@https://registry.npmjs.org/json-parse-even-better-errors/-/json-parse-even-better-errors-3.0.1.tgz. Extracting by manifest.
992 silly tarball no local data for json-parse-even-better-errors@https://registry.npmjs.org/json-parse-even-better-errors/-/json-parse-even-better-errors-3.0.1.tgz. Extracting by manifest.
993 silly tarball no local data for strip-json-comments@https://registry.npmjs.org/strip-json-comments/-/strip-json-comments-2.0.1.tgz. Extracting by manifest.
994 silly tarball no local data for kleur@https://registry.npmjs.org/kleur/-/kleur-4.1.5.tgz. Extracting by manifest.
995 silly tarball no local data for ini@https://registry.npmjs.org/ini/-/ini-1.3.8.tgz. Extracting by manifest.
996 silly tarball no local data for ansi-styles@https://registry.npmjs.org/ansi-styles/-/ansi-styles-5.2.0.tgz. Extracting by manifest.
997 silly tarball no local data for path-exists@https://registry.npmjs.org/path-exists/-/path-exists-3.0.0.tgz. Extracting by manifest.
998 silly tarball no local data for p-locate@https://registry.npmjs.org/p-locate/-/p-locate-3.0.0.tgz. Extracting by manifest.
999 silly tarball no local data for p-limit@https://registry.npmjs.org/p-limit/-/p-limit-2.3.0.tgz. Extracting by manifest.
1000 silly tarball no local data for locate-path@https://registry.npmjs.org/locate-path/-/locate-path-3.0.0.tgz. Extracting by manifest.
1001 silly tarball no local data for find-up@https://registry.npmjs.org/find-up/-/find-up-3.0.0.tgz. Extracting by manifest.
1002 silly tarball no local data for p-locate@https://registry.npmjs.org/p-locate/-/p-locate-4.1.0.tgz. Extracting by manifest.
1003 silly tarball no local data for p-limit@https://registry.npmjs.org/p-limit/-/p-limit-2.3.0.tgz. Extracting by manifest.
1004 silly tarball no local data for locate-path@https://registry.npmjs.org/locate-path/-/locate-path-5.0.0.tgz. Extracting by manifest.
1005 silly tarball no local data for find-up@https://registry.npmjs.org/find-up/-/find-up-4.1.0.tgz. Extracting by manifest.
1006 silly tarball no local data for readable-stream@https://registry.npmjs.org/readable-stream/-/readable-stream-4.5.2.tgz. Extracting by manifest.
1007 silly tarball no local data for help-me@https://registry.npmjs.org/help-me/-/help-me-5.0.0.tgz. Extracting by manifest.
1008 silly tarball no local data for buffer@https://registry.npmjs.org/buffer/-/buffer-6.0.3.tgz. Extracting by manifest.
1009 silly tarball no local data for split2@https://registry.npmjs.org/split2/-/split2-4.2.0.tgz. Extracting by manifest.
1010 silly tarball no local data for readable-stream@https://registry.npmjs.org/readable-stream/-/readable-stream-4.5.2.tgz. Extracting by manifest.
1011 silly tarball no local data for buffer@https://registry.npmjs.org/buffer/-/buffer-6.0.3.tgz. Extracting by manifest.
1012 silly tarball no local data for split2@https://registry.npmjs.org/split2/-/split2-4.2.0.tgz. Extracting by manifest.
1013 silly tarball no local data for pg-connection-string@https://registry.npmjs.org/pg-connection-string/-/pg-connection-string-2.6.4.tgz. Extracting by manifest.
1014 silly tarball no local data for minipass@https://registry.npmjs.org/minipass/-/minipass-7.0.4.tgz. Extracting by manifest.
1015 silly tarball no local data for lru-cache@https://registry.npmjs.org/lru-cache/-/lru-cache-10.2.0.tgz. Extracting by manifest.
1016 silly tarball no local data for minipass@https://registry.npmjs.org/minipass/-/minipass-5.0.0.tgz. Extracting by manifest.
1017 silly tarball no local data for fs-minipass@https://registry.npmjs.org/fs-minipass/-/fs-minipass-3.0.3.tgz. Extracting by manifest.
1018 silly tarball no local data for minipass@https://registry.npmjs.org/minipass/-/minipass-7.0.4.tgz. Extracting by manifest.
1019 silly tarball no local data for json-schema-traverse@https://registry.npmjs.org/json-schema-traverse/-/json-schema-traverse-1.0.0.tgz. Extracting by manifest.
1020 silly tarball no local data for ajv@https://registry.npmjs.org/ajv/-/ajv-8.12.0.tgz. Extracting by manifest.
1021 silly tarball no local data for minipass@https://registry.npmjs.org/minipass/-/minipass-5.0.0.tgz. Extracting by manifest.
1022 silly tarball no local data for lru-cache@https://registry.npmjs.org/lru-cache/-/lru-cache-7.18.3.tgz. Extracting by manifest.
1023 silly tarball no local data for hosted-git-info@https://registry.npmjs.org/hosted-git-info/-/hosted-git-info-6.1.1.tgz. Extracting by manifest.
1024 silly tarball no local data for strip-json-comments@https://registry.npmjs.org/strip-json-comments/-/strip-json-comments-5.0.1.tgz. Extracting by manifest.
1025 silly tarball no local data for strip-ansi@https://registry.npmjs.org/strip-ansi/-/strip-ansi-7.1.0.tgz. Extracting by manifest.
1026 silly tarball no local data for source-map-support@https://registry.npmjs.org/source-map-support/-/source-map-support-0.5.21.tgz. Extracting by manifest.
1027 silly tarball no local data for rimraf@https://registry.npmjs.org/rimraf/-/rimraf-5.0.5.tgz. Extracting by manifest.
1028 silly tarball no local data for minimatch@https://registry.npmjs.org/minimatch/-/minimatch-9.0.4.tgz. Extracting by manifest.
1029 silly tarball no local data for ini@https://registry.npmjs.org/ini/-/ini-4.1.2.tgz. Extracting by manifest.
1030 silly tarball no local data for chalk@https://registry.npmjs.org/chalk/-/chalk-5.3.0.tgz. Extracting by manifest.
1031 silly tarball no local data for brace-expansion@https://registry.npmjs.org/brace-expansion/-/brace-expansion-2.0.1.tgz. Extracting by manifest.
1032 silly tarball no local data for ansi-regex@https://registry.npmjs.org/ansi-regex/-/ansi-regex-6.0.1.tgz. Extracting by manifest.
1033 silly tarball no local data for lru-cache@https://registry.npmjs.org/lru-cache/-/lru-cache-7.18.3.tgz. Extracting by manifest.
1034 silly tarball no local data for hosted-git-info@https://registry.npmjs.org/hosted-git-info/-/hosted-git-info-6.1.1.tgz. Extracting by manifest.
1035 silly tarball no local data for unique-slug@https://registry.npmjs.org/unique-slug/-/unique-slug-3.0.0.tgz. Extracting by manifest.
1036 silly tarball no local data for unique-filename@https://registry.npmjs.org/unique-filename/-/unique-filename-2.0.1.tgz. Extracting by manifest.
1037 silly tarball no local data for ssri@https://registry.npmjs.org/ssri/-/ssri-9.0.1.tgz. Extracting by manifest.
1038 silly tarball no local data for nopt@https://registry.npmjs.org/nopt/-/nopt-6.0.0.tgz. Extracting by manifest.
1039 silly tarball no local data for minipass-fetch@https://registry.npmjs.org/minipass-fetch/-/minipass-fetch-2.1.2.tgz. Extracting by manifest.
1040 silly tarball no local data for make-fetch-happen@https://registry.npmjs.org/make-fetch-happen/-/make-fetch-happen-10.2.1.tgz. Extracting by manifest.
1041 silly tarball no local data for lru-cache@https://registry.npmjs.org/lru-cache/-/lru-cache-7.18.3.tgz. Extracting by manifest.
1042 silly tarball no local data for glob@https://registry.npmjs.org/glob/-/glob-7.2.3.tgz. Extracting by manifest.
1043 silly tarball no local data for cacache@https://registry.npmjs.org/cacache/-/cacache-16.1.3.tgz. Extracting by manifest.
1044 silly tarball no local data for minimatch@https://registry.npmjs.org/minimatch/-/minimatch-5.1.6.tgz. Extracting by manifest.
1045 silly tarball no local data for glob@https://registry.npmjs.org/glob/-/glob-8.1.0.tgz. Extracting by manifest.
1046 silly tarball no local data for brace-expansion@https://registry.npmjs.org/brace-expansion/-/brace-expansion-2.0.1.tgz. Extracting by manifest.
1047 silly tarball no local data for @npmcli/fs@https://registry.npmjs.org/@npmcli/fs/-/fs-2.1.2.tgz. Extracting by manifest.
1048 silly tarball no local data for minipass@https://registry.npmjs.org/minipass/-/minipass-7.0.4.tgz. Extracting by manifest.
1049 silly tarball no local data for minipass@https://registry.npmjs.org/minipass/-/minipass-5.0.0.tgz. Extracting by manifest.
1050 silly tarball no local data for lru-cache@https://registry.npmjs.org/lru-cache/-/lru-cache-7.18.3.tgz. Extracting by manifest.
1051 silly tarball no local data for yallist@https://registry.npmjs.org/yallist/-/yallist-3.1.1.tgz. Extracting by manifest.
1052 silly tarball no local data for nopt@https://registry.npmjs.org/nopt/-/nopt-7.2.0.tgz. Extracting by manifest.
1053 silly tarball no local data for abbrev@https://registry.npmjs.org/abbrev/-/abbrev-2.0.0.tgz. Extracting by manifest.
1054 silly tarball no local data for supports-color@https://registry.npmjs.org/supports-color/-/supports-color-8.1.1.tgz. Extracting by manifest.
1055 silly tarball no local data for camelcase@https://registry.npmjs.org/camelcase/-/camelcase-6.3.0.tgz. Extracting by manifest.
1056 silly tarball no local data for glob@https://registry.npmjs.org/glob/-/glob-7.2.3.tgz. Extracting by manifest.
1057 silly tarball no local data for glob@https://registry.npmjs.org/glob/-/glob-7.2.3.tgz. Extracting by manifest.
1058 silly tarball no local data for acorn@https://registry.npmjs.org/acorn/-/acorn-7.4.1.tgz. Extracting by manifest.
1059 silly tarball no local data for resolve-from@https://registry.npmjs.org/resolve-from/-/resolve-from-4.0.0.tgz. Extracting by manifest.
1060 silly tarball no local data for minimatch@https://registry.npmjs.org/minimatch/-/minimatch-9.0.4.tgz. Extracting by manifest.
1061 silly tarball no local data for brace-expansion@https://registry.npmjs.org/brace-expansion/-/brace-expansion-2.0.1.tgz. Extracting by manifest.
1062 silly tarball no local data for lru-cache@https://registry.npmjs.org/lru-cache/-/lru-cache-7.18.3.tgz. Extracting by manifest.
1063 silly tarball no local data for minimatch@https://registry.npmjs.org/minimatch/-/minimatch-5.1.6.tgz. Extracting by manifest.
1064 silly tarball no local data for glob@https://registry.npmjs.org/glob/-/glob-8.1.0.tgz. Extracting by manifest.
1065 silly tarball no local data for brace-expansion@https://registry.npmjs.org/brace-expansion/-/brace-expansion-2.0.1.tgz. Extracting by manifest.
1066 silly tarball no local data for minipass@https://registry.npmjs.org/minipass/-/minipass-7.0.4.tgz. Extracting by manifest.
1067 silly tarball no local data for minimatch@https://registry.npmjs.org/minimatch/-/minimatch-9.0.4.tgz. Extracting by manifest.
1068 silly tarball no local data for brace-expansion@https://registry.npmjs.org/brace-expansion/-/brace-expansion-2.0.1.tgz. Extracting by manifest.
1069 silly tarball no local data for signal-exit@https://registry.npmjs.org/signal-exit/-/signal-exit-4.1.0.tgz. Extracting by manifest.
1070 silly tarball no local data for pg-connection-string@https://registry.npmjs.org/pg-connection-string/-/pg-connection-string-2.6.1.tgz. Extracting by manifest.
1071 silly tarball no local data for knex@https://registry.npmjs.org/knex/-/knex-2.5.1.tgz. Extracting by manifest.
1072 silly tarball no local data for fastify-plugin@https://registry.npmjs.org/fastify-plugin/-/fastify-plugin-4.5.1.tgz. Extracting by manifest.
1073 silly tarball no local data for fastify-plugin@https://registry.npmjs.org/fastify-plugin/-/fastify-plugin-4.5.1.tgz. Extracting by manifest.
1074 silly tarball no local data for fastify-plugin@https://registry.npmjs.org/fastify-plugin/-/fastify-plugin-2.3.4.tgz. Extracting by manifest.
1075 silly tarball no local data for readable-stream@https://registry.npmjs.org/readable-stream/-/readable-stream-4.5.2.tgz. Extracting by manifest.
1076 silly tarball no local data for pino-pretty@https://registry.npmjs.org/pino-pretty/-/pino-pretty-10.3.1.tgz. Extracting by manifest.
1077 silly tarball no local data for help-me@https://registry.npmjs.org/help-me/-/help-me-5.0.0.tgz. Extracting by manifest.
1078 silly tarball no local data for fastify-plugin@https://registry.npmjs.org/fastify-plugin/-/fastify-plugin-4.5.1.tgz. Extracting by manifest.
1079 silly tarball no local data for buffer@https://registry.npmjs.org/buffer/-/buffer-6.0.3.tgz. Extracting by manifest.
1080 silly tarball no local data for json-schema-traverse@https://registry.npmjs.org/json-schema-traverse/-/json-schema-traverse-1.0.0.tgz. Extracting by manifest.
1081 silly tarball no local data for ajv-formats@https://registry.npmjs.org/ajv-formats/-/ajv-formats-3.0.1.tgz. Extracting by manifest.
1082 silly tarball no local data for ajv@https://registry.npmjs.org/ajv/-/ajv-8.12.0.tgz. Extracting by manifest.
1083 silly tarball no local data for glob-parent@https://registry.npmjs.org/glob-parent/-/glob-parent-5.1.2.tgz. Extracting by manifest.
1084 silly tarball no local data for eslint-visitor-keys@https://registry.npmjs.org/eslint-visitor-keys/-/eslint-visitor-keys-4.0.0.tgz. Extracting by manifest.
1085 silly tarball no local data for semver@https://registry.npmjs.org/semver/-/semver-6.3.1.tgz. Extracting by manifest.
1086 silly tarball no local data for doctrine@https://registry.npmjs.org/doctrine/-/doctrine-2.1.0.tgz. Extracting by manifest.
1087 silly tarball no local data for debug@https://registry.npmjs.org/debug/-/debug-3.2.7.tgz. Extracting by manifest.
1088 silly tarball no local data for debug@https://registry.npmjs.org/debug/-/debug-3.2.7.tgz. Extracting by manifest.
1089 silly tarball no local data for debug@https://registry.npmjs.org/debug/-/debug-3.2.7.tgz. Extracting by manifest.
1090 silly tarball no local data for semver@https://registry.npmjs.org/semver/-/semver-6.3.1.tgz. Extracting by manifest.
1091 silly tarball no local data for globals@https://registry.npmjs.org/globals/-/globals-13.24.0.tgz. Extracting by manifest.
1092 silly tarball no local data for espree@https://registry.npmjs.org/espree/-/espree-9.6.1.tgz. Extracting by manifest.
1093 silly tarball no local data for escape-string-regexp@https://registry.npmjs.org/escape-string-regexp/-/escape-string-regexp-4.0.0.tgz. Extracting by manifest.
1094 silly tarball no local data for @eslint/js@https://registry.npmjs.org/@eslint/js/-/js-8.57.0.tgz. Extracting by manifest.
1095 silly tarball no local data for @eslint/eslintrc@https://registry.npmjs.org/@eslint/eslintrc/-/eslintrc-2.1.4.tgz. Extracting by manifest.
1096 silly tarball no local data for minimatch@https://registry.npmjs.org/minimatch/-/minimatch-9.0.1.tgz. Extracting by manifest.
1097 silly tarball no local data for brace-expansion@https://registry.npmjs.org/brace-expansion/-/brace-expansion-2.0.1.tgz. Extracting by manifest.
1098 silly tarball no local data for mimic-response@https://registry.npmjs.org/mimic-response/-/mimic-response-3.1.0.tgz. Extracting by manifest.
1099 silly tarball no local data for ms@https://registry.npmjs.org/ms/-/ms-2.1.2.tgz. Extracting by manifest.
1100 silly tarball no local data for type-fest@https://registry.npmjs.org/type-fest/-/type-fest-1.4.0.tgz. Extracting by manifest.
1101 silly tarball no local data for write-file-atomic@https://registry.npmjs.org/write-file-atomic/-/write-file-atomic-3.0.3.tgz. Extracting by manifest.
1102 silly tarball no local data for ini@https://registry.npmjs.org/ini/-/ini-1.3.8.tgz. Extracting by manifest.
1103 silly tarball no local data for supports-color@https://registry.npmjs.org/supports-color/-/supports-color-8.1.1.tgz. Extracting by manifest.
1104 silly tarball no local data for wrap-ansi@https://registry.npmjs.org/wrap-ansi/-/wrap-ansi-7.0.0.tgz. Extracting by manifest.
1105 silly tarball no local data for glob-parent@https://registry.npmjs.org/glob-parent/-/glob-parent-5.1.2.tgz. Extracting by manifest.
1106 silly tarball no local data for lowercase-keys@https://registry.npmjs.org/lowercase-keys/-/lowercase-keys-2.0.0.tgz. Extracting by manifest.
1107 silly tarball no local data for get-stream@https://registry.npmjs.org/get-stream/-/get-stream-5.2.0.tgz. Extracting by manifest.
1108 silly tarball no local data for unique-slug@https://registry.npmjs.org/unique-slug/-/unique-slug-4.0.0.tgz. Extracting by manifest.
1109 silly tarball no local data for unique-filename@https://registry.npmjs.org/unique-filename/-/unique-filename-3.0.0.tgz. Extracting by manifest.
1110 silly tarball no local data for minipass@https://registry.npmjs.org/minipass/-/minipass-7.0.4.tgz. Extracting by manifest.
1111 silly tarball no local data for lru-cache@https://registry.npmjs.org/lru-cache/-/lru-cache-7.18.3.tgz. Extracting by manifest.
1112 silly tarball no local data for fs-minipass@https://registry.npmjs.org/fs-minipass/-/fs-minipass-3.0.3.tgz. Extracting by manifest.
1113 silly tarball no local data for type-fest@https://registry.npmjs.org/type-fest/-/type-fest-2.19.0.tgz. Extracting by manifest.
1114 silly tarball no local data for strip-ansi@https://registry.npmjs.org/strip-ansi/-/strip-ansi-7.0.1.tgz. Extracting by manifest.
1115 silly tarball no local data for string-width@https://registry.npmjs.org/string-width/-/string-width-5.1.2.tgz. Extracting by manifest.
1116 silly tarball no local data for emoji-regex@https://registry.npmjs.org/emoji-regex/-/emoji-regex-9.2.2.tgz. Extracting by manifest.
1117 silly tarball no local data for chalk@https://registry.npmjs.org/chalk/-/chalk-5.0.1.tgz. Extracting by manifest.
1118 silly tarball no local data for camelcase@https://registry.npmjs.org/camelcase/-/camelcase-7.0.0.tgz. Extracting by manifest.
1119 silly tarball no local data for ansi-regex@https://registry.npmjs.org/ansi-regex/-/ansi-regex-6.0.1.tgz. Extracting by manifest.
1120 silly tarball no local data for semver@https://registry.npmjs.org/semver/-/semver-6.3.1.tgz. Extracting by manifest.
1121 silly tarball no local data for istanbul-lib-instrument@https://registry.npmjs.org/istanbul-lib-instrument/-/istanbul-lib-instrument-5.2.1.tgz. Extracting by manifest.
1122 silly tarball no local data for type-fest@https://registry.npmjs.org/type-fest/-/type-fest-0.21.3.tgz. Extracting by manifest.
1123 silly tarball no local data for json-schema-traverse@https://registry.npmjs.org/json-schema-traverse/-/json-schema-traverse-1.0.0.tgz. Extracting by manifest.
1124 silly tarball no local data for ajv@https://registry.npmjs.org/ajv/-/ajv-8.11.0.tgz. Extracting by manifest.
1125 silly tarball no local data for depd@https://registry.npmjs.org/depd/-/depd-1.1.2.tgz. Extracting by manifest.
1126 silly tarball no local data for minimatch@https://registry.npmjs.org/minimatch/-/minimatch-9.0.4.tgz. Extracting by manifest.
1127 silly tarball no local data for brace-expansion@https://registry.npmjs.org/brace-expansion/-/brace-expansion-2.0.1.tgz. Extracting by manifest.
1128 silly tarball no local data for which@https://registry.npmjs.org/which/-/which-3.0.1.tgz. Extracting by manifest.
1129 silly tarball no local data for which@https://registry.npmjs.org/which/-/which-3.0.1.tgz. Extracting by manifest.
1130 silly tarball no local data for which@https://registry.npmjs.org/which/-/which-3.0.1.tgz. Extracting by manifest.
1131 silly tarball no local data for lru-cache@https://registry.npmjs.org/lru-cache/-/lru-cache-7.18.3.tgz. Extracting by manifest.
1132 silly tarball no local data for glob@https://registry.npmjs.org/glob/-/glob-7.2.3.tgz. Extracting by manifest.
1133 silly tarball no local data for p-locate@https://registry.npmjs.org/p-locate/-/p-locate-4.1.0.tgz. Extracting by manifest.
1134 silly tarball no local data for p-limit@https://registry.npmjs.org/p-limit/-/p-limit-2.3.0.tgz. Extracting by manifest.
1135 silly tarball no local data for locate-path@https://registry.npmjs.org/locate-path/-/locate-path-5.0.0.tgz. Extracting by manifest.
1136 silly tarball no local data for js-yaml@https://registry.npmjs.org/js-yaml/-/js-yaml-3.14.1.tgz. Extracting by manifest.
1137 silly tarball no local data for find-up@https://registry.npmjs.org/find-up/-/find-up-4.1.0.tgz. Extracting by manifest.
1138 silly tarball no local data for argparse@https://registry.npmjs.org/argparse/-/argparse-1.0.10.tgz. Extracting by manifest.
1139 silly tarball no local data for strip-ansi@https://registry.npmjs.org/strip-ansi/-/strip-ansi-7.1.0.tgz. Extracting by manifest.
1140 silly tarball no local data for string-width@https://registry.npmjs.org/string-width/-/string-width-5.1.2.tgz. Extracting by manifest.
1141 silly tarball no local data for emoji-regex@https://registry.npmjs.org/emoji-regex/-/emoji-regex-9.2.2.tgz. Extracting by manifest.
1142 silly tarball no local data for ansi-regex@https://registry.npmjs.org/ansi-regex/-/ansi-regex-6.0.1.tgz. Extracting by manifest.
1143 silly tarball no local data for fastify-plugin@https://registry.npmjs.org/fastify-plugin/-/fastify-plugin-4.2.0.tgz. Extracting by manifest.
1144 silly tarball no local data for fastify-plugin@https://registry.npmjs.org/fastify-plugin/-/fastify-plugin-4.2.0.tgz. Extracting by manifest.
1145 silly tarball no local data for fastify-plugin@https://registry.npmjs.org/fastify-plugin/-/fastify-plugin-4.5.1.tgz. Extracting by manifest.
1146 silly tarball no local data for fastify-plugin@https://registry.npmjs.org/fastify-plugin/-/fastify-plugin-4.5.1.tgz. Extracting by manifest.
1147 silly tarball no local data for fastify-plugin@https://registry.npmjs.org/fastify-plugin/-/fastify-plugin-4.5.1.tgz. Extracting by manifest.
1148 silly tarball no local data for fastify-plugin@https://registry.npmjs.org/fastify-plugin/-/fastify-plugin-4.5.1.tgz. Extracting by manifest.
1149 silly tarball no local data for fastify-plugin@https://registry.npmjs.org/fastify-plugin/-/fastify-plugin-4.5.1.tgz. Extracting by manifest.
1150 silly tarball no local data for json-schema-traverse@https://registry.npmjs.org/json-schema-traverse/-/json-schema-traverse-1.0.0.tgz. Extracting by manifest.
1151 silly tarball no local data for ajv@https://registry.npmjs.org/ajv/-/ajv-8.12.0.tgz. Extracting by manifest.
1152 silly tarball no local data for globals@https://registry.npmjs.org/globals/-/globals-14.0.0.tgz. Extracting by manifest.
1153 silly tarball no local data for globals@https://registry.npmjs.org/globals/-/globals-11.12.0.tgz. Extracting by manifest.
1154 silly tarball no local data for supports-color@https://registry.npmjs.org/supports-color/-/supports-color-5.5.0.tgz. Extracting by manifest.
1155 silly tarball no local data for has-flag@https://registry.npmjs.org/has-flag/-/has-flag-3.0.0.tgz. Extracting by manifest.
1156 silly tarball no local data for color-name@https://registry.npmjs.org/color-name/-/color-name-1.1.3.tgz. Extracting by manifest.
1157 silly tarball no local data for color-convert@https://registry.npmjs.org/color-convert/-/color-convert-1.9.3.tgz. Extracting by manifest.
1158 silly tarball no local data for chalk@https://registry.npmjs.org/chalk/-/chalk-2.4.2.tgz. Extracting by manifest.
1159 silly tarball no local data for ansi-styles@https://registry.npmjs.org/ansi-styles/-/ansi-styles-3.2.1.tgz. Extracting by manifest.
1160 silly tarball no local data for semver@https://registry.npmjs.org/semver/-/semver-6.3.1.tgz. Extracting by manifest.
1161 silly tarball no local data for semver@https://registry.npmjs.org/semver/-/semver-6.3.1.tgz. Extracting by manifest.
1162 silly tarball no local data for http-proxy-agent@https://registry.npmjs.org/http-proxy-agent/-/http-proxy-agent-5.0.0.tgz. Extracting by manifest.
1163 silly tarball no local data for moment-timezone@https://registry.npmjs.org/moment-timezone/-/moment-timezone-0.5.45.tgz. Extracting by manifest.
1164 silly tarball no local data for @types/babel__core@https://registry.npmjs.org/@types/babel__core/-/babel__core-7.20.5.tgz. Extracting by manifest.
1165 silly audit bulk request failed undefined
1166 http fetch GET 200 https://registry.npmjs.org/npm 18657ms
1167 http fetch GET 200 https://registry.npmjs.org/webpack-sources/-/webpack-sources-3.2.3.tgz 23184ms (cache miss)
1168 timing reifyNode:node_modules/webpack-sources Completed in 23883ms
1169 http fetch GET 200 https://registry.npmjs.org/npm-bundled/-/npm-bundled-3.0.0.tgz 22890ms (cache miss)
1170 timing reifyNode:node_modules/npm-bundled Completed in 23869ms
1171 http fetch GET 200 https://registry.npmjs.org/proc-log/-/proc-log-3.0.0.tgz 23033ms (cache miss)
1172 timing reifyNode:node_modules/proc-log Completed in 23931ms
1173 http fetch GET 200 https://registry.npmjs.org/on-exit-leak-free/-/on-exit-leak-free-2.1.2.tgz 23011ms (cache miss)
1174 timing reifyNode:node_modules/on-exit-leak-free Completed in 23967ms
1175 http fetch GET 200 https://registry.npmjs.org/path-exists/-/path-exists-4.0.0.tgz 23083ms (cache miss)
1176 timing reifyNode:node_modules/path-exists Completed in 24029ms
1177 http fetch GET 200 https://registry.npmjs.org/statuses/-/statuses-2.0.1.tgz 23503ms (cache miss)
1178 timing reifyNode:node_modules/statuses Completed in 24287ms
1179 http fetch GET 200 https://registry.npmjs.org/jstransformer/-/jstransformer-1.0.0.tgz 23254ms (cache miss)
1180 timing reifyNode:node_modules/jstransformer Completed in 24332ms
1181 http fetch GET 200 https://registry.npmjs.org/spdx-exceptions/-/spdx-exceptions-2.5.0.tgz 23797ms (cache miss)
1182 timing reifyNode:node_modules/spdx-exceptions Completed in 24586ms
1183 http fetch GET 200 https://registry.npmjs.org/fastify-reverse-routes/-/fastify-reverse-routes-3.0.0.tgz 23403ms (cache miss)
1184 timing reifyNode:node_modules/fastify-reverse-routes Completed in 24652ms
1185 http fetch GET 200 https://registry.npmjs.org/mkdirp/-/mkdirp-1.0.4.tgz 23958ms (cache miss)
1186 timing reifyNode:node_modules/mkdirp Completed in 24964ms
1187 http fetch GET 200 https://registry.npmjs.org/signal-exit/-/signal-exit-3.0.7.tgz 24357ms (cache miss)
1188 timing reifyNode:node_modules/signal-exit Completed in 25169ms
1189 http fetch GET 200 https://registry.npmjs.org/tree-kill/-/tree-kill-1.2.2.tgz 24700ms (cache miss)
1190 timing reifyNode:node_modules/tree-kill Completed in 25446ms
1191 http fetch GET 200 https://registry.npmjs.org/tsconfig-paths/-/tsconfig-paths-3.15.0.tgz 24757ms (cache miss)
1192 timing reifyNode:node_modules/tsconfig-paths Completed in 25494ms
1193 http fetch GET 200 https://registry.npmjs.org/ext/-/ext-1.7.0.tgz 24267ms (cache miss)
1194 timing reifyNode:node_modules/ext Completed in 25538ms
1195 http fetch GET 200 https://registry.npmjs.org/semver/-/semver-7.6.0.tgz 24888ms (cache miss)
1196 timing reifyNode:node_modules/semver Completed in 25714ms
1197 http fetch GET 200 https://registry.npmjs.org/timers-ext/-/timers-ext-0.1.7.tgz 25299ms (cache miss)
1198 timing reifyNode:node_modules/timers-ext Completed in 26052ms
1199 http fetch GET 200 https://registry.npmjs.org/mimic-fn/-/mimic-fn-2.1.0.tgz 25017ms (cache miss)
1200 timing reifyNode:node_modules/mimic-fn Completed in 26054ms
1201 http fetch GET 200 https://registry.npmjs.org/with/-/with-7.0.2.tgz 25579ms (cache miss)
1202 timing reifyNode:node_modules/with Completed in 26275ms
1203 http fetch GET 200 https://registry.npmjs.org/optionator/-/optionator-0.9.3.tgz 25309ms (cache miss)
1204 timing reifyNode:node_modules/optionator Completed in 26263ms
1205 http fetch GET 200 https://registry.npmjs.org/path-key/-/path-key-3.1.1.tgz 25544ms (cache miss)
1206 timing reifyNode:node_modules/path-key Completed in 26489ms
1207 http fetch GET 200 https://registry.npmjs.org/pg-types/-/pg-types-2.2.0.tgz 25568ms (cache miss)
1208 timing reifyNode:node_modules/pg-types Completed in 26494ms
1209 http fetch GET 200 https://registry.npmjs.org/pg-connection-string/-/pg-connection-string-2.6.2.tgz 25568ms (cache miss)
1210 timing reifyNode:node_modules/pg-connection-string Completed in 26497ms
1211 http fetch GET 200 https://registry.npmjs.org/make-dir/-/make-dir-4.0.0.tgz 25453ms (cache miss)
1212 timing reifyNode:node_modules/make-dir Completed in 26518ms
1213 http fetch GET 200 https://registry.npmjs.org/strip-ansi/-/strip-ansi-6.0.1.tgz 25887ms (cache miss)
1214 timing reifyNode:node_modules/strip-ansi-cjs Completed in 26652ms
1215 http fetch GET 200 https://registry.npmjs.org/pgpass/-/pgpass-1.0.5.tgz 25807ms (cache miss)
1216 timing reifyNode:node_modules/pgpass Completed in 26731ms
1217 http fetch GET 200 https://registry.npmjs.org/which-boxed-primitive/-/which-boxed-primitive-1.0.2.tgz 26184ms (cache miss)
1218 timing reifyNode:node_modules/which-boxed-primitive Completed in 26880ms
1219 http fetch GET 200 https://registry.npmjs.org/ms/-/ms-2.1.3.tgz 25832ms (cache miss)
1220 timing reifyNode:node_modules/ms Completed in 26821ms
1221 http fetch GET 200 https://registry.npmjs.org/walker/-/walker-1.0.8.tgz 26201ms (cache miss)
1222 timing reifyNode:node_modules/walker Completed in 26914ms
1223 verbose audit error FetchError: request to https://registry.npmjs.org/-/npm/v1/security/audits/quick failed, reason: Client network socket disconnected before secure TLS connection was established
1223 verbose audit error     at ClientRequest.<anonymous> (/usr/local/lib/node_modules/npm/node_modules/minipass-fetch/lib/index.js:130:14)
1223 verbose audit error     at ClientRequest.emit (node:events:518:28)
1223 verbose audit error     at _destroy (node:_http_client:880:13)
1223 verbose audit error     at onSocketNT (node:_http_client:900:5)
1223 verbose audit error     at process.processTicksAndRejections (node:internal/process/task_queues:83:21) {
1223 verbose audit error   code: 'ECONNRESET',
1223 verbose audit error   path: null,
1223 verbose audit error   host: 'registry.npmjs.org',
1223 verbose audit error   port: 443,
1223 verbose audit error   localAddress: null,
1223 verbose audit error   errno: 'ECONNRESET',
1223 verbose audit error   type: 'system'
1223 verbose audit error }
1224 silly audit error undefined
1225 timing auditReport:getReport Completed in 32656ms
1226 silly audit report null
1227 timing reify:audit Completed in 32657ms
1228 http fetch GET 200 https://registry.npmjs.org/fastify-plugin/-/fastify-plugin-4.2.0.tgz 62723ms attempt #2 (cache miss)
1229 timing reifyNode:node_modules/@fastify/view/node_modules/fastify-plugin Completed in 64603ms
1230 http fetch GET 200 https://registry.npmjs.org/pug-strip-comments/-/pug-strip-comments-2.0.0.tgz 64452ms attempt #2 (cache miss)
1231 timing reifyNode:node_modules/pug-strip-comments Completed in 65336ms
1232 http fetch GET 200 https://registry.npmjs.org/rc-config-loader/-/rc-config-loader-4.1.3.tgz 64483ms attempt #2 (cache miss)
1233 timing reifyNode:node_modules/rc-config-loader Completed in 65350ms
1234 http fetch GET 200 https://registry.npmjs.org/string_decoder/-/string_decoder-1.3.0.tgz 64609ms attempt #2 (cache miss)
1235 timing reifyNode:node_modules/string_decoder Completed in 65392ms
1236 http fetch GET 200 https://registry.npmjs.org/to-fast-properties/-/to-fast-properties-2.0.0.tgz 64649ms attempt #2 (cache miss)
1237 timing reifyNode:node_modules/to-fast-properties Completed in 65400ms
1238 http fetch GET 200 https://registry.npmjs.org/fast-content-type-parse/-/fast-content-type-parse-1.1.0.tgz 64376ms attempt #2 (cache miss)
1239 timing reifyNode:node_modules/fast-content-type-parse Completed in 65638ms
1240 http fetch GET 200 https://registry.npmjs.org/parent-module/-/parent-module-1.0.1.tgz 64901ms attempt #2 (cache miss)
1241 timing reifyNode:node_modules/parent-module Completed in 65849ms
1242 http fetch GET 200 https://registry.npmjs.org/@babel/plugin-syntax-nullish-coalescing-operator/-/plugin-syntax-nullish-coalescing-operator-7.8.3.tgz 64134ms attempt #2 (cache miss)
1243 timing reifyNode:node_modules/@babel/plugin-syntax-nullish-coalescing-operator Completed in 65716ms
1244 http fetch GET 200 https://registry.npmjs.org/object.values/-/object.values-1.2.0.tgz 64898ms attempt #2 (cache miss)
1245 timing reifyNode:node_modules/object.values Completed in 65856ms
1246 http fetch GET 200 https://registry.npmjs.org/@sigstore/tuf/-/tuf-1.0.3.tgz 64753ms attempt #2 (cache miss)
1247 timing reifyNode:node_modules/@sigstore/tuf Completed in 66249ms
1248 http fetch GET 200 https://registry.npmjs.org/pg-pool/-/pg-pool-3.6.2.tgz 65458ms attempt #2 (cache miss)
1249 timing reifyNode:node_modules/pg-pool Completed in 66386ms
1250 http fetch GET 200 https://registry.npmjs.org/pg-cloudflare/-/pg-cloudflare-1.1.1.tgz 65801ms attempt #2 (cache miss)
1251 timing reifyNode:node_modules/pg-cloudflare Completed in 66731ms
1252 http fetch GET 200 https://registry.npmjs.org/functions-have-names/-/functions-have-names-1.2.3.tgz 65498ms attempt #2 (cache miss)
1253 timing reifyNode:node_modules/functions-have-names Completed in 66728ms
1254 http fetch GET 200 https://registry.npmjs.org/@npmcli/fs/-/fs-1.1.1.tgz 68982ms attempt #2 (cache miss)
1255 timing reifyNode:node_modules/sqlite3/node_modules/@npmcli/fs Completed in 70828ms
1256 http fetch GET 200 https://registry.npmjs.org/minipass-fetch/-/minipass-fetch-1.4.1.tgz 68995ms attempt #2 (cache miss)
1257 timing reifyNode:node_modules/sqlite3/node_modules/minipass-fetch Completed in 70833ms
1258 http fetch GET 200 https://registry.npmjs.org/@babel/traverse/-/traverse-7.24.1.tgz 71609ms attempt #2 (cache miss)
1259 timing reifyNode:node_modules/@babel/traverse Completed in 73185ms
1260 http fetch GET 200 https://registry.npmjs.org/imurmurhash/-/imurmurhash-0.1.4.tgz 72781ms attempt #2 (cache miss)
1261 timing reifyNode:node_modules/imurmurhash Completed in 73970ms
1262 http fetch GET 200 https://registry.npmjs.org/@humanwhocodes/object-schema/-/object-schema-2.0.3.tgz 72442ms attempt #2 (cache miss)
1263 timing reifyNode:node_modules/@humanwhocodes/object-schema Completed in 73993ms
1264 http fetch GET 200 https://registry.npmjs.org/socks-proxy-agent/-/socks-proxy-agent-6.2.1.tgz 72351ms attempt #2 (cache miss)
1265 timing reifyNode:node_modules/sqlite3/node_modules/socks-proxy-agent Completed in 74187ms
1266 http fetch GET 200 https://registry.npmjs.org/node-gyp-build/-/node-gyp-build-4.8.0.tgz 73245ms attempt #2 (cache miss)
1267 timing reifyNode:node_modules/node-gyp-build Completed in 74228ms
1268 http fetch GET 200 https://registry.npmjs.org/get-symbol-description/-/get-symbol-description-1.0.2.tgz 72987ms attempt #2 (cache miss)
1269 timing reifyNode:node_modules/get-symbol-description Completed in 74210ms
1270 http fetch GET 200 https://registry.npmjs.org/import-local/-/import-local-3.1.0.tgz 73209ms attempt #2 (cache miss)
1271 timing reifyNode:node_modules/import-local Completed in 74399ms
1272 http fetch GET 200 https://registry.npmjs.org/v8-to-istanbul/-/v8-to-istanbul-9.2.0.tgz 74197ms attempt #2 (cache miss)
1273 timing reifyNode:node_modules/v8-to-istanbul Completed in 74913ms
1274 http fetch GET 200 https://registry.npmjs.org/@fastify/cookie/-/cookie-9.3.1.tgz 73180ms attempt #2 (cache miss)
1275 timing reifyNode:node_modules/@fastify/cookie Completed in 74737ms
1276 http fetch GET 200 https://registry.npmjs.org/fast-safe-stringify/-/fast-safe-stringify-2.1.1.tgz 82638ms attempt #2 (cache miss)
1277 timing reifyNode:node_modules/fast-safe-stringify Completed in 83891ms
1278 http fetch GET 200 https://registry.npmjs.org/espree/-/espree-10.0.1.tgz 82673ms (cache miss)
1279 timing reifyNode:node_modules/espree Completed in 83955ms
1280 http fetch GET 200 https://registry.npmjs.org/eslint-module-utils/-/eslint-module-utils-2.8.1.tgz 82868ms (cache miss)
1281 timing reifyNode:node_modules/eslint-module-utils Completed in 84154ms
1282 http fetch GET 200 https://registry.npmjs.org/help-me/-/help-me-5.0.0.tgz 82684ms (cache miss)
1283 timing reifyNode:node_modules/fastify-cli/node_modules/pino-pretty/node_modules/help-me Completed in 84550ms
1284 http fetch GET 200 https://registry.npmjs.org/fastify-plugin/-/fastify-plugin-4.5.1.tgz 82818ms (cache miss)
1285 timing reifyNode:node_modules/fastify-cli/node_modules/fastify-plugin Completed in 84684ms
1286 http fetch GET 200 https://registry.npmjs.org/fast-decode-uri-component/-/fast-decode-uri-component-1.0.1.tgz 84668ms attempt #2 (cache miss)
1287 timing reifyNode:node_modules/fast-decode-uri-component Completed in 85928ms
1288 http fetch GET 200 https://registry.npmjs.org/esquery/-/esquery-1.5.0.tgz 86647ms (cache miss)
1289 timing reifyNode:node_modules/esquery Completed in 87928ms
1290 http fetch GET 200 https://registry.npmjs.org/@istanbuljs/load-nyc-config/-/load-nyc-config-1.1.0.tgz 86581ms (cache miss)
1291 timing reifyNode:node_modules/@istanbuljs/load-nyc-config Completed in 88133ms
1292 http fetch GET 200 https://registry.npmjs.org/eslint-scope/-/eslint-scope-7.2.2.tgz 86905ms (cache miss)
1293 timing reifyNode:node_modules/eslint-scope Completed in 88190ms
1294 http fetch GET 200 https://registry.npmjs.org/eslint-import-resolver-node/-/eslint-import-resolver-node-0.3.9.tgz 86903ms (cache miss)
1295 timing reifyNode:node_modules/eslint-import-resolver-node Completed in 88189ms
1296 http fetch GET 200 https://registry.npmjs.org/merge2/-/merge2-1.4.1.tgz 87285ms (cache miss)
1297 timing reifyNode:node_modules/merge2 Completed in 88339ms
1298 http fetch GET 200 https://registry.npmjs.org/esprima/-/esprima-4.0.1.tgz 87027ms (cache miss)
1299 timing reifyNode:node_modules/esprima Completed in 88309ms
1300 http fetch GET 200 https://registry.npmjs.org/pug-code-gen/-/pug-code-gen-3.0.2.tgz 87560ms (cache miss)
1301 timing reifyNode:node_modules/pug-code-gen Completed in 88447ms
1302 http fetch GET 200 https://registry.npmjs.org/escape-string-regexp/-/escape-string-regexp-1.0.5.tgz 87321ms (cache miss)
1303 timing reifyNode:node_modules/escape-string-regexp Completed in 88608ms
1304 http fetch GET 200 https://registry.npmjs.org/error-ex/-/error-ex-1.3.2.tgz 87994ms (cache miss)
1305 timing reifyNode:node_modules/error-ex Completed in 89299ms
1306 http fetch GET 200 https://registry.npmjs.org/es-set-tostringtag/-/es-set-tostringtag-2.0.3.tgz 89310ms (cache miss)
1307 timing reifyNode:node_modules/es-set-tostringtag Completed in 90611ms
1308 http fetch GET 200 https://registry.npmjs.org/fast-redact/-/fast-redact-3.5.0.tgz 89627ms attempt #2 (cache miss)
1309 timing reifyNode:node_modules/fast-redact Completed in 90881ms
1310 http fetch GET 200 https://registry.npmjs.org/pug-runtime/-/pug-runtime-3.0.1.tgz 90110ms (cache miss)
1311 timing reifyNode:node_modules/pug-runtime Completed in 90995ms
1312 http fetch GET 200 https://registry.npmjs.org/es6-weak-map/-/es6-weak-map-2.0.3.tgz 90541ms (cache miss)
1313 timing reifyNode:node_modules/es6-weak-map Completed in 91837ms
1314 http fetch GET 200 https://registry.npmjs.org/es6-symbol/-/es6-symbol-3.1.4.tgz 90545ms (cache miss)
1315 timing reifyNode:node_modules/es6-symbol Completed in 91842ms
1316 http fetch GET 200 https://registry.npmjs.org/escape-html/-/escape-html-1.0.3.tgz 90560ms (cache miss)
1317 timing reifyNode:node_modules/escape-html Completed in 91848ms
1318 http fetch GET 200 https://registry.npmjs.org/es6-iterator/-/es6-iterator-2.0.3.tgz 90557ms (cache miss)
1319 timing reifyNode:node_modules/es6-iterator Completed in 91855ms
1320 http fetch GET 200 https://registry.npmjs.org/event-target-shim/-/event-target-shim-5.0.1.tgz 90763ms (cache miss)
1321 timing reifyNode:node_modules/event-target-shim Completed in 92040ms
1322 http fetch GET 200 https://registry.npmjs.org/esniff/-/esniff-2.0.1.tgz 91330ms (cache miss)
1323 timing reifyNode:node_modules/esniff Completed in 92612ms
1324 http fetch GET 200 https://registry.npmjs.org/es5-ext/-/es5-ext-0.10.64.tgz 91387ms (cache miss)
1325 timing reifyNode:node_modules/es5-ext Completed in 92687ms
1326 http fetch GET 200 https://registry.npmjs.org/esm/-/esm-3.2.25.tgz 92083ms (cache miss)
1327 timing reifyNode:node_modules/esm Completed in 93366ms
1328 http fetch GET 200 https://registry.npmjs.org/envinfo/-/envinfo-7.12.0.tgz 92055ms (cache miss)
1329 timing reifyNode:node_modules/envinfo Completed in 93362ms
1330 http fetch GET 200 https://registry.npmjs.org/escape-goat/-/escape-goat-4.0.0.tgz 92236ms (cache miss)
1331 timing reifyNode:node_modules/escape-goat Completed in 93525ms
1332 http fetch GET 200 https://registry.npmjs.org/smart-buffer/-/smart-buffer-4.2.0.tgz 93153ms attempt #2 (cache miss)
1333 timing reifyNode:node_modules/smart-buffer Completed in 93949ms
1334 http fetch GET 200 https://registry.npmjs.org/env-paths/-/env-paths-2.2.1.tgz 93807ms (cache miss)
1335 timing reifyNode:node_modules/env-paths Completed in 95116ms
1336 http fetch GET 200 https://registry.npmjs.org/eslint-visitor-keys/-/eslint-visitor-keys-3.4.3.tgz 96542ms (cache miss)
1337 timing reifyNode:node_modules/eslint-visitor-keys Completed in 97827ms
1338 http fetch GET 200 https://registry.npmjs.org/sqlite3/-/sqlite3-5.1.7.tgz 101814ms attempt #2 (cache miss)
1339 timing reifyNode:node_modules/sqlite3 Completed in 102600ms
1340 http fetch GET 200 https://registry.npmjs.org/minipass/-/minipass-5.0.0.tgz 112562ms attempt #2 (cache miss)
1341 timing reifyNode:node_modules/npm-registry-fetch/node_modules/minipass Completed in 114414ms
1342 http fetch GET 200 https://registry.npmjs.org/jest-circus/-/jest-circus-29.7.0.tgz 114144ms attempt #2 (cache miss)
1343 timing reifyNode:node_modules/jest-circus Completed in 115275ms
1344 http fetch GET 200 https://registry.npmjs.org/@gar/promisify/-/promisify-1.1.3.tgz 114075ms attempt #2 (cache miss)
1345 timing reifyNode:node_modules/@gar/promisify Completed in 115629ms
1346 http fetch GET 200 https://registry.npmjs.org/ini/-/ini-2.0.0.tgz 114667ms attempt #2 (cache miss)
1347 timing reifyNode:node_modules/ini Completed in 115845ms
1348 http fetch GET 200 https://registry.npmjs.org/promise-inflight/-/promise-inflight-1.0.1.tgz 115895ms attempt #2 (cache miss)
1349 timing reifyNode:node_modules/promise-inflight Completed in 116789ms
1350 http fetch GET 200 https://registry.npmjs.org/@fastify/formbody/-/formbody-7.4.0.tgz 118476ms attempt #2 (cache miss)
1351 timing reifyNode:node_modules/@fastify/formbody Completed in 120029ms
1352 http fetch GET 200 https://registry.npmjs.org/eslint-plugin-import/-/eslint-plugin-import-2.29.1.tgz 120847ms attempt #2 (cache miss)
1353 timing reifyNode:node_modules/eslint-plugin-import Completed in 122133ms
1354 http fetch GET 200 https://registry.npmjs.org/rimraf/-/rimraf-3.0.2.tgz 121838ms attempt #3 (cache miss)
1355 timing reifyNode:node_modules/rimraf Completed in 122684ms
1356 http fetch GET 200 https://registry.npmjs.org/fast-levenshtein/-/fast-levenshtein-2.0.6.tgz 121434ms attempt #3 (cache miss)
1357 timing reifyNode:node_modules/fast-levenshtein Completed in 122692ms
1358 http fetch GET 200 https://registry.npmjs.org/emoji-regex/-/emoji-regex-9.2.2.tgz 121204ms attempt #2 (cache miss)
1359 timing reifyNode:node_modules/wrap-ansi/node_modules/emoji-regex Completed in 123030ms
1360 http fetch GET 200 https://registry.npmjs.org/npm-registry-fetch/-/npm-registry-fetch-14.0.5.tgz 122499ms attempt #2 (cache miss)
1361 timing reifyNode:node_modules/npm-registry-fetch Completed in 123473ms
1362 http fetch GET 200 https://registry.npmjs.org/@npmcli/installed-package-contents/-/installed-package-contents-2.0.2.tgz 121903ms attempt #3 (cache miss)
1363 timing reifyNode:node_modules/@npmcli/installed-package-contents Completed in 123422ms
1364 http fetch GET 200 https://registry.npmjs.org/webpack-merge/-/webpack-merge-5.8.0.tgz 122957ms attempt #3 (cache miss)
1365 timing reifyNode:node_modules/webpack-merge Completed in 123655ms
1366 http fetch GET 200 https://registry.npmjs.org/fastest-levenshtein/-/fastest-levenshtein-1.0.16.tgz 122409ms attempt #3 (cache miss)
1367 timing reifyNode:node_modules/fastest-levenshtein Completed in 123662ms
1368 http fetch GET 200 https://registry.npmjs.org/typed-array-byte-offset/-/typed-array-byte-offset-1.0.2.tgz 123153ms attempt #3 (cache miss)
1369 timing reifyNode:node_modules/typed-array-byte-offset Completed in 123883ms
1370 http fetch GET 200 https://registry.npmjs.org/fastify-plugin/-/fastify-plugin-4.5.1.tgz 121846ms attempt #3 (cache miss)
1371 timing reifyNode:node_modules/@fastify/cookie/node_modules/fastify-plugin Completed in 123758ms
1372 http fetch GET 200 https://registry.npmjs.org/@fastify/flash/-/flash-5.1.0.tgz 122295ms attempt #2 (cache miss)
1373 timing reifyNode:node_modules/@fastify/flash Completed in 123849ms
1374 http fetch GET 200 https://registry.npmjs.org/@eslint/js/-/js-8.57.0.tgz 122032ms attempt #2 (cache miss)
1375 timing reifyNode:node_modules/eslint/node_modules/@eslint/js Completed in 123912ms
1376 http fetch GET 200 https://registry.npmjs.org/string-width/-/string-width-5.1.2.tgz 122465ms attempt #2 (cache miss)
1377 timing reifyNode:node_modules/widest-line/node_modules/string-width Completed in 124293ms
1378 http fetch GET 200 https://registry.npmjs.org/write-file-atomic/-/write-file-atomic-4.0.2.tgz 123708ms attempt #3 (cache miss)
1379 timing reifyNode:node_modules/write-file-atomic Completed in 124400ms
1380 http fetch GET 200 https://registry.npmjs.org/wide-align/-/wide-align-1.1.5.tgz 123753ms attempt #3 (cache miss)
1381 timing reifyNode:node_modules/wide-align Completed in 124448ms
1382 http fetch GET 200 https://registry.npmjs.org/proto-list/-/proto-list-1.2.4.tgz 123607ms attempt #3 (cache miss)
1383 timing reifyNode:node_modules/proto-list Completed in 124498ms
1384 http fetch GET 200 https://registry.npmjs.org/proxy-addr/-/proxy-addr-2.0.7.tgz 123694ms attempt #3 (cache miss)
1385 timing reifyNode:node_modules/proxy-addr Completed in 124583ms
1386 http fetch GET 200 https://registry.npmjs.org/postgres-interval/-/postgres-interval-1.2.0.tgz 123703ms attempt #3 (cache miss)
1387 timing reifyNode:node_modules/postgres-interval Completed in 124614ms
1388 http fetch GET 200 https://registry.npmjs.org/yocto-queue/-/yocto-queue-0.1.0.tgz 124143ms attempt #3 (cache miss)
1389 timing reifyNode:node_modules/yocto-queue Completed in 124833ms
1390 http fetch GET 200 https://registry.npmjs.org/@jridgewell/trace-mapping/-/trace-mapping-0.3.25.tgz 123280ms attempt #3 (cache miss)
1391 timing reifyNode:node_modules/@jridgewell/trace-mapping Completed in 124801ms
1392 http fetch GET 200 https://registry.npmjs.org/schema-utils/-/schema-utils-4.0.0.tgz 124137ms attempt #3 (cache miss)
1393 timing reifyNode:node_modules/schema-utils Completed in 124962ms
1394 http fetch GET 200 https://registry.npmjs.org/@eslint/eslintrc/-/eslintrc-2.1.4.tgz 123521ms attempt #2 (cache miss)
1395 timing reifyNode:node_modules/eslint/node_modules/@eslint/eslintrc Completed in 125402ms
1396 http fetch GET 200 https://registry.npmjs.org/untildify/-/untildify-4.0.0.tgz 125632ms attempt #3 (cache miss)
1397 timing reifyNode:node_modules/untildify Completed in 126353ms
1398 http fetch GET 200 https://registry.npmjs.org/joycon/-/joycon-3.1.1.tgz 125741ms attempt #3 (cache miss)
1399 timing reifyNode:node_modules/joycon Completed in 126833ms
1400 http fetch GET 200 https://registry.npmjs.org/youch/-/youch-2.2.2.tgz 126399ms attempt #3 (cache miss)
1401 timing reifyNode:node_modules/youch Completed in 127086ms
1402 http fetch GET 200 https://registry.npmjs.org/mime-types/-/mime-types-2.1.35.tgz 126411ms attempt #3 (cache miss)
1403 timing reifyNode:node_modules/mime-types Completed in 127452ms
1404 http fetch GET 200 https://registry.npmjs.org/prompts-ncu/-/prompts-ncu-3.0.0.tgz 126679ms attempt #3 (cache miss)
1405 timing reifyNode:node_modules/prompts-ncu Completed in 127570ms
1406 http fetch GET 200 https://registry.npmjs.org/json-buffer/-/json-buffer-3.0.1.tgz 126472ms attempt #3 (cache miss)
1407 timing reifyNode:node_modules/json-buffer Completed in 127558ms
1408 http fetch GET 200 https://registry.npmjs.org/npm-check-updates/-/npm-check-updates-16.14.18.tgz 126928ms attempt #3 (cache miss)
1409 timing reifyNode:node_modules/npm-check-updates Completed in 127907ms
1410 http fetch GET 200 https://registry.npmjs.org/strip-bom/-/strip-bom-4.0.0.tgz 127635ms attempt #3 (cache miss)
1411 timing reifyNode:node_modules/strip-bom Completed in 128401ms
1412 http fetch GET 200 https://registry.npmjs.org/strip-json-comments/-/strip-json-comments-3.1.1.tgz 127689ms attempt #3 (cache miss)
1413 timing reifyNode:node_modules/strip-json-comments Completed in 128452ms
1414 http fetch GET 200 https://registry.npmjs.org/file-uri-to-path/-/file-uri-to-path-1.0.0.tgz 127226ms attempt #3 (cache miss)
1415 timing reifyNode:node_modules/file-uri-to-path Completed in 128471ms
1416 http fetch GET 200 https://registry.npmjs.org/for-each/-/for-each-0.3.3.tgz 127242ms attempt #3 (cache miss)
1417 timing reifyNode:node_modules/for-each Completed in 128483ms
1418 http fetch GET 200 https://registry.npmjs.org/ssri/-/ssri-10.0.5.tgz 127876ms attempt #3 (cache miss)
1419 timing reifyNode:node_modules/ssri Completed in 128663ms
1420 http fetch GET 200 https://registry.npmjs.org/flat-cache/-/flat-cache-3.2.0.tgz 127325ms attempt #3 (cache miss)
1421 timing reifyNode:node_modules/flat-cache Completed in 128566ms
1422 http fetch GET 200 https://registry.npmjs.org/to-regex-range/-/to-regex-range-5.0.1.tgz 128207ms attempt #3 (cache miss)
1423 timing reifyNode:node_modules/to-regex-range Completed in 128957ms
1424 http fetch GET 200 https://registry.npmjs.org/shebang-command/-/shebang-command-2.0.0.tgz 128159ms attempt #3 (cache miss)
1425 timing reifyNode:node_modules/shebang-command Completed in 128975ms
1426 http fetch GET 200 https://registry.npmjs.org/forwarded/-/forwarded-0.2.0.tgz 129519ms attempt #3 (cache miss)
1427 timing reifyNode:node_modules/forwarded Completed in 130755ms
1428 http fetch GET 200 https://registry.npmjs.org/pkg-up/-/pkg-up-3.1.0.tgz 130055ms attempt #3 (cache miss)
1429 timing reifyNode:node_modules/pkg-up Completed in 130975ms
1430 http fetch GET 200 https://registry.npmjs.org/@jridgewell/gen-mapping/-/gen-mapping-0.3.5.tgz 130505ms attempt #2 (cache miss)
1431 timing reifyNode:node_modules/@jridgewell/gen-mapping Completed in 132032ms
1432 http fetch GET 200 https://registry.npmjs.org/pino-pretty/-/pino-pretty-11.0.0.tgz 131603ms attempt #3 (cache miss)
1433 timing reifyNode:node_modules/pino-pretty Completed in 132524ms
1434 http fetch GET 200 https://registry.npmjs.org/get-caller-file/-/get-caller-file-2.0.5.tgz 131511ms attempt #3 (cache miss)
1435 timing reifyNode:node_modules/get-caller-file Completed in 132739ms
1436 http fetch GET 200 https://registry.npmjs.org/fs-minipass/-/fs-minipass-2.1.0.tgz 131590ms attempt #3 (cache miss)
1437 timing reifyNode:node_modules/fs-minipass Completed in 132823ms
1438 http fetch GET 200 https://registry.npmjs.org/editorconfig/-/editorconfig-1.0.4.tgz 131909ms attempt #3 (cache miss)
1439 timing reifyNode:node_modules/editorconfig Completed in 133223ms
1440 http fetch GET 200 https://registry.npmjs.org/strip-ansi/-/strip-ansi-7.1.0.tgz 131761ms attempt #3 (cache miss)
1441 timing reifyNode:node_modules/@isaacs/cliui/node_modules/strip-ansi Completed in 133640ms
1442 http fetch GET 200 https://registry.npmjs.org/which-typed-array/-/which-typed-array-1.1.15.tgz 133361ms attempt #3 (cache miss)
1443 timing reifyNode:node_modules/which-typed-array Completed in 134056ms
1444 http fetch GET 200 https://registry.npmjs.org/@jridgewell/set-array/-/set-array-1.2.1.tgz 132642ms attempt #3 (cache miss)
1445 timing reifyNode:node_modules/@jridgewell/set-array Completed in 134168ms
1446 http fetch GET 200 https://registry.npmjs.org/objection-unique/-/objection-unique-1.2.2.tgz 133604ms attempt #3 (cache miss)
1447 timing reifyNode:node_modules/objection-unique Completed in 134562ms
1448 http fetch GET 200 https://registry.npmjs.org/style-loader/-/style-loader-4.0.0.tgz 133922ms attempt #3 (cache miss)
1449 timing reifyNode:node_modules/style-loader Completed in 134685ms
1450 http fetch GET 200 https://registry.npmjs.org/@one-ini/wasm/-/wasm-0.1.1.tgz 133018ms attempt #3 (cache miss)
1451 timing reifyNode:node_modules/@one-ini/wasm Completed in 134532ms
1452 http fetch GET 200 https://registry.npmjs.org/typed-array-byte-length/-/typed-array-byte-length-1.0.1.tgz 134380ms attempt #3 (cache miss)
1453 timing reifyNode:node_modules/typed-array-byte-length Completed in 135110ms
1454 http fetch GET 200 https://registry.npmjs.org/setprototypeof/-/setprototypeof-1.2.0.tgz 134304ms attempt #3 (cache miss)
1455 timing reifyNode:node_modules/setprototypeof Completed in 135122ms
1456 http fetch GET 200 https://registry.npmjs.org/strip-ansi/-/strip-ansi-6.0.1.tgz 134490ms attempt #3 (cache miss)
1457 timing reifyNode:node_modules/strip-ansi Completed in 135267ms
1458 http fetch GET 200 https://registry.npmjs.org/@sigstore/protobuf-specs/-/protobuf-specs-0.2.1.tgz 133692ms attempt #3 (cache miss)
1459 timing reifyNode:node_modules/@sigstore/protobuf-specs Completed in 135190ms
1460 http fetch GET 200 https://registry.npmjs.org/serialize-javascript/-/serialize-javascript-6.0.2.tgz 135785ms attempt #3 (cache miss)
1461 timing reifyNode:node_modules/serialize-javascript Completed in 136606ms
1462 http fetch GET 200 https://registry.npmjs.org/source-map-support/-/source-map-support-0.5.13.tgz 135833ms attempt #3 (cache miss)
1463 timing reifyNode:node_modules/source-map-support Completed in 136624ms
1464 http fetch GET 200 https://registry.npmjs.org/resolve/-/resolve-1.22.8.tgz 135800ms attempt #3 (cache miss)
1465 timing reifyNode:node_modules/resolve Completed in 136654ms
1466 http fetch GET 200 https://registry.npmjs.org/sequelize-pool/-/sequelize-pool-7.1.0.tgz 135886ms attempt #3 (cache miss)
1467 timing reifyNode:node_modules/sequelize-pool Completed in 136708ms
1468 http fetch GET 200 https://registry.npmjs.org/form-data-encoder/-/form-data-encoder-2.1.0.tgz 135399ms attempt #3 (cache miss)
1469 timing reifyNode:node_modules/form-data-encoder Completed in 136642ms
1470 http fetch GET 200 https://registry.npmjs.org/@pkgjs/parseargs/-/parseargs-0.11.0.tgz 135196ms attempt #3 (cache miss)
1471 timing reifyNode:node_modules/@pkgjs/parseargs Completed in 136709ms
1472 http fetch GET 200 https://registry.npmjs.org/shell-quote/-/shell-quote-1.8.1.tgz 136122ms attempt #3 (cache miss)
1473 timing reifyNode:node_modules/shell-quote Completed in 136937ms
1474 http fetch GET 200 https://registry.npmjs.org/socks-proxy-agent/-/socks-proxy-agent-7.0.0.tgz 136184ms attempt #3 (cache miss)
1475 timing reifyNode:node_modules/socks-proxy-agent Completed in 136979ms
1476 http fetch GET 200 https://registry.npmjs.org/registry-auth-token/-/registry-auth-token-5.0.1.tgz 136376ms attempt #3 (cache miss)
1477 timing reifyNode:node_modules/registry-auth-token Completed in 137235ms
1478 http fetch GET 200 https://registry.npmjs.org/require-directory/-/require-directory-2.1.1.tgz 136531ms attempt #3 (cache miss)
1479 timing reifyNode:node_modules/require-directory Completed in 137387ms
1480 http fetch GET 200 https://registry.npmjs.org/uri-js/-/uri-js-4.4.1.tgz 136925ms attempt #3 (cache miss)
1481 timing reifyNode:node_modules/uri-js Completed in 137644ms
1482 http fetch GET 200 https://registry.npmjs.org/sodium-native/-/sodium-native-4.1.1.tgz 136919ms attempt #3 (cache miss)
1483 timing reifyNode:node_modules/sodium-native Completed in 137713ms
1484 http fetch GET 200 https://registry.npmjs.org/remote-git-tags/-/remote-git-tags-3.0.0.tgz 137046ms attempt #3 (cache miss)
1485 timing reifyNode:node_modules/remote-git-tags Completed in 137903ms
1486 http fetch GET 200 https://registry.npmjs.org/regenerator-runtime/-/regenerator-runtime-0.14.1.tgz 137149ms attempt #3 (cache miss)
1487 timing reifyNode:node_modules/regenerator-runtime Completed in 138008ms
1488 http fetch GET 200 https://registry.npmjs.org/real-require/-/real-require-0.2.0.tgz 137150ms attempt #3 (cache miss)
1489 timing reifyNode:node_modules/real-require Completed in 138011ms
1490 http fetch GET 200 https://registry.npmjs.org/readable-stream/-/readable-stream-3.6.2.tgz 137152ms attempt #3 (cache miss)
1491 timing reifyNode:node_modules/readable-stream Completed in 138015ms
1492 http fetch GET 200 https://registry.npmjs.org/react-is/-/react-is-18.2.0.tgz 137280ms attempt #3 (cache miss)
1493 timing reifyNode:node_modules/react-is Completed in 138146ms
1494 http fetch GET 200 https://registry.npmjs.org/strip-final-newline/-/strip-final-newline-2.0.0.tgz 137475ms attempt #3 (cache miss)
1495 timing reifyNode:node_modules/strip-final-newline Completed in 138239ms
1496 http fetch GET 200 https://registry.npmjs.org/regexp.prototype.flags/-/regexp.prototype.flags-1.5.2.tgz 137477ms attempt #3 (cache miss)
1497 timing reifyNode:node_modules/regexp.prototype.flags Completed in 138337ms
1498 http fetch GET 200 https://registry.npmjs.org/file-entry-cache/-/file-entry-cache-6.0.1.tgz 137507ms attempt #3 (cache miss)
1499 timing reifyNode:node_modules/file-entry-cache Completed in 138753ms
1500 http fetch GET 200 https://registry.npmjs.org/locate-path/-/locate-path-5.0.0.tgz 136827ms attempt #3 (cache miss)
1501 timing reifyNode:node_modules/@istanbuljs/load-nyc-config/node_modules/locate-path Completed in 138702ms
1502 http fetch GET 200 https://registry.npmjs.org/jsonlines/-/jsonlines-0.1.1.tgz 137728ms attempt #3 (cache miss)
1503 timing reifyNode:node_modules/jsonlines Completed in 138808ms
1504 http fetch GET 200 https://registry.npmjs.org/jsonfile/-/jsonfile-6.1.0.tgz 137866ms attempt #3 (cache miss)
1505 timing reifyNode:node_modules/jsonfile Completed in 138947ms
1506 http fetch GET 200 https://registry.npmjs.org/process-warning/-/process-warning-3.0.0.tgz 138092ms attempt #3 (cache miss)
1507 timing reifyNode:node_modules/process-warning Completed in 138998ms
1508 http fetch GET 200 https://registry.npmjs.org/is-shared-array-buffer/-/is-shared-array-buffer-1.0.3.tgz 137855ms attempt #3 (cache miss)
1509 timing reifyNode:node_modules/is-shared-array-buffer Completed in 139001ms
1510 http fetch GET 200 https://registry.npmjs.org/js-yaml/-/js-yaml-3.14.1.tgz 137041ms attempt #3 (cache miss)
1511 timing reifyNode:node_modules/@istanbuljs/load-nyc-config/node_modules/js-yaml Completed in 138916ms
1512 http fetch GET 200 https://registry.npmjs.org/jest-runner/-/jest-runner-29.7.0.tgz 137977ms attempt #3 (cache miss)
1513 timing reifyNode:node_modules/jest-runner Completed in 139083ms
1514 http fetch GET 200 https://registry.npmjs.org/fastify-cli/-/fastify-cli-6.1.1.tgz 137821ms attempt #3 (cache miss)
1515 timing reifyNode:node_modules/fastify-cli Completed in 139073ms
1516 http fetch GET 200 https://registry.npmjs.org/expect/-/expect-29.7.0.tgz 137797ms attempt #3 (cache miss)
1517 timing reifyNode:node_modules/expect Completed in 139069ms
1518 http fetch GET 200 https://registry.npmjs.org/jest-config/-/jest-config-29.7.0.tgz 138081ms attempt #2 (cache miss)
1519 timing reifyNode:node_modules/jest-config Completed in 139211ms
1520 http fetch GET 200 https://registry.npmjs.org/lowercase-keys/-/lowercase-keys-3.0.0.tgz 138179ms attempt #3 (cache miss)
1521 timing reifyNode:node_modules/lowercase-keys Completed in 139244ms
1522 http fetch GET 200 https://registry.npmjs.org/jsesc/-/jsesc-2.5.2.tgz 138158ms attempt #3 (cache miss)
1523 timing reifyNode:node_modules/jsesc Completed in 139246ms
1524 http fetch GET 200 https://registry.npmjs.org/lodash.merge/-/lodash.merge-4.6.2.tgz 138267ms attempt #3 (cache miss)
1525 timing reifyNode:node_modules/lodash.merge Completed in 139333ms
1526 http fetch GET 200 https://registry.npmjs.org/linkify-it/-/linkify-it-4.0.1.tgz 138326ms attempt #3 (cache miss)
1527 timing reifyNode:node_modules/linkify-it Completed in 139396ms
1528 http fetch GET 200 https://registry.npmjs.org/lodash.castarray/-/lodash.castarray-4.4.0.tgz 138395ms attempt #3 (cache miss)
1529 timing reifyNode:node_modules/lodash.castarray Completed in 139460ms
1530 http fetch GET 200 https://registry.npmjs.org/jstransformer-markdown-it/-/jstransformer-markdown-it-3.0.0.tgz 138574ms attempt #3 (cache miss)
1531 timing reifyNode:node_modules/jstransformer-markdown-it Completed in 139652ms
1532 http fetch GET 200 https://registry.npmjs.org/nopt/-/nopt-5.0.0.tgz 138823ms attempt #3 (cache miss)
1533 timing reifyNode:node_modules/nopt Completed in 139804ms
1534 http fetch GET 200 https://registry.npmjs.org/mime/-/mime-3.0.0.tgz 138877ms attempt #3 (cache miss)
1535 timing reifyNode:node_modules/mime Completed in 139929ms
1536 http fetch GET 200 https://registry.npmjs.org/node-int64/-/node-int64-0.4.0.tgz 139012ms attempt #3 (cache miss)
1537 timing reifyNode:node_modules/node-int64 Completed in 139994ms
1538 http fetch GET 200 https://registry.npmjs.org/json5/-/json5-2.2.3.tgz 138934ms attempt #3 (cache miss)
1539 timing reifyNode:node_modules/json5 Completed in 140016ms
1540 http fetch GET 200 https://registry.npmjs.org/next-tick/-/next-tick-1.1.0.tgz 139393ms attempt #3 (cache miss)
1541 timing reifyNode:node_modules/next-tick Completed in 140378ms
1542 http fetch GET 200 https://registry.npmjs.org/postcss-value-parser/-/postcss-value-parser-4.2.0.tgz 139586ms attempt #3 (cache miss)
1543 timing reifyNode:node_modules/postcss-value-parser Completed in 140501ms
1544 http fetch GET 200 https://registry.npmjs.org/postgres-array/-/postgres-array-2.0.0.tgz 139749ms attempt #3 (cache miss)
1545 timing reifyNode:node_modules/postgres-array Completed in 140663ms
1546 http fetch GET 200 https://registry.npmjs.org/watchpack/-/watchpack-2.4.1.tgz 140160ms attempt #3 (cache miss)
1547 timing reifyNode:node_modules/watchpack Completed in 140872ms
1548 http fetch GET 200 https://registry.npmjs.org/pirates/-/pirates-4.0.6.tgz 140020ms attempt #3 (cache miss)
1549 timing reifyNode:node_modules/pirates Completed in 140940ms
1550 http fetch GET 200 https://registry.npmjs.org/picocolors/-/picocolors-1.0.0.tgz 140173ms attempt #3 (cache miss)
1551 timing reifyNode:node_modules/picocolors Completed in 141097ms
1552 http fetch GET 200 https://registry.npmjs.org/fastq/-/fastq-1.17.1.tgz 140135ms attempt #3 (cache miss)
1553 timing reifyNode:node_modules/fastq Completed in 141388ms
1554 http fetch GET 200 https://registry.npmjs.org/jest-resolve/-/jest-resolve-29.7.0.tgz 140864ms attempt #3 (cache miss)
1555 timing reifyNode:node_modules/jest-resolve Completed in 141988ms
1556 http fetch GET 200 https://registry.npmjs.org/p-try/-/p-try-2.2.0.tgz 141072ms attempt #3 (cache miss)
1557 timing reifyNode:node_modules/p-try Completed in 142021ms
1558 http fetch GET 200 https://registry.npmjs.org/tuf-js/-/tuf-js-1.1.7.tgz 142125ms attempt #3 (cache miss)
1559 timing reifyNode:node_modules/tuf-js Completed in 142862ms
1560 http fetch GET 200 https://registry.npmjs.org/string-width/-/string-width-4.2.3.tgz 142390ms attempt #3 (cache miss)
1561 timing reifyNode:node_modules/string-width-cjs Completed in 143171ms
1562 http fetch GET 200 https://registry.npmjs.org/typed-array-buffer/-/typed-array-buffer-1.0.2.tgz 142583ms attempt #3 (cache miss)
1563 timing reifyNode:node_modules/typed-array-buffer Completed in 143314ms
1564 http fetch GET 200 https://registry.npmjs.org/levn/-/levn-0.4.1.tgz 142288ms attempt #3 (cache miss)
1565 timing reifyNode:node_modules/levn Completed in 143361ms
1566 http fetch GET 200 https://registry.npmjs.org/argparse/-/argparse-1.0.10.tgz 141611ms attempt #3 (cache miss)
1567 timing reifyNode:node_modules/@istanbuljs/load-nyc-config/node_modules/argparse Completed in 143488ms
1568 http fetch GET 200 https://registry.npmjs.org/minimatch/-/minimatch-5.1.6.tgz 141791ms attempt #3 (cache miss)
1569 timing reifyNode:node_modules/help-me/node_modules/minimatch Completed in 143660ms
1570 http fetch GET 200 https://registry.npmjs.org/tslib/-/tslib-2.6.2.tgz 143025ms attempt #3 (cache miss)
1571 timing reifyNode:node_modules/tslib Completed in 143761ms
1572 http fetch GET 200 https://registry.npmjs.org/lodash/-/lodash-4.17.21.tgz 142706ms attempt #3 (cache miss)
1573 timing reifyNode:node_modules/lodash Completed in 143773ms
1574 http fetch GET 200 https://registry.npmjs.org/fs-constants/-/fs-constants-1.0.0.tgz 142630ms attempt #3 (cache miss)
1575 timing reifyNode:node_modules/fs-constants Completed in 143865ms
1576 http fetch GET 200 https://registry.npmjs.org/@sinonjs/commons/-/commons-3.0.1.tgz 142530ms attempt #3 (cache miss)
1577 timing reifyNode:node_modules/@sinonjs/commons Completed in 144025ms
1578 http fetch GET 200 https://registry.npmjs.org/unique-slug/-/unique-slug-2.0.2.tgz 143545ms attempt #3 (cache miss)
1579 timing reifyNode:node_modules/unique-slug Completed in 144269ms
1580 http fetch GET 200 https://registry.npmjs.org/type-is/-/type-is-1.6.18.tgz 143537ms attempt #3 (cache miss)
1581 timing reifyNode:node_modules/type-is Completed in 144268ms
1582 http fetch GET 200 https://registry.npmjs.org/string.prototype.trimend/-/string.prototype.trimend-1.0.8.tgz 143647ms attempt #3 (cache miss)
1583 timing reifyNode:node_modules/string.prototype.trimend Completed in 144429ms
1584 http fetch GET 200 https://registry.npmjs.org/set-blocking/-/set-blocking-2.0.0.tgz 143837ms attempt #3 (cache miss)
1585 timing reifyNode:node_modules/set-blocking Completed in 144657ms
1586 http fetch GET 200 https://registry.npmjs.org/socks/-/socks-2.7.0.tgz 144155ms attempt #3 (cache miss)
1587 timing reifyNode:node_modules/socks Completed in 144950ms
1588 http fetch GET 200 https://registry.npmjs.org/responselike/-/responselike-2.0.1.tgz 144134ms attempt #3 (cache miss)
1589 timing reifyNode:node_modules/responselike Completed in 144985ms
1590 http fetch GET 200 https://registry.npmjs.org/lodash.isempty/-/lodash.isempty-4.4.0.tgz 144365ms attempt #3 (cache miss)
1591 timing reifyNode:node_modules/lodash.isempty Completed in 145433ms
1592 http fetch GET 200 https://registry.npmjs.org/lodash.compact/-/lodash.compact-3.0.1.tgz 144461ms attempt #3 (cache miss)
1593 timing reifyNode:node_modules/lodash.compact Completed in 145525ms
1594 http fetch GET 200 https://registry.npmjs.org/prompts/-/prompts-2.4.2.tgz 144682ms attempt #3 (cache miss)
1595 timing reifyNode:node_modules/prompts Completed in 145573ms
1596 http fetch GET 200 https://registry.npmjs.org/pretty-format/-/pretty-format-29.7.0.tgz 144701ms attempt #3 (cache miss)
1597 timing reifyNode:node_modules/pretty-format Completed in 145600ms
1598 http fetch GET 200 https://registry.npmjs.org/lru-cache/-/lru-cache-5.1.1.tgz 144581ms attempt #3 (cache miss)
1599 timing reifyNode:node_modules/lru-cache Completed in 145646ms
1600 http fetch GET 200 https://registry.npmjs.org/nanoid/-/nanoid-3.3.7.tgz 145407ms attempt #3 (cache miss)
1601 timing reifyNode:node_modules/nanoid Completed in 146396ms
1602 http fetch GET 200 https://registry.npmjs.org/npm-normalize-package-bin/-/npm-normalize-package-bin-3.0.1.tgz 146295ms attempt #3 (cache miss)
1603 timing reifyNode:node_modules/npm-normalize-package-bin Completed in 147272ms
1604 http fetch GET 200 https://registry.npmjs.org/pino-std-serializers/-/pino-std-serializers-6.2.2.tgz 147125ms attempt #3 (cache miss)
1605 timing reifyNode:node_modules/pino-std-serializers Completed in 148045ms
1606 http fetch GET 200 https://registry.npmjs.org/mdurl/-/mdurl-1.0.1.tgz 147445ms attempt #3 (cache miss)
1607 timing reifyNode:node_modules/mdurl Completed in 148505ms
1608 http fetch GET 200 https://registry.npmjs.org/mime-db/-/mime-db-1.52.0.tgz 147993ms attempt #3 (cache miss)
1609 timing reifyNode:node_modules/mime-db Completed in 149044ms
1610 http fetch GET 200 https://registry.npmjs.org/yargs-parser/-/yargs-parser-21.1.1.tgz 148504ms attempt #3 (cache miss)
1611 timing reifyNode:node_modules/yargs-parser Completed in 149195ms
1612 http fetch GET 200 https://registry.npmjs.org/minipass-flush/-/minipass-flush-1.0.5.tgz 148199ms attempt #3 (cache miss)
1613 timing reifyNode:node_modules/minipass-flush Completed in 149217ms
1614 http fetch GET 200 https://registry.npmjs.org/minimist/-/minimist-1.2.6.tgz 148597ms attempt #3 (cache miss)
1615 timing reifyNode:node_modules/minimist Completed in 149625ms
1616 http fetch GET 200 https://registry.npmjs.org/js-cookie/-/js-cookie-3.0.5.tgz 148705ms attempt #3 (cache miss)
1617 timing reifyNode:node_modules/js-cookie Completed in 149796ms
1618 http fetch GET 200 https://registry.npmjs.org/fastify-objectionjs/-/fastify-objectionjs-2.0.1.tgz 149738ms attempt #3 (cache miss)
1619 timing reifyNode:node_modules/fastify-objectionjs Completed in 150987ms
1620 http fetch GET 200 https://registry.npmjs.org/make-fetch-happen/-/make-fetch-happen-11.1.1.tgz 150251ms attempt #3 (cache miss)
1621 timing reifyNode:node_modules/make-fetch-happen Completed in 151315ms
1622 http fetch GET 200 https://registry.npmjs.org/napi-build-utils/-/napi-build-utils-1.0.2.tgz 150556ms attempt #3 (cache miss)
1623 timing reifyNode:node_modules/napi-build-utils Completed in 151543ms
1624 http fetch GET 200 https://registry.npmjs.org/json-schema-ref-resolver/-/json-schema-ref-resolver-1.0.1.tgz 150643ms attempt #3 (cache miss)
1625 timing reifyNode:node_modules/json-schema-ref-resolver Completed in 151727ms
1626 http fetch GET 200 https://registry.npmjs.org/npm-run-path/-/npm-run-path-4.0.1.tgz 150954ms attempt #3 (cache miss)
1627 timing reifyNode:node_modules/npm-run-path Completed in 151929ms
1628 http fetch GET 200 https://registry.npmjs.org/fs-extra/-/fs-extra-9.1.0.tgz 150896ms attempt #3 (cache miss)
1629 timing reifyNode:node_modules/fs-extra Completed in 152129ms
1630 http fetch GET 200 https://registry.npmjs.org/fb-watchman/-/fb-watchman-2.0.2.tgz 151498ms attempt #3 (cache miss)
1631 timing reifyNode:node_modules/fb-watchman Completed in 152745ms
1632 http fetch GET 200 https://registry.npmjs.org/object-assign/-/object-assign-4.1.1.tgz 152357ms attempt #3 (cache miss)
1633 timing reifyNode:node_modules/object-assign Completed in 153322ms
1634 http fetch GET 200 https://registry.npmjs.org/@tufjs/models/-/models-1.0.4.tgz 152027ms attempt #3 (cache miss)
1635 timing reifyNode:node_modules/@tufjs/models Completed in 153518ms
1636 http fetch GET 200 https://registry.npmjs.org/@types/cacheable-request/-/cacheable-request-6.0.2.tgz 152076ms attempt #3 (cache miss)
1637 timing reifyNode:node_modules/@types/cacheable-request Completed in 153563ms
1638 http fetch GET 200 https://registry.npmjs.org/semver/-/semver-6.3.1.tgz 151927ms attempt #3 (cache miss)
1639 timing reifyNode:node_modules/eslint-config-airbnb-base/node_modules/semver Completed in 153806ms
1640 http fetch GET 200 https://registry.npmjs.org/fastify-method-override/-/fastify-method-override-1.5.10.tgz 152938ms attempt #3 (cache miss)
1641 timing reifyNode:node_modules/fastify-method-override Completed in 154188ms
1642 http fetch GET 200 https://registry.npmjs.org/js-yaml/-/js-yaml-4.1.0.tgz 154064ms attempt #3 (cache miss)
1643 timing reifyNode:node_modules/js-yaml Completed in 155151ms
1644 http fetch GET 200 https://registry.npmjs.org/@types/eslint/-/eslint-8.4.6.tgz 153610ms attempt #3 (cache miss)
1645 timing reifyNode:node_modules/@types/eslint Completed in 155096ms
1646 http fetch GET 200 https://registry.npmjs.org/function-bind/-/function-bind-1.1.2.tgz 153959ms attempt #3 (cache miss)
1647 timing reifyNode:node_modules/function-bind Completed in 155192ms
1648 http fetch GET 200 https://registry.npmjs.org/@szmarczak/http-timer/-/http-timer-5.0.1.tgz 153959ms attempt #3 (cache miss)
1649 timing reifyNode:node_modules/@szmarczak/http-timer Completed in 155452ms
1650 http fetch GET 200 https://registry.npmjs.org/@tufjs/canonical-json/-/canonical-json-1.0.0.tgz 153991ms attempt #3 (cache miss)
1651 timing reifyNode:node_modules/@tufjs/canonical-json Completed in 155481ms
1652 http fetch GET 200 https://registry.npmjs.org/@types/babel__generator/-/babel__generator-7.6.8.tgz 154042ms attempt #3 (cache miss)
1653 timing reifyNode:node_modules/@types/babel__generator Completed in 155531ms
1654 http fetch GET 200 https://registry.npmjs.org/execa/-/execa-5.1.1.tgz 154375ms attempt #3 (cache miss)
1655 timing reifyNode:node_modules/execa Completed in 155651ms
1656 http fetch GET 200 https://registry.npmjs.org/@webassemblyjs/helper-numbers/-/helper-numbers-1.11.6.tgz 154159ms attempt #3 (cache miss)
1657 timing reifyNode:node_modules/@webassemblyjs/helper-numbers Completed in 155615ms
1658 http fetch GET 200 https://registry.npmjs.org/toposort-class/-/toposort-class-1.0.1.tgz 155032ms attempt #3 (cache miss)
1659 timing reifyNode:node_modules/toposort-class Completed in 155790ms
1660 http fetch GET 200 https://registry.npmjs.org/toad-cache/-/toad-cache-3.7.0.tgz 155047ms attempt #3 (cache miss)
1661 timing reifyNode:node_modules/toad-cache Completed in 155796ms
1662 http fetch GET 200 https://registry.npmjs.org/glob/-/glob-8.1.0.tgz 153855ms attempt #3 (cache miss)
1663 timing reifyNode:node_modules/help-me/node_modules/glob Completed in 155725ms
1664 http fetch GET 200 https://registry.npmjs.org/ansi-regex/-/ansi-regex-6.0.1.tgz 153916ms attempt #3 (cache miss)
1665 timing reifyNode:node_modules/npm-check-updates/node_modules/ansi-regex Completed in 155783ms
1666 http fetch GET 200 https://registry.npmjs.org/possible-typed-array-names/-/possible-typed-array-names-1.0.0.tgz 154891ms attempt #3 (cache miss)
1667 timing reifyNode:node_modules/possible-typed-array-names Completed in 155811ms
1668 http fetch GET 200 https://registry.npmjs.org/toidentifier/-/toidentifier-1.0.1.tgz 155132ms attempt #3 (cache miss)
1669 timing reifyNode:node_modules/toidentifier Completed in 155880ms
1670 http fetch GET 200 https://registry.npmjs.org/debug/-/debug-3.2.7.tgz 154236ms attempt #3 (cache miss)
1671 timing reifyNode:node_modules/eslint-import-resolver-node/node_modules/debug Completed in 156114ms
1672 http fetch GET 200 https://registry.npmjs.org/@jest/transform/-/transform-29.7.0.tgz 154602ms attempt #3 (cache miss)
1673 timing reifyNode:node_modules/@jest/transform Completed in 156131ms
1674 http fetch GET 200 https://registry.npmjs.org/pg/-/pg-8.11.5.tgz 155479ms attempt #3 (cache miss)
1675 timing reifyNode:node_modules/pg Completed in 156410ms
1676 http fetch GET 200 https://registry.npmjs.org/find-my-way/-/find-my-way-8.1.0.tgz 155708ms attempt #3 (cache miss)
1677 timing reifyNode:node_modules/find-my-way Completed in 156951ms
1678 http fetch GET 200 https://registry.npmjs.org/pkg-dir/-/pkg-dir-4.2.0.tgz 156229ms attempt #3 (cache miss)
1679 timing reifyNode:node_modules/pkg-dir Completed in 157149ms
1680 http fetch GET 200 https://registry.npmjs.org/type-check/-/type-check-0.4.0.tgz 156728ms attempt #3 (cache miss)
1681 timing reifyNode:node_modules/type-check Completed in 157461ms
1682 http fetch GET 200 https://registry.npmjs.org/string-length/-/string-length-4.0.2.tgz 156786ms attempt #3 (cache miss)
1683 timing reifyNode:node_modules/string-length Completed in 157568ms
1684 http fetch GET 200 https://registry.npmjs.org/string-width/-/string-width-4.2.3.tgz 156923ms attempt #3 (cache miss)
1685 timing reifyNode:node_modules/string-width Completed in 157705ms
1686 http fetch GET 200 https://registry.npmjs.org/@tootallnate/once/-/once-2.0.0.tgz 156284ms attempt #3 (cache miss)
1687 timing reifyNode:node_modules/@tootallnate/once Completed in 157777ms
1688 http fetch GET 200 https://registry.npmjs.org/tapable/-/tapable-2.2.1.tgz 157180ms attempt #3 (cache miss)
1689 timing reifyNode:node_modules/tapable Completed in 157941ms
1690 http fetch GET 200 https://registry.npmjs.org/@types/debug/-/debug-4.1.12.tgz 156339ms attempt #3 (cache miss)
1691 timing reifyNode:node_modules/@types/debug Completed in 157826ms
1692 http fetch GET 200 https://registry.npmjs.org/npm-package-arg/-/npm-package-arg-10.1.0.tgz 156998ms attempt #3 (cache miss)
1693 timing reifyNode:node_modules/npm-package-arg Completed in 157976ms
1694 http fetch GET 200 https://registry.npmjs.org/split2/-/split2-3.2.2.tgz 157439ms attempt #3 (cache miss)
1695 timing reifyNode:node_modules/split2 Completed in 158226ms
1696 http fetch GET 200 https://registry.npmjs.org/universalify/-/universalify-2.0.1.tgz 157552ms attempt #3 (cache miss)
1697 timing reifyNode:node_modules/universalify Completed in 158274ms
1698 http fetch GET 200 https://registry.npmjs.org/type-fest/-/type-fest-0.20.2.tgz 157594ms attempt #3 (cache miss)
1699 timing reifyNode:node_modules/type-fest Completed in 158325ms
1700 http fetch GET 200 https://registry.npmjs.org/find-up/-/find-up-5.0.0.tgz 156979ms attempt #3 (cache miss)
1701 timing reifyNode:node_modules/find-up Completed in 158221ms
1702 http fetch GET 200 https://registry.npmjs.org/@sinclair/typebox/-/typebox-0.27.8.tgz 156677ms attempt #3 (cache miss)
1703 timing reifyNode:node_modules/@sinclair/typebox Completed in 158172ms
1704 http fetch GET 200 https://registry.npmjs.org/util-deprecate/-/util-deprecate-1.0.2.tgz 157693ms attempt #3 (cache miss)
1705 timing reifyNode:node_modules/util-deprecate Completed in 158411ms
1706 http fetch GET 200 https://registry.npmjs.org/spdx-correct/-/spdx-correct-3.2.0.tgz 157727ms attempt #3 (cache miss)
1707 timing reifyNode:node_modules/spdx-correct Completed in 158517ms
1708 http fetch GET 200 https://registry.npmjs.org/spdx-expression-parse/-/spdx-expression-parse-3.0.1.tgz 158568ms attempt #3 (cache miss)
1709 timing reifyNode:node_modules/spdx-expression-parse Completed in 159355ms
1710 http fetch GET 200 https://registry.npmjs.org/type-detect/-/type-detect-4.0.8.tgz 158884ms attempt #3 (cache miss)
1711 timing reifyNode:node_modules/type-detect Completed in 159616ms
1712 http fetch GET 200 https://registry.npmjs.org/glob-parent/-/glob-parent-5.1.2.tgz 157851ms attempt #3 (cache miss)
1713 timing reifyNode:node_modules/fast-glob/node_modules/glob-parent Completed in 159729ms
1714 http fetch GET 200 https://registry.npmjs.org/slash/-/slash-3.0.0.tgz 159211ms attempt #3 (cache miss)
1715 timing reifyNode:node_modules/slash Completed in 160009ms
1716 http fetch GET 200 https://registry.npmjs.org/quick-lru/-/quick-lru-5.1.1.tgz 159422ms attempt #3 (cache miss)
1717 timing reifyNode:node_modules/quick-lru Completed in 160290ms
1718 http fetch GET 200 https://registry.npmjs.org/semver-diff/-/semver-diff-4.0.0.tgz 159991ms attempt #3 (cache miss)
1719 timing reifyNode:node_modules/semver-diff Completed in 160815ms
1720 http fetch GET 200 https://registry.npmjs.org/sequelize-cli/-/sequelize-cli-6.6.2.tgz 160206ms attempt #3 (cache miss)
1721 timing reifyNode:node_modules/sequelize-cli Completed in 161029ms
1722 http fetch GET 200 https://registry.npmjs.org/rc/-/rc-1.2.8.tgz 160270ms attempt #3 (cache miss)
1723 timing reifyNode:node_modules/rc Completed in 161140ms
1724 http fetch GET 200 https://registry.npmjs.org/safe-regex-test/-/safe-regex-test-1.0.3.tgz 162615ms attempt #3 (cache miss)
1725 timing reifyNode:node_modules/safe-regex-test Completed in 163445ms
1726 http fetch GET 200 https://registry.npmjs.org/unbox-primitive/-/unbox-primitive-1.0.2.tgz 162869ms attempt #3 (cache miss)
1727 timing reifyNode:node_modules/unbox-primitive Completed in 163595ms
1728 http fetch GET 200 https://registry.npmjs.org/reusify/-/reusify-1.0.4.tgz 162784ms attempt #3 (cache miss)
1729 timing reifyNode:node_modules/reusify Completed in 163631ms
1730 http fetch GET 200 https://registry.npmjs.org/set-function-length/-/set-function-length-1.2.2.tgz 163065ms attempt #3 (cache miss)
1731 timing reifyNode:node_modules/set-function-length Completed in 163885ms
1732 http fetch GET 200 https://registry.npmjs.org/sequelize/-/sequelize-6.37.3.tgz 163127ms attempt #3 (cache miss)
1733 timing reifyNode:node_modules/sequelize Completed in 163950ms
1734 http fetch GET 200 https://registry.npmjs.org/set-function-name/-/set-function-name-2.0.2.tgz 163138ms attempt #3 (cache miss)
1735 timing reifyNode:node_modules/set-function-name Completed in 163956ms
1736 http fetch GET 200 https://registry.npmjs.org/retry/-/retry-0.12.0.tgz 163133ms attempt #3 (cache miss)
1737 timing reifyNode:node_modules/retry Completed in 163986ms
1738 http fetch GET 200 https://registry.npmjs.org/pure-rand/-/pure-rand-6.1.0.tgz 163806ms attempt #3 (cache miss)
1739 timing reifyNode:node_modules/pure-rand Completed in 164687ms
1740 http fetch GET 200 https://registry.npmjs.org/postgres-date/-/postgres-date-1.0.7.tgz 163970ms attempt #3 (cache miss)
1741 timing reifyNode:node_modules/postgres-date Completed in 164881ms
1742 http fetch GET 200 https://registry.npmjs.org/semver/-/semver-6.3.1.tgz 163064ms attempt #3 (cache miss)
1743 timing reifyNode:node_modules/eslint-plugin-import/node_modules/semver Completed in 164939ms
1744 http fetch GET 200 https://registry.npmjs.org/safe-buffer/-/safe-buffer-5.2.1.tgz 164367ms attempt #3 (cache miss)
1745 timing reifyNode:node_modules/safe-buffer Completed in 165197ms
1746 http fetch GET 200 https://registry.npmjs.org/prebuild-install/-/prebuild-install-7.1.2.tgz 164326ms attempt #3 (cache miss)
1747 timing reifyNode:node_modules/prebuild-install Completed in 165236ms
1748 http fetch GET 200 https://registry.npmjs.org/find-up/-/find-up-4.1.0.tgz 163489ms attempt #3 (cache miss)
1749 timing reifyNode:node_modules/pkg-dir/node_modules/find-up Completed in 165336ms
1750 http fetch GET 200 https://registry.npmjs.org/pug-attrs/-/pug-attrs-3.0.0.tgz 164553ms attempt #3 (cache miss)
1751 timing reifyNode:node_modules/pug-attrs Completed in 165441ms
1752 http fetch GET 200 https://registry.npmjs.org/eslint-visitor-keys/-/eslint-visitor-keys-4.0.0.tgz 163488ms attempt #3 (cache miss)
1753 timing reifyNode:node_modules/espree/node_modules/eslint-visitor-keys Completed in 165364ms
1754 http fetch GET 200 https://registry.npmjs.org/exponential-backoff/-/exponential-backoff-3.1.1.tgz 164159ms attempt #3 (cache miss)
1755 timing reifyNode:node_modules/exponential-backoff Completed in 165431ms
1756 http fetch GET 200 https://registry.npmjs.org/makeerror/-/makeerror-1.0.12.tgz 164472ms attempt #3 (cache miss)
1757 timing reifyNode:node_modules/makeerror Completed in 165532ms
1758 http fetch GET 200 https://registry.npmjs.org/make-promises-safe/-/make-promises-safe-5.1.0.tgz 164614ms attempt #3 (cache miss)
1759 timing reifyNode:node_modules/make-promises-safe Completed in 165675ms
1760 http fetch GET 200 https://registry.npmjs.org/memoizee/-/memoizee-0.4.15.tgz 164690ms attempt #3 (cache miss)
1761 timing reifyNode:node_modules/memoizee Completed in 165747ms
1762 http fetch GET 200 https://registry.npmjs.org/micromatch/-/micromatch-4.0.5.tgz 164708ms attempt #3 (cache miss)
1763 timing reifyNode:node_modules/micromatch Completed in 165761ms
1764 http fetch GET 200 https://registry.npmjs.org/promise/-/promise-7.3.1.tgz 164908ms attempt #3 (cache miss)
1765 timing reifyNode:node_modules/promise Completed in 165803ms
1766 http fetch GET 200 https://registry.npmjs.org/minipass-pipeline/-/minipass-pipeline-1.2.4.tgz 164801ms attempt #3 (cache miss)
1767 timing reifyNode:node_modules/minipass-pipeline Completed in 165814ms
1768 http fetch GET 200 https://registry.npmjs.org/mimic-response/-/mimic-response-1.0.1.tgz 164950ms attempt #3 (cache miss)
1769 timing reifyNode:node_modules/mimic-response Completed in 165986ms
1770 http fetch GET 200 https://registry.npmjs.org/validate-npm-package-name/-/validate-npm-package-name-5.0.0.tgz 165261ms attempt #3 (cache miss)
1771 timing reifyNode:node_modules/validate-npm-package-name Completed in 166322ms
1772 http fetch GET 200 https://registry.npmjs.org/negotiator/-/negotiator-0.6.3.tgz 165312ms attempt #3 (cache miss)
1773 timing reifyNode:node_modules/negotiator Completed in 166299ms
1774 http fetch GET 200 https://registry.npmjs.org/minimatch/-/minimatch-3.1.2.tgz 165397ms attempt #3 (cache miss)
1775 timing reifyNode:node_modules/minimatch Completed in 166428ms
1776 http fetch GET 200 https://registry.npmjs.org/minipass-sized/-/minipass-sized-1.0.3.tgz 165486ms attempt #3 (cache miss)
1777 timing reifyNode:node_modules/minipass-sized Completed in 166497ms
1778 http fetch GET 200 https://registry.npmjs.org/minipass/-/minipass-3.3.4.tgz 165507ms attempt #3 (cache miss)
1779 timing reifyNode:node_modules/minipass Completed in 166532ms
1780 http fetch GET 200 https://registry.npmjs.org/npm-pick-manifest/-/npm-pick-manifest-8.0.2.tgz 165623ms attempt #3 (cache miss)
1781 timing reifyNode:node_modules/npm-pick-manifest Completed in 166598ms
1782 http fetch GET 200 https://registry.npmjs.org/fast-copy/-/fast-copy-3.0.2.tgz 165424ms attempt #3 (cache miss)
1783 timing reifyNode:node_modules/fast-copy Completed in 166685ms
1784 http fetch GET 200 https://registry.npmjs.org/tmpl/-/tmpl-1.0.5.tgz 166166ms attempt #3 (cache miss)
1785 timing reifyNode:node_modules/tmpl Completed in 166917ms
1786 http fetch GET 200 https://registry.npmjs.org/mini-css-extract-plugin/-/mini-css-extract-plugin-2.9.0.tgz 165863ms attempt #3 (cache miss)
1787 timing reifyNode:node_modules/mini-css-extract-plugin Completed in 166895ms
1788 http fetch GET 200 https://registry.npmjs.org/brace-expansion/-/brace-expansion-2.0.1.tgz 165389ms attempt #3 (cache miss)
1789 timing reifyNode:node_modules/help-me/node_modules/brace-expansion Completed in 167260ms
1790 http fetch GET 200 https://registry.npmjs.org/@sinonjs/fake-timers/-/fake-timers-10.3.0.tgz 165765ms attempt #3 (cache miss)
1791 timing reifyNode:node_modules/@sinonjs/fake-timers Completed in 167259ms
1792 http fetch GET 200 https://registry.npmjs.org/media-typer/-/media-typer-0.3.0.tgz 166320ms attempt #3 (cache miss)
1793 timing reifyNode:node_modules/media-typer Completed in 167379ms
1794 http fetch GET 200 https://registry.npmjs.org/lru-cache/-/lru-cache-7.18.3.tgz 165731ms attempt #3 (cache miss)
1795 timing reifyNode:node_modules/hosted-git-info/node_modules/lru-cache Completed in 167598ms
1796 http fetch GET 200 https://registry.npmjs.org/@nodelib/fs.walk/-/fs.walk-1.2.8.tgz 166106ms attempt #3 (cache miss)
1797 timing reifyNode:node_modules/@nodelib/fs.walk Completed in 167629ms
1798 http fetch GET 200 https://registry.npmjs.org/umzug/-/umzug-2.3.0.tgz 167189ms attempt #3 (cache miss)
1799 timing reifyNode:node_modules/umzug Completed in 167915ms
1800 http fetch GET 200 https://registry.npmjs.org/undici-types/-/undici-types-5.26.5.tgz 167372ms attempt #3 (cache miss)
1801 timing reifyNode:node_modules/undici-types Completed in 168097ms
1802 http fetch GET 200 https://registry.npmjs.org/safe-stable-stringify/-/safe-stable-stringify-2.4.3.tgz 167295ms attempt #3 (cache miss)
1803 timing reifyNode:node_modules/safe-stable-stringify Completed in 168122ms
1804 http fetch GET 200 https://registry.npmjs.org/fastify-plugin/-/fastify-plugin-4.5.1.tgz 166195ms attempt #3 (cache miss)
1805 timing reifyNode:node_modules/@fastify/sensible/node_modules/fastify-plugin Completed in 168115ms
1806 http fetch GET 200 https://registry.npmjs.org/resolve-cwd/-/resolve-cwd-3.0.0.tgz 167446ms attempt #3 (cache miss)
1807 timing reifyNode:node_modules/resolve-cwd Completed in 168298ms
1808 http fetch GET 200 https://registry.npmjs.org/object-keys/-/object-keys-1.1.1.tgz 167528ms attempt #3 (cache miss)
1809 timing reifyNode:node_modules/object-keys Completed in 168489ms
1810 http fetch GET 200 https://registry.npmjs.org/object.fromentries/-/object.fromentries-2.0.8.tgz 167710ms attempt #3 (cache miss)
1811 timing reifyNode:node_modules/object.fromentries Completed in 168673ms
1812 http fetch GET 200 https://registry.npmjs.org/onetime/-/onetime-5.1.2.tgz 167797ms attempt #3 (cache miss)
1813 timing reifyNode:node_modules/onetime Completed in 168751ms
1814 http fetch GET 200 https://registry.npmjs.org/p-locate/-/p-locate-5.0.0.tgz 167856ms attempt #3 (cache miss)
1815 timing reifyNode:node_modules/p-locate Completed in 168808ms
1816 http fetch GET 200 https://registry.npmjs.org/once/-/once-1.4.0.tgz 167854ms attempt #3 (cache miss)
1817 timing reifyNode:node_modules/once Completed in 168809ms
1818 http fetch GET 200 https://registry.npmjs.org/object-inspect/-/object-inspect-1.13.1.tgz 167846ms attempt #3 (cache miss)
1819 timing reifyNode:node_modules/object-inspect Completed in 168809ms
1820 http fetch GET 200 https://registry.npmjs.org/p-map/-/p-map-4.0.0.tgz 167933ms attempt #3 (cache miss)
1821 timing reifyNode:node_modules/p-map Completed in 168884ms
1822 http fetch GET 200 https://registry.npmjs.org/p-cancelable/-/p-cancelable-3.0.0.tgz 167932ms attempt #3 (cache miss)
1823 timing reifyNode:node_modules/p-cancelable Completed in 168884ms
1824 http fetch GET 200 https://registry.npmjs.org/p-limit/-/p-limit-3.1.0.tgz 168075ms attempt #3 (cache miss)
1825 timing reifyNode:node_modules/p-limit Completed in 169028ms
1826 http fetch GET 200 https://registry.npmjs.org/pacote/-/pacote-15.2.0.tgz 168250ms attempt #3 (cache miss)
1827 timing reifyNode:node_modules/pacote Completed in 169200ms
1828 http fetch GET 200 https://registry.npmjs.org/object.assign/-/object.assign-4.1.5.tgz 168261ms attempt #3 (cache miss)
1829 timing reifyNode:node_modules/object.assign Completed in 169223ms
1830 http fetch GET 200 https://registry.npmjs.org/parse-github-url/-/parse-github-url-1.0.2.tgz 168488ms attempt #3 (cache miss)
1831 timing reifyNode:node_modules/parse-github-url Completed in 169435ms
1832 http fetch GET 200 https://registry.npmjs.org/parse-json/-/parse-json-5.2.0.tgz 168691ms attempt #3 (cache miss)
1833 timing reifyNode:node_modules/parse-json Completed in 169637ms
1834 http fetch GET 200 https://registry.npmjs.org/path-is-absolute/-/path-is-absolute-1.0.1.tgz 168728ms attempt #3 (cache miss)
1835 timing reifyNode:node_modules/path-is-absolute Completed in 169674ms
1836 http fetch GET 200 https://registry.npmjs.org/path-parse/-/path-parse-1.0.7.tgz 168783ms attempt #3 (cache miss)
1837 timing reifyNode:node_modules/path-parse Completed in 169727ms
1838 http fetch GET 200 https://registry.npmjs.org/pg-int8/-/pg-int8-1.0.1.tgz 168930ms attempt #3 (cache miss)
1839 timing reifyNode:node_modules/pg-int8 Completed in 169860ms
1840 http fetch GET 200 https://registry.npmjs.org/resolve-alpn/-/resolve-alpn-1.2.1.tgz 169139ms attempt #3 (cache miss)
1841 timing reifyNode:node_modules/resolve-alpn Completed in 169992ms
1842 http fetch GET 200 https://registry.npmjs.org/ret/-/ret-0.2.2.tgz 169373ms attempt #3 (cache miss)
1843 timing reifyNode:node_modules/ret Completed in 170223ms
1844 http fetch GET 200 https://registry.npmjs.org/kleur/-/kleur-3.0.3.tgz 169637ms attempt #3 (cache miss)
1845 timing reifyNode:node_modules/kleur Completed in 170712ms
1846 http fetch GET 200 https://registry.npmjs.org/simple-get/-/simple-get-4.0.1.tgz 170096ms attempt #3 (cache miss)
1847 timing reifyNode:node_modules/simple-get Completed in 170896ms
1848 http fetch GET 200 https://registry.npmjs.org/fp-and-or/-/fp-and-or-0.1.4.tgz 169762ms attempt #3 (cache miss)
1849 timing reifyNode:node_modules/fp-and-or Completed in 170998ms
1850 http fetch GET 200 https://registry.npmjs.org/@sigstore/bundle/-/bundle-1.1.0.tgz 170274ms attempt #3 (cache miss)
1851 timing reifyNode:node_modules/@sigstore/bundle Completed in 171773ms
1852 http fetch GET 200 https://registry.npmjs.org/@webassemblyjs/helper-wasm-bytecode/-/helper-wasm-bytecode-1.11.6.tgz 170524ms attempt #3 (cache miss)
1853 timing reifyNode:node_modules/@webassemblyjs/helper-wasm-bytecode Completed in 171978ms
1854 http fetch GET 200 https://registry.npmjs.org/generify/-/generify-4.2.0.tgz 170813ms attempt #3 (cache miss)
1855 timing reifyNode:node_modules/generify Completed in 172042ms
1856 http fetch GET 200 https://registry.npmjs.org/gensync/-/gensync-1.0.0-beta.2.tgz 170904ms attempt #3 (cache miss)
1857 timing reifyNode:node_modules/gensync Completed in 172133ms
1858 http fetch GET 200 https://registry.npmjs.org/path-scurry/-/path-scurry-1.10.2.tgz 171335ms attempt #3 (cache miss)
1859 timing reifyNode:node_modules/path-scurry Completed in 172279ms
1860 http fetch GET 200 https://registry.npmjs.org/ansi-regex/-/ansi-regex-6.0.1.tgz 170274ms attempt #3 (cache miss)
1861 timing reifyNode:node_modules/@isaacs/cliui/node_modules/ansi-regex Completed in 172154ms
1862 http fetch GET 200 https://registry.npmjs.org/@rails/ujs/-/ujs-7.1.3-2.tgz 170849ms attempt #3 (cache miss)
1863 http fetch GET 200 https://registry.npmjs.org/gauge/-/gauge-4.0.4.tgz 171185ms attempt #3 (cache miss)
1864 timing reifyNode:node_modules/gauge Completed in 172413ms
1865 timing reifyNode:node_modules/@rails/ujs Completed in 172351ms
1866 http fetch GET 200 https://registry.npmjs.org/function.prototype.name/-/function.prototype.name-1.1.6.tgz 171206ms attempt #3 (cache miss)
1867 timing reifyNode:node_modules/function.prototype.name Completed in 172441ms
1868 http fetch GET 200 https://registry.npmjs.org/@sindresorhus/is/-/is-5.3.0.tgz 170973ms attempt #3 (cache miss)
1869 timing reifyNode:node_modules/@sindresorhus/is Completed in 172468ms
1870 http fetch GET 200 https://registry.npmjs.org/doctrine/-/doctrine-2.1.0.tgz 170932ms attempt #3 (cache miss)
1871 timing reifyNode:node_modules/eslint-plugin-import/node_modules/doctrine Completed in 172808ms
1872 http fetch GET 200 https://registry.npmjs.org/pg-protocol/-/pg-protocol-1.6.1.tgz 172058ms attempt #3 (cache miss)
1873 timing reifyNode:node_modules/pg-protocol Completed in 172986ms
1874 http fetch GET 200 https://registry.npmjs.org/string-width/-/string-width-5.1.2.tgz 171025ms attempt #3 (cache miss)
1875 timing reifyNode:node_modules/@isaacs/cliui/node_modules/string-width Completed in 172904ms
1876 http fetch GET 200 https://registry.npmjs.org/objection/-/objection-3.1.4.tgz 172075ms attempt #3 (cache miss)
1877 timing reifyNode:node_modules/objection Completed in 173033ms
1878 http fetch GET 200 https://registry.npmjs.org/@npmcli/run-script/-/run-script-6.0.2.tgz 171597ms attempt #3 (cache miss)
1879 timing reifyNode:node_modules/@npmcli/run-script Completed in 173114ms
1880 http fetch GET 200 https://registry.npmjs.org/@types/stack-trace/-/stack-trace-0.0.29.tgz 171706ms attempt #3 (cache miss)
1881 timing reifyNode:node_modules/@types/stack-trace Completed in 173170ms
1882 http fetch GET 200 https://registry.npmjs.org/emoji-regex/-/emoji-regex-9.2.2.tgz 171954ms attempt #3 (cache miss)
1883 timing reifyNode:node_modules/@isaacs/cliui/node_modules/emoji-regex Completed in 173840ms
1884 http fetch GET 200 https://registry.npmjs.org/minimatch/-/minimatch-9.0.4.tgz 172472ms attempt #3 (cache miss)
1885 timing reifyNode:node_modules/glob/node_modules/minimatch Completed in 174341ms
1886 http fetch GET 200 https://registry.npmjs.org/uc.micro/-/uc.micro-1.0.6.tgz 173926ms attempt #3 (cache miss)
1887 timing reifyNode:node_modules/uc.micro Completed in 174657ms
1888 http fetch GET 200 https://registry.npmjs.org/is-fullwidth-code-point/-/is-fullwidth-code-point-3.0.0.tgz 173446ms attempt #3 (cache miss)
1889 timing reifyNode:node_modules/is-fullwidth-code-point Completed in 174610ms
1890 http fetch GET 200 https://registry.npmjs.org/fast-memoize/-/fast-memoize-2.5.2.tgz 173412ms attempt #3 (cache miss)
1891 timing reifyNode:node_modules/fast-memoize Completed in 174668ms
1892 http fetch GET 200 https://registry.npmjs.org/fast-glob/-/fast-glob-3.2.11.tgz 173718ms attempt #3 (cache miss)
1893 timing reifyNode:node_modules/fast-glob Completed in 174977ms
1894 http fetch GET 200 https://registry.npmjs.org/unique-string/-/unique-string-3.0.0.tgz 176256ms attempt #3 (cache miss)
1895 timing reifyNode:node_modules/unique-string Completed in 176978ms
1896 http fetch GET 200 https://registry.npmjs.org/typedarray-to-buffer/-/typedarray-to-buffer-3.1.5.tgz 176548ms attempt #3 (cache miss)
1897 timing reifyNode:node_modules/typedarray-to-buffer Completed in 177275ms
1898 http fetch GET 200 https://registry.npmjs.org/pino/-/pino-8.20.0.tgz 176316ms attempt #3 (cache miss)
1899 timing reifyNode:node_modules/pino Completed in 177239ms
1900 http fetch GET 200 https://registry.npmjs.org/fast-deep-equal/-/fast-deep-equal-3.1.3.tgz 176012ms attempt #3 (cache miss)
1901 timing reifyNode:node_modules/fast-deep-equal Completed in 177273ms
1902 http fetch GET 200 https://registry.npmjs.org/pug-filters/-/pug-filters-4.0.0.tgz 176469ms attempt #3 (cache miss)
1903 timing reifyNode:node_modules/pug-filters Completed in 177357ms
1904 http fetch GET 200 https://registry.npmjs.org/is-binary-path/-/is-binary-path-2.1.0.tgz 176207ms attempt #3 (cache miss)
1905 timing reifyNode:node_modules/is-binary-path Completed in 177379ms
1906 http fetch GET 200 https://registry.npmjs.org/path-type/-/path-type-4.0.0.tgz 176554ms attempt #3 (cache miss)
1907 timing reifyNode:node_modules/path-type Completed in 177485ms
1908 http fetch GET 200 https://registry.npmjs.org/tunnel-agent/-/tunnel-agent-0.6.0.tgz 177031ms attempt #3 (cache miss)
1909 timing reifyNode:node_modules/tunnel-agent Completed in 177766ms
1910 http fetch GET 200 https://registry.npmjs.org/brace-expansion/-/brace-expansion-2.0.1.tgz 176066ms attempt #3 (cache miss)
1911 timing reifyNode:node_modules/glob/node_modules/brace-expansion Completed in 177934ms
1912 http fetch GET 200 https://registry.npmjs.org/@babel/helper-compilation-targets/-/helper-compilation-targets-7.23.6.tgz 176350ms attempt #3 (cache miss)
1913 timing reifyNode:node_modules/@babel/helper-compilation-targets Completed in 177959ms
1914 http fetch GET 200 https://registry.npmjs.org/glob/-/glob-7.2.3.tgz 176471ms attempt #3 (cache miss)
1915 timing reifyNode:node_modules/sqlite3/node_modules/glob Completed in 178314ms
1916 http fetch GET 200 https://registry.npmjs.org/knex/-/knex-2.5.1.tgz 177659ms attempt #3 (cache miss)
1917 timing reifyNode:node_modules/fastify-objectionjs/node_modules/knex Completed in 179520ms
1918 http fetch GET 200 https://registry.npmjs.org/moment/-/moment-2.30.1.tgz 179427ms attempt #3 (cache miss)
1919 timing reifyNode:node_modules/moment Completed in 180420ms
1920 http fetch GET 200 https://registry.npmjs.org/estraverse/-/estraverse-4.3.0.tgz 178974ms attempt #3 (cache miss)
1921 timing reifyNode:node_modules/webpack/node_modules/estraverse Completed in 180805ms
1922 http fetch GET 200 https://registry.npmjs.org/is-installed-globally/-/is-installed-globally-0.4.0.tgz 179689ms attempt #3 (cache miss)
1923 timing reifyNode:node_modules/is-installed-globally Completed in 180843ms
1924 http fetch GET 200 https://registry.npmjs.org/loader-runner/-/loader-runner-4.3.0.tgz 179831ms attempt #3 (cache miss)
1925 timing reifyNode:node_modules/loader-runner Completed in 180900ms
1926 http fetch GET 200 https://registry.npmjs.org/@humanwhocodes/config-array/-/config-array-0.11.14.tgz 179365ms attempt #3 (cache miss)
1927 timing reifyNode:node_modules/@humanwhocodes/config-array Completed in 180918ms
1928 http fetch GET 200 https://registry.npmjs.org/is-arrayish/-/is-arrayish-0.2.1.tgz 179945ms attempt #3 (cache miss)
1929 timing reifyNode:node_modules/is-arrayish Completed in 181118ms
1930 http fetch GET 200 https://registry.npmjs.org/chalk/-/chalk-5.0.1.tgz 179869ms attempt #3 (cache miss)
1931 timing reifyNode:node_modules/update-notifier/node_modules/chalk Completed in 181717ms
1932 http fetch GET 200 https://registry.npmjs.org/globals/-/globals-15.0.0.tgz 180399ms attempt #3 (cache miss)
1933 timing reifyNode:node_modules/globals Completed in 181618ms
1934 http fetch GET 200 https://registry.npmjs.org/thread-stream/-/thread-stream-2.6.0.tgz 180989ms attempt #3 (cache miss)
1935 timing reifyNode:node_modules/thread-stream Completed in 181743ms
1936 http fetch GET 200 https://registry.npmjs.org/supports-preserve-symlinks-flag/-/supports-preserve-symlinks-flag-1.0.0.tgz 180986ms attempt #3 (cache miss)
1937 timing reifyNode:node_modules/supports-preserve-symlinks-flag Completed in 181748ms
1938 http fetch GET 200 https://registry.npmjs.org/string-width/-/string-width-5.1.2.tgz 180260ms attempt #3 (cache miss)
1939 timing reifyNode:node_modules/wrap-ansi/node_modules/string-width Completed in 182084ms
1940 http fetch GET 200 https://registry.npmjs.org/@babel/helper-function-name/-/helper-function-name-7.23.0.tgz 180298ms attempt #3 (cache miss)
1941 timing reifyNode:node_modules/@babel/helper-function-name Completed in 181906ms
1942 http fetch GET 200 https://registry.npmjs.org/get-intrinsic/-/get-intrinsic-1.2.4.tgz 180905ms attempt #3 (cache miss)
1943 timing reifyNode:node_modules/get-intrinsic Completed in 182146ms
1944 http fetch GET 200 https://registry.npmjs.org/strip-ansi/-/strip-ansi-7.0.1.tgz 180441ms attempt #3 (cache miss)
1945 timing reifyNode:node_modules/widest-line/node_modules/strip-ansi Completed in 182267ms
1946 http fetch GET 200 https://registry.npmjs.org/eslint-scope/-/eslint-scope-5.1.1.tgz 180783ms attempt #3 (cache miss)
1947 timing reifyNode:node_modules/webpack/node_modules/eslint-scope Completed in 182614ms
1948 http fetch GET 200 https://registry.npmjs.org/schema-utils/-/schema-utils-3.3.0.tgz 181005ms attempt #3 (cache miss)
1949 timing reifyNode:node_modules/webpack/node_modules/schema-utils Completed in 182833ms
1950 http fetch GET 200 https://registry.npmjs.org/jest-worker/-/jest-worker-27.5.1.tgz 181132ms attempt #3 (cache miss)
1951 timing reifyNode:node_modules/terser-webpack-plugin/node_modules/jest-worker Completed in 182965ms
1952 http fetch GET 200 https://registry.npmjs.org/schema-utils/-/schema-utils-3.3.0.tgz 181272ms attempt #3 (cache miss)
1953 timing reifyNode:node_modules/terser-webpack-plugin/node_modules/schema-utils Completed in 183105ms
1954 http fetch GET 200 https://registry.npmjs.org/sigstore/-/sigstore-1.9.0.tgz 182346ms attempt #3 (cache miss)
1955 timing reifyNode:node_modules/sigstore Completed in 183157ms
1956 http fetch GET 200 https://registry.npmjs.org/object.groupby/-/object.groupby-1.0.3.tgz 182431ms attempt #3 (cache miss)
1957 timing reifyNode:node_modules/object.groupby Completed in 183393ms
1958 http fetch GET 200 https://registry.npmjs.org/npm-install-checks/-/npm-install-checks-6.3.0.tgz 182435ms attempt #3 (cache miss)
1959 timing reifyNode:node_modules/npm-install-checks Completed in 183413ms
1960 http fetch GET 200 https://registry.npmjs.org/ansi-styles/-/ansi-styles-5.2.0.tgz 181856ms attempt #3 (cache miss)
1961 timing reifyNode:node_modules/pretty-format/node_modules/ansi-styles Completed in 183699ms
1962 http fetch GET 200 https://registry.npmjs.org/locate-path/-/locate-path-5.0.0.tgz 181869ms attempt #3 (cache miss)
1963 timing reifyNode:node_modules/pkg-dir/node_modules/locate-path Completed in 183715ms
1964 http fetch GET 200 https://registry.npmjs.org/fs-minipass/-/fs-minipass-3.0.3.tgz 182182ms attempt #3 (cache miss)
1965 timing reifyNode:node_modules/pacote/node_modules/fs-minipass Completed in 184035ms
1966 http fetch GET 200 https://registry.npmjs.org/strip-ansi/-/strip-ansi-7.1.0.tgz 182429ms attempt #3 (cache miss)
1967 timing reifyNode:node_modules/npm-check-updates/node_modules/strip-ansi Completed in 184292ms
1968 http fetch GET 200 https://registry.npmjs.org/is-callable/-/is-callable-1.2.7.tgz 183171ms attempt #3 (cache miss)
1969 timing reifyNode:node_modules/is-callable Completed in 184343ms
1970 http fetch GET 200 https://registry.npmjs.org/chalk/-/chalk-5.3.0.tgz 182559ms attempt #3 (cache miss)
1971 timing reifyNode:node_modules/npm-check-updates/node_modules/chalk Completed in 184430ms
1972 http fetch GET 200 https://registry.npmjs.org/ini/-/ini-4.1.2.tgz 182603ms attempt #3 (cache miss)
1973 timing reifyNode:node_modules/npm-check-updates/node_modules/ini Completed in 184468ms
1974 http fetch GET 200 https://registry.npmjs.org/readable-stream/-/readable-stream-4.5.2.tgz 182951ms attempt #3 (cache miss)
1975 timing reifyNode:node_modules/pino-pretty/node_modules/readable-stream Completed in 184799ms
1976 http fetch GET 200 https://registry.npmjs.org/hosted-git-info/-/hosted-git-info-6.1.1.tgz 183355ms attempt #3 (cache miss)
1977 timing reifyNode:node_modules/normalize-package-data/node_modules/hosted-git-info Completed in 185223ms
1978 http fetch GET 200 https://registry.npmjs.org/make-fetch-happen/-/make-fetch-happen-10.2.1.tgz 183716ms attempt #3 (cache miss)
1979 timing reifyNode:node_modules/node-gyp/node_modules/make-fetch-happen Completed in 185588ms
1980 http fetch GET 200 https://registry.npmjs.org/minimatch/-/minimatch-5.1.6.tgz 183852ms attempt #3 (cache miss)
1981 timing reifyNode:node_modules/node-gyp/node_modules/cacache/node_modules/minimatch Completed in 185727ms
1982 http fetch GET 200 https://registry.npmjs.org/glob/-/glob-7.2.3.tgz 184271ms attempt #3 (cache miss)
1983 timing reifyNode:node_modules/node-gyp/node_modules/glob Completed in 186144ms
1984 http fetch GET 200 https://registry.npmjs.org/abbrev/-/abbrev-2.0.0.tgz 184343ms attempt #3 (cache miss)
1985 timing reifyNode:node_modules/js-beautify/node_modules/abbrev Completed in 186221ms
1986 http fetch GET 200 https://registry.npmjs.org/ajv/-/ajv-8.11.0.tgz 184486ms attempt #3 (cache miss)
1987 timing reifyNode:node_modules/schema-utils/node_modules/ajv Completed in 186330ms
1988 http fetch GET 200 https://registry.npmjs.org/yallist/-/yallist-3.1.1.tgz 184476ms attempt #3 (cache miss)
1989 timing reifyNode:node_modules/lru-cache/node_modules/yallist Completed in 186351ms
1990 http fetch GET 200 https://registry.npmjs.org/glob/-/glob-7.2.3.tgz 184551ms attempt #3 (cache miss)
1991 timing reifyNode:node_modules/jest-config/node_modules/glob Completed in 186428ms
1992 http fetch GET 200 https://registry.npmjs.org/nopt/-/nopt-6.0.0.tgz 184689ms attempt #3 (cache miss)
1993 timing reifyNode:node_modules/node-gyp/node_modules/nopt Completed in 186559ms
1994 http fetch GET 200 https://registry.npmjs.org/nopt/-/nopt-7.2.0.tgz 184692ms attempt #3 (cache miss)
1995 timing reifyNode:node_modules/js-beautify/node_modules/nopt Completed in 186559ms
1996 http fetch GET 200 https://registry.npmjs.org/supports-color/-/supports-color-8.1.1.tgz 184703ms attempt #3 (cache miss)
1997 timing reifyNode:node_modules/jest-worker/node_modules/supports-color Completed in 186582ms
1998 http fetch GET 200 https://registry.npmjs.org/has-unicode/-/has-unicode-2.0.1.tgz 185472ms attempt #3 (cache miss)
1999 timing reifyNode:node_modules/has-unicode Completed in 186675ms
2000 http fetch GET 200 https://registry.npmjs.org/@npmcli/fs/-/fs-2.1.2.tgz 184867ms attempt #3 (cache miss)
2001 timing reifyNode:node_modules/node-gyp/node_modules/@npmcli/fs Completed in 186745ms
2002 http fetch GET 200 https://registry.npmjs.org/ajv-keywords/-/ajv-keywords-3.5.2.tgz 185235ms attempt #3 (cache miss)
2003 timing reifyNode:node_modules/ajv-keywords Completed in 186661ms
2004 http fetch GET 200 https://registry.npmjs.org/wildcard/-/wildcard-2.0.0.tgz 186293ms attempt #2 (cache miss)
2005 timing reifyNode:node_modules/wildcard Completed in 186990ms
2006 http fetch GET 200 https://registry.npmjs.org/lru-cache/-/lru-cache-7.18.3.tgz 185159ms attempt #3 (cache miss)
2007 timing reifyNode:node_modules/node-gyp/node_modules/lru-cache Completed in 187032ms
2008 http fetch GET 200 https://registry.npmjs.org/brace-expansion/-/brace-expansion-2.0.1.tgz 185244ms attempt #3 (cache miss)
2009 timing reifyNode:node_modules/node-gyp/node_modules/brace-expansion Completed in 187121ms
2010 http fetch GET 200 https://registry.npmjs.org/globalthis/-/globalthis-1.0.3.tgz 185867ms attempt #3 (cache miss)
2011 http fetch GET 200 https://registry.npmjs.org/minipass/-/minipass-7.0.4.tgz 185253ms attempt #3 (cache miss)
2012 timing reifyNode:node_modules/minipass-fetch/node_modules/minipass Completed in 187128ms
2013 timing reifyNode:node_modules/globalthis Completed in 187095ms
2014 http fetch GET 200 https://registry.npmjs.org/camelcase/-/camelcase-6.3.0.tgz 185240ms attempt #3 (cache miss)
2015 timing reifyNode:node_modules/jest-validate/node_modules/camelcase Completed in 187118ms
2016 http fetch GET 200 https://registry.npmjs.org/glob/-/glob-7.2.3.tgz 185242ms attempt #3 (cache miss)
2017 timing reifyNode:node_modules/jest-runtime/node_modules/glob Completed in 187121ms
2018 http fetch GET 200 https://registry.npmjs.org/@babel/plugin-syntax-json-strings/-/plugin-syntax-json-strings-7.8.3.tgz 185533ms attempt #3 (cache miss)
2019 timing reifyNode:node_modules/@babel/plugin-syntax-json-strings Completed in 187119ms
2020 http fetch GET 200 https://registry.npmjs.org/minipass/-/minipass-7.0.4.tgz 185395ms attempt #3 (cache miss)
2021 timing reifyNode:node_modules/glob/node_modules/minipass Completed in 187262ms
2022 http fetch GET 200 https://registry.npmjs.org/ajv/-/ajv-8.12.0.tgz 185803ms attempt #3 (cache miss)
2023 timing reifyNode:node_modules/objection/node_modules/ajv Completed in 187656ms
2024 http fetch GET 200 https://registry.npmjs.org/@babel/plugin-syntax-optional-chaining/-/plugin-syntax-optional-chaining-7.8.3.tgz 186157ms attempt #3 (cache miss)
2025 timing reifyNode:node_modules/@babel/plugin-syntax-optional-chaining Completed in 187736ms
2026 http fetch GET 200 https://registry.npmjs.org/get-package-type/-/get-package-type-0.1.0.tgz 186755ms attempt #3 (cache miss)
2027 timing reifyNode:node_modules/get-package-type Completed in 187981ms
2028 http fetch GET 200 https://registry.npmjs.org/semver/-/semver-6.3.1.tgz 186293ms attempt #3 (cache miss)
2029 timing reifyNode:node_modules/@babel/core/node_modules/semver Completed in 188234ms
2030 http fetch GET 200 https://registry.npmjs.org/globals/-/globals-11.12.0.tgz 186675ms attempt #3 (cache miss)
2031 timing reifyNode:node_modules/@babel/traverse/node_modules/globals Completed in 188613ms
2032 http fetch GET 200 https://registry.npmjs.org/@fastify/static/-/static-7.0.3.tgz 187475ms attempt #3 (cache miss)
2033 timing reifyNode:node_modules/@fastify/static Completed in 189026ms
2034 http fetch GET 200 https://registry.npmjs.org/globals/-/globals-13.24.0.tgz 187576ms attempt #3 (cache miss)
2035 timing reifyNode:node_modules/eslint/node_modules/globals Completed in 189456ms
2036 http fetch GET 200 https://registry.npmjs.org/p-locate/-/p-locate-3.0.0.tgz 187730ms attempt #3 (cache miss)
2037 timing reifyNode:node_modules/pkg-up/node_modules/p-locate Completed in 189572ms
2038 http fetch GET 200 https://registry.npmjs.org/strip-json-comments/-/strip-json-comments-5.0.1.tgz 187776ms attempt #3 (cache miss)
2039 timing reifyNode:node_modules/npm-check-updates/node_modules/strip-json-comments Completed in 189638ms
2040 http fetch GET 200 https://registry.npmjs.org/pug-linker/-/pug-linker-4.0.0.tgz 188937ms attempt #3 (cache miss)
2041 timing reifyNode:node_modules/pug-linker Completed in 189824ms
2042 http fetch GET 200 https://registry.npmjs.org/randombytes/-/randombytes-2.1.0.tgz 189156ms attempt #3 (cache miss)
2043 timing reifyNode:node_modules/randombytes Completed in 190024ms
2044 http fetch GET 200 https://registry.npmjs.org/minipass/-/minipass-7.0.4.tgz 188366ms attempt #3 (cache miss)
2045 timing reifyNode:node_modules/path-scurry/node_modules/minipass Completed in 190217ms
2046 http fetch GET 200 https://registry.npmjs.org/@babel/template/-/template-7.24.0.tgz 188728ms attempt #3 (cache miss)
2047 timing reifyNode:node_modules/@babel/template Completed in 190304ms
2048 http fetch GET 200 https://registry.npmjs.org/npm-packlist/-/npm-packlist-7.0.4.tgz 190012ms attempt #3 (cache miss)
2049 timing reifyNode:node_modules/npm-packlist Completed in 190989ms
2050 http fetch GET 200 https://registry.npmjs.org/ssri/-/ssri-8.0.1.tgz 189867ms attempt #3 (cache miss)
2051 timing reifyNode:node_modules/sqlite3/node_modules/ssri Completed in 191702ms
2052 http fetch GET 200 https://registry.npmjs.org/rimraf/-/rimraf-5.0.5.tgz 189889ms attempt #3 (cache miss)
2053 timing reifyNode:node_modules/npm-check-updates/node_modules/rimraf Completed in 191753ms
2054 http fetch GET 200 https://registry.npmjs.org/minimatch/-/minimatch-9.0.4.tgz 190234ms attempt #3 (cache miss)
2055 timing reifyNode:node_modules/npm-check-updates/node_modules/minimatch Completed in 192098ms
2056 http fetch GET 200 https://registry.npmjs.org/glob/-/glob-8.1.0.tgz 190265ms attempt #3 (cache miss)
2057 timing reifyNode:node_modules/node-gyp/node_modules/cacache/node_modules/glob Completed in 192141ms
2058 http fetch GET 200 https://registry.npmjs.org/cacache/-/cacache-16.1.3.tgz 190527ms attempt #3 (cache miss)
2059 timing reifyNode:node_modules/node-gyp/node_modules/cacache Completed in 192401ms
2060 http fetch GET 200 https://registry.npmjs.org/@humanwhocodes/module-importer/-/module-importer-1.0.1.tgz 191115ms attempt #3 (cache miss)
2061 timing reifyNode:node_modules/@humanwhocodes/module-importer Completed in 192669ms
2062 http fetch GET 200 https://registry.npmjs.org/supports-color/-/supports-color-5.5.0.tgz 191142ms attempt #3 (cache miss)
2063 timing reifyNode:node_modules/@babel/highlight/node_modules/supports-color Completed in 193078ms
2064 http fetch GET 200 https://registry.npmjs.org/markdown-it/-/markdown-it-13.0.2.tgz 192144ms attempt #3 (cache miss)
2065 timing reifyNode:node_modules/markdown-it Completed in 193203ms
2066 http fetch GET 200 https://registry.npmjs.org/node-releases/-/node-releases-2.0.14.tgz 192570ms attempt #3 (cache miss)
2067 timing reifyNode:node_modules/node-releases Completed in 193553ms
2068 http fetch GET 200 https://registry.npmjs.org/@lukeed/ms/-/ms-2.0.2.tgz 192184ms attempt #3 (cache miss)
2069 timing reifyNode:node_modules/@lukeed/ms Completed in 193707ms
2070 http fetch GET 200 https://registry.npmjs.org/fast-json-stable-stringify/-/fast-json-stable-stringify-2.1.0.tgz 192754ms attempt #3 (cache miss)
2071 http fetch GET 200 https://registry.npmjs.org/json-parse-even-better-errors/-/json-parse-even-better-errors-3.0.1.tgz 192249ms attempt #3 (cache miss)
2072 timing reifyNode:node_modules/read-package-json/node_modules/json-parse-even-better-errors Completed in 194099ms
2073 http fetch GET 200 https://registry.npmjs.org/lru-cache/-/lru-cache-7.18.3.tgz 192199ms attempt #3 (cache miss)
2074 timing reifyNode:node_modules/make-fetch-happen/node_modules/lru-cache Completed in 194074ms
2075 timing reifyNode:node_modules/fast-json-stable-stringify Completed in 194032ms
2076 http fetch GET 200 https://registry.npmjs.org/is-generator-fn/-/is-generator-fn-2.1.0.tgz 192898ms attempt #3 (cache miss)
2077 timing reifyNode:node_modules/is-generator-fn Completed in 194060ms
2078 http fetch GET 200 https://registry.npmjs.org/@jest/reporters/-/reporters-29.7.0.tgz 192458ms attempt #3 (cache miss)
2079 timing reifyNode:node_modules/@jest/reporters Completed in 193990ms
2080 http fetch GET 200 https://registry.npmjs.org/pug-error/-/pug-error-2.0.0.tgz 193272ms attempt #3 (cache miss)
2081 timing reifyNode:node_modules/pug-error Completed in 194158ms
2082 http fetch GET 200 https://registry.npmjs.org/jju/-/jju-1.4.0.tgz 193025ms attempt #3 (cache miss)
2083 timing reifyNode:node_modules/jju Completed in 194123ms
2084 http fetch GET 200 https://registry.npmjs.org/widest-line/-/widest-line-4.0.1.tgz 193538ms attempt #3 (cache miss)
2085 timing reifyNode:node_modules/widest-line Completed in 194233ms
2086 http fetch GET 200 https://registry.npmjs.org/@nodelib/fs.scandir/-/fs.scandir-2.1.5.tgz 192604ms attempt #3 (cache miss)
2087 timing reifyNode:node_modules/@nodelib/fs.scandir Completed in 194133ms
2088 http fetch GET 200 https://registry.npmjs.org/stack-utils/-/stack-utils-2.0.6.tgz 193546ms attempt #3 (cache miss)
2089 timing reifyNode:node_modules/stack-utils Completed in 194330ms
2090 http fetch GET 200 https://registry.npmjs.org/side-channel/-/side-channel-1.0.6.tgz 193557ms attempt #3 (cache miss)
2091 timing reifyNode:node_modules/side-channel Completed in 194372ms
2092 http fetch GET 200 https://registry.npmjs.org/ssri/-/ssri-9.0.1.tgz 192546ms attempt #3 (cache miss)
2093 timing reifyNode:node_modules/node-gyp/node_modules/ssri Completed in 194415ms
2094 http fetch GET 200 https://registry.npmjs.org/supports-color/-/supports-color-7.2.0.tgz 193713ms attempt #3 (cache miss)
2095 timing reifyNode:node_modules/supports-color Completed in 194476ms
2096 http fetch GET 200 https://registry.npmjs.org/p-limit/-/p-limit-2.3.0.tgz 192531ms attempt #2 (cache miss)
2097 timing reifyNode:node_modules/@istanbuljs/load-nyc-config/node_modules/p-limit Completed in 194405ms
2098 http fetch GET 200 https://registry.npmjs.org/tarn/-/tarn-3.0.2.tgz 193845ms attempt #3 (cache miss)
2099 timing reifyNode:node_modules/tarn Completed in 194602ms
2100 http fetch GET 200 https://registry.npmjs.org/@babel/helper-validator-identifier/-/helper-validator-identifier-7.22.20.tgz 192829ms attempt #3 (cache miss)
2101 timing reifyNode:node_modules/@babel/helper-validator-identifier Completed in 194420ms
2102 http fetch GET 200 https://registry.npmjs.org/@fastify/secure-session/-/secure-session-7.5.1.tgz 192897ms attempt #3 (cache miss)
2103 timing reifyNode:node_modules/@fastify/secure-session Completed in 194450ms
2104 http fetch GET 200 https://registry.npmjs.org/minipass/-/minipass-5.0.0.tgz 192767ms attempt #3 (cache miss)
2105 timing reifyNode:node_modules/make-fetch-happen/node_modules/minipass Completed in 194640ms
2106 http fetch GET 200 https://registry.npmjs.org/terser-webpack-plugin/-/terser-webpack-plugin-5.3.10.tgz 193951ms attempt #3 (cache miss)
2107 timing reifyNode:node_modules/terser-webpack-plugin Completed in 194707ms
2108 http fetch GET 200 https://registry.npmjs.org/tar/-/tar-6.1.11.tgz 193978ms attempt #3 (cache miss)
2109 timing reifyNode:node_modules/tar Completed in 194737ms
2110 http fetch GET 200 https://registry.npmjs.org/lru-cache/-/lru-cache-7.18.3.tgz 192834ms attempt #3 (cache miss)
2111 timing reifyNode:node_modules/normalize-package-data/node_modules/lru-cache Completed in 194701ms
2112 http fetch GET 200 https://registry.npmjs.org/p-locate/-/p-locate-4.1.0.tgz 192911ms attempt #2 (cache miss)
2113 timing reifyNode:node_modules/@istanbuljs/load-nyc-config/node_modules/p-locate Completed in 194785ms
2114 http fetch GET 200 https://registry.npmjs.org/which/-/which-3.0.1.tgz 193103ms attempt #2 (cache miss)
2115 timing reifyNode:node_modules/@npmcli/git/node_modules/which Completed in 194979ms
2116 http fetch GET 200 https://registry.npmjs.org/which/-/which-3.0.1.tgz 193171ms attempt #2 (cache miss)
2117 timing reifyNode:node_modules/@npmcli/promise-spawn/node_modules/which Completed in 195047ms
2118 http fetch GET 200 https://registry.npmjs.org/brace-expansion/-/brace-expansion-2.0.1.tgz 193295ms attempt #2 (cache miss)
2119 timing reifyNode:node_modules/@tufjs/models/node_modules/brace-expansion Completed in 195174ms
2120 http fetch GET 200 https://registry.npmjs.org/which/-/which-3.0.1.tgz 193333ms attempt #2 (cache miss)
2121 timing reifyNode:node_modules/@npmcli/run-script/node_modules/which Completed in 195209ms
2122 http fetch GET 200 https://registry.npmjs.org/glob/-/glob-7.2.3.tgz 193397ms attempt #2 (cache miss)
2123 timing reifyNode:node_modules/@jest/reporters/node_modules/glob Completed in 195273ms
2124 http fetch GET 200 https://registry.npmjs.org/lru-cache/-/lru-cache-7.18.3.tgz 193415ms attempt #2 (cache miss)
2125 timing reifyNode:node_modules/@npmcli/git/node_modules/lru-cache Completed in 195293ms
2126 http fetch GET 200 https://registry.npmjs.org/camelcase/-/camelcase-7.0.0.tgz 194921ms attempt #2 (cache miss)
2127 timing reifyNode:node_modules/boxen/node_modules/camelcase Completed in 196809ms
2128 http fetch GET 200 https://registry.npmjs.org/ansi-regex/-/ansi-regex-6.0.1.tgz 195285ms attempt #2 (cache miss)
2129 timing reifyNode:node_modules/boxen/node_modules/ansi-regex Completed in 197174ms
2130 http fetch GET 200 https://registry.npmjs.org/unique-filename/-/unique-filename-1.1.1.tgz 196754ms attempt #3 (cache miss)
2131 timing reifyNode:node_modules/unique-filename Completed in 197478ms
2132 http fetch GET 200 https://registry.npmjs.org/semver/-/semver-6.3.1.tgz 195513ms attempt #2 (cache miss)
2133 timing reifyNode:node_modules/babel-plugin-istanbul/node_modules/semver Completed in 197400ms
2134 http fetch GET 200 https://registry.npmjs.org/depd/-/depd-1.1.2.tgz 195512ms attempt #2 (cache miss)
2135 timing reifyNode:node_modules/agentkeepalive/node_modules/depd Completed in 197399ms
2136 http fetch GET 200 https://registry.npmjs.org/strip-ansi/-/strip-ansi-7.0.1.tgz 195874ms attempt #2 (cache miss)
2137 timing reifyNode:node_modules/boxen/node_modules/strip-ansi Completed in 197757ms
2138 http fetch GET 200 https://registry.npmjs.org/debug/-/debug-3.2.7.tgz 196268ms attempt #3 (cache miss)
2139 timing reifyNode:node_modules/eslint-module-utils/node_modules/debug Completed in 198145ms
2140 http fetch GET 200 https://registry.npmjs.org/fs-minipass/-/fs-minipass-3.0.3.tgz 196276ms attempt #2 (cache miss)
2141 timing reifyNode:node_modules/cacache/node_modules/fs-minipass Completed in 198150ms
2142 http fetch GET 200 https://registry.npmjs.org/emoji-regex/-/emoji-regex-9.2.2.tgz 196352ms attempt #2 (cache miss)
2143 timing reifyNode:node_modules/boxen/node_modules/emoji-regex Completed in 198247ms
2144 http fetch GET 200 https://registry.npmjs.org/unique-filename/-/unique-filename-3.0.0.tgz 196510ms attempt #2 (cache miss)
2145 timing reifyNode:node_modules/cacache/node_modules/unique-filename Completed in 198381ms
2146 http fetch GET 200 https://registry.npmjs.org/validator/-/validator-13.11.0.tgz 197856ms attempt #3 (cache miss)
2147 timing reifyNode:node_modules/validator Completed in 198573ms
2148 http fetch GET 200 https://registry.npmjs.org/json-schema-traverse/-/json-schema-traverse-1.0.0.tgz 196529ms attempt #2 (cache miss)
2149 timing reifyNode:node_modules/ajv-formats/node_modules/json-schema-traverse Completed in 198419ms
2150 http fetch GET 200 https://registry.npmjs.org/chalk/-/chalk-5.0.1.tgz 196566ms attempt #2 (cache miss)
2151 timing reifyNode:node_modules/boxen/node_modules/chalk Completed in 198452ms
2152 http fetch GET 200 https://registry.npmjs.org/lru-cache/-/lru-cache-7.18.3.tgz 196940ms attempt #2 (cache miss)
2153 timing reifyNode:node_modules/cacache/node_modules/lru-cache Completed in 198814ms
2154 http fetch GET 200 https://registry.npmjs.org/type-fest/-/type-fest-2.19.0.tgz 197087ms attempt #2 (cache miss)
2155 timing reifyNode:node_modules/boxen/node_modules/type-fest Completed in 198961ms
2156 http fetch GET 200 https://registry.npmjs.org/istanbul-lib-instrument/-/istanbul-lib-instrument-5.2.1.tgz 197121ms attempt #2 (cache miss)
2157 timing reifyNode:node_modules/babel-plugin-istanbul/node_modules/istanbul-lib-instrument Completed in 199011ms
2158 http fetch GET 200 https://registry.npmjs.org/minimatch/-/minimatch-9.0.4.tgz 197148ms attempt #2 (cache miss)
2159 timing reifyNode:node_modules/@tufjs/models/node_modules/minimatch Completed in 199026ms
2160 http fetch GET 200 https://registry.npmjs.org/unique-slug/-/unique-slug-4.0.0.tgz 197494ms attempt #2 (cache miss)
2161 timing reifyNode:node_modules/cacache/node_modules/unique-slug Completed in 199369ms
2162 http fetch GET 200 https://registry.npmjs.org/get-stream/-/get-stream-5.2.0.tgz 197602ms attempt #2 (cache miss)
2163 timing reifyNode:node_modules/cacheable-request/node_modules/get-stream Completed in 199477ms
2164 http fetch GET 200 https://registry.npmjs.org/ajv/-/ajv-8.11.0.tgz 197586ms attempt #2 (cache miss)
2165 timing reifyNode:node_modules/ajv-formats/node_modules/ajv Completed in 199472ms
2166 http fetch GET 200 https://registry.npmjs.org/type-fest/-/type-fest-0.21.3.tgz 197673ms attempt #2 (cache miss)
2167 timing reifyNode:node_modules/ansi-escapes/node_modules/type-fest Completed in 199558ms
2168 http fetch GET 200 https://registry.npmjs.org/lowercase-keys/-/lowercase-keys-2.0.0.tgz 197763ms attempt #2 (cache miss)
2169 timing reifyNode:node_modules/cacheable-request/node_modules/lowercase-keys Completed in 199637ms
2170 http fetch GET 200 https://registry.npmjs.org/wrap-ansi/-/wrap-ansi-7.0.0.tgz 197916ms attempt #2 (cache miss)
2171 timing reifyNode:node_modules/cliui/node_modules/wrap-ansi Completed in 199791ms
2172 http fetch GET 200 https://registry.npmjs.org/supports-color/-/supports-color-8.1.1.tgz 197965ms attempt #2 (cache miss)
2173 timing reifyNode:node_modules/concurrently/node_modules/supports-color Completed in 199841ms
2174 http fetch GET 200 https://registry.npmjs.org/glob-parent/-/glob-parent-5.1.2.tgz 197965ms attempt #2 (cache miss)
2175 timing reifyNode:node_modules/chokidar/node_modules/glob-parent Completed in 199839ms
2176 http fetch GET 200 https://registry.npmjs.org/ini/-/ini-1.3.8.tgz 198045ms attempt #2 (cache miss)
2177 timing reifyNode:node_modules/config-chain/node_modules/ini Completed in 199921ms
2178 http fetch GET 200 https://registry.npmjs.org/minipass/-/minipass-7.0.4.tgz 198068ms attempt #2 (cache miss)
2179 timing reifyNode:node_modules/cacache/node_modules/minipass Completed in 199941ms
2180 http fetch GET 200 https://registry.npmjs.org/write-file-atomic/-/write-file-atomic-3.0.3.tgz 198470ms attempt #2 (cache miss)
2181 timing reifyNode:node_modules/configstore/node_modules/write-file-atomic Completed in 200346ms
2182 http fetch GET 200 https://registry.npmjs.org/mimic-response/-/mimic-response-3.1.0.tgz 198476ms attempt #2 (cache miss)
2183 timing reifyNode:node_modules/decompress-response/node_modules/mimic-response Completed in 200351ms
2184 http fetch GET 200 https://registry.npmjs.org/ms/-/ms-2.1.2.tgz 198564ms attempt #2 (cache miss)
2185 timing reifyNode:node_modules/debug/node_modules/ms Completed in 200440ms
2186 http fetch GET 200 https://registry.npmjs.org/fast-querystring/-/fast-querystring-1.0.0.tgz 199247ms attempt #2 (cache miss)
2187 timing reifyNode:node_modules/fast-querystring Completed in 200502ms
2188 http fetch GET 200 https://registry.npmjs.org/fast-uri/-/fast-uri-2.3.0.tgz 199541ms attempt #2 (cache miss)
2189 timing reifyNode:node_modules/fast-uri Completed in 200873ms
2190 http fetch GET 200 https://registry.npmjs.org/@npmcli/move-file/-/move-file-2.0.1.tgz 199308ms attempt #2 (cache miss)
2191 warn deprecated @npmcli/move-file@2.0.1: This functionality has been moved to @npmcli/fs
2192 timing reifyNode:node_modules/@npmcli/move-file Completed in 200826ms
2193 http fetch GET 200 https://registry.npmjs.org/@types/babel__template/-/babel__template-7.4.4.tgz 199351ms attempt #2 (cache miss)
2194 timing reifyNode:node_modules/@types/babel__template Completed in 200840ms
2195 http fetch GET 200 https://registry.npmjs.org/@types/eslint-scope/-/eslint-scope-3.7.4.tgz 199440ms attempt #2 (cache miss)
2196 timing reifyNode:node_modules/@types/eslint-scope Completed in 200923ms
2197 http fetch GET 200 https://registry.npmjs.org/type-fest/-/type-fest-1.4.0.tgz 199083ms attempt #2 (cache miss)
2198 timing reifyNode:node_modules/crypto-random-string/node_modules/type-fest Completed in 200958ms
2199 http fetch GET 200 https://registry.npmjs.org/@types/graceful-fs/-/graceful-fs-4.1.9.tgz 199462ms attempt #2 (cache miss)
2200 timing reifyNode:node_modules/@types/graceful-fs Completed in 200945ms
2201 http fetch GET 200 https://registry.npmjs.org/@types/estree/-/estree-1.0.5.tgz 199530ms attempt #2 (cache miss)
2202 timing reifyNode:node_modules/@types/estree Completed in 201014ms
2203 http fetch GET 200 https://registry.npmjs.org/@types/istanbul-lib-report/-/istanbul-lib-report-3.0.3.tgz 199548ms attempt #2 (cache miss)
2204 timing reifyNode:node_modules/@types/istanbul-lib-report Completed in 201028ms
2205 http fetch GET 200 https://registry.npmjs.org/@types/istanbul-reports/-/istanbul-reports-3.0.4.tgz 199596ms attempt #2 (cache miss)
2206 timing reifyNode:node_modules/@types/istanbul-reports Completed in 201075ms
2207 http fetch GET 200 https://registry.npmjs.org/@types/istanbul-lib-coverage/-/istanbul-lib-coverage-2.0.6.tgz 199631ms attempt #2 (cache miss)
2208 timing reifyNode:node_modules/@types/istanbul-lib-coverage Completed in 201112ms
2209 http fetch GET 200 https://registry.npmjs.org/@types/json5/-/json5-0.0.29.tgz 199679ms attempt #2 (cache miss)
2210 timing reifyNode:node_modules/@types/json5 Completed in 201157ms
2211 http fetch GET 200 https://registry.npmjs.org/@types/ms/-/ms-0.7.34.tgz 199740ms attempt #2 (cache miss)
2212 timing reifyNode:node_modules/@types/ms Completed in 201215ms
2213 http fetch GET 200 https://registry.npmjs.org/@sigstore/sign/-/sign-1.0.0.tgz 199783ms attempt #2 (cache miss)
2214 timing reifyNode:node_modules/@sigstore/sign Completed in 201281ms
2215 http fetch GET 200 https://registry.npmjs.org/@types/http-cache-semantics/-/http-cache-semantics-4.0.1.tgz 199828ms attempt #2 (cache miss)
2216 timing reifyNode:node_modules/@types/http-cache-semantics Completed in 201309ms
2217 http fetch GET 200 https://registry.npmjs.org/@types/json-schema/-/json-schema-7.0.11.tgz 199833ms attempt #2 (cache miss)
2218 timing reifyNode:node_modules/@types/json-schema Completed in 201311ms
2219 http fetch GET 200 https://registry.npmjs.org/@types/babel__traverse/-/babel__traverse-7.20.5.tgz 199899ms attempt #2 (cache miss)
2220 timing reifyNode:node_modules/@types/babel__traverse Completed in 201388ms
2221 http fetch GET 200 https://registry.npmjs.org/@types/stack-utils/-/stack-utils-2.0.3.tgz 200113ms attempt #2 (cache miss)
2222 timing reifyNode:node_modules/@types/stack-utils Completed in 201575ms
2223 http fetch GET 200 https://registry.npmjs.org/@types/semver-utils/-/semver-utils-1.1.3.tgz 200277ms attempt #2 (cache miss)
2224 timing reifyNode:node_modules/@types/semver-utils Completed in 201742ms
2225 http fetch GET 200 https://registry.npmjs.org/@webassemblyjs/helper-api-error/-/helper-api-error-1.11.6.tgz 200338ms attempt #2 (cache miss)
2226 timing reifyNode:node_modules/@webassemblyjs/helper-api-error Completed in 201796ms
2227 http fetch GET 200 https://registry.npmjs.org/@webassemblyjs/helper-buffer/-/helper-buffer-1.12.1.tgz 200425ms attempt #2 (cache miss)
2228 timing reifyNode:node_modules/@webassemblyjs/helper-buffer Completed in 201882ms
2229 http fetch GET 200 https://registry.npmjs.org/@types/responselike/-/responselike-1.0.0.tgz 200427ms attempt #2 (cache miss)
2230 timing reifyNode:node_modules/@types/responselike Completed in 201892ms
2231 http fetch GET 200 https://registry.npmjs.org/@ungap/structured-clone/-/structured-clone-1.2.0.tgz 200453ms attempt #2 (cache miss)
2232 timing reifyNode:node_modules/@ungap/structured-clone Completed in 201961ms
2233 http fetch GET 200 https://registry.npmjs.org/@types/jest/-/jest-29.5.12.tgz 200484ms attempt #2 (cache miss)
2234 timing reifyNode:node_modules/@types/jest Completed in 201964ms
2235 http fetch GET 200 https://registry.npmjs.org/@webassemblyjs/floating-point-hex-parser/-/floating-point-hex-parser-1.11.6.tgz 200510ms attempt #2 (cache miss)
2236 timing reifyNode:node_modules/@webassemblyjs/floating-point-hex-parser Completed in 201967ms
2237 http fetch GET 200 https://registry.npmjs.org/@webassemblyjs/helper-wasm-section/-/helper-wasm-section-1.12.1.tgz 200517ms attempt #2 (cache miss)
2238 http fetch GET 200 https://registry.npmjs.org/@types/yargs/-/yargs-17.0.32.tgz 200508ms attempt #2 (cache miss)
2239 timing reifyNode:node_modules/@types/yargs Completed in 201969ms
2240 timing reifyNode:node_modules/@webassemblyjs/helper-wasm-section Completed in 201971ms
2241 http fetch GET 200 https://registry.npmjs.org/@webassemblyjs/ieee754/-/ieee754-1.11.6.tgz 200535ms attempt #2 (cache miss)
2242 timing reifyNode:node_modules/@webassemblyjs/ieee754 Completed in 201987ms
2243 http fetch GET 200 https://registry.npmjs.org/@types/yargs-parser/-/yargs-parser-21.0.3.tgz 200560ms attempt #2 (cache miss)
2244 timing reifyNode:node_modules/@types/yargs-parser Completed in 202020ms
2245 http fetch GET 200 https://registry.npmjs.org/@webassemblyjs/utf8/-/utf8-1.11.6.tgz 200691ms attempt #2 (cache miss)
2246 timing reifyNode:node_modules/@webassemblyjs/utf8 Completed in 202143ms
2247 http fetch GET 200 https://registry.npmjs.org/@webassemblyjs/leb128/-/leb128-1.11.6.tgz 200771ms attempt #2 (cache miss)
2248 timing reifyNode:node_modules/@webassemblyjs/leb128 Completed in 202223ms
2249 http fetch GET 200 https://registry.npmjs.org/@webassemblyjs/wasm-opt/-/wasm-opt-1.12.1.tgz 200879ms attempt #2 (cache miss)
2250 timing reifyNode:node_modules/@webassemblyjs/wasm-opt Completed in 202327ms
2251 http fetch GET 200 https://registry.npmjs.org/@webassemblyjs/wasm-parser/-/wasm-parser-1.12.1.tgz 200883ms attempt #2 (cache miss)
2252 timing reifyNode:node_modules/@webassemblyjs/wasm-parser Completed in 202330ms
2253 http fetch GET 200 https://registry.npmjs.org/@webassemblyjs/ast/-/ast-1.12.1.tgz 200873ms attempt #2 (cache miss)
2254 timing reifyNode:node_modules/@webassemblyjs/ast Completed in 202331ms
2255 http fetch GET 200 https://registry.npmjs.org/@webassemblyjs/wasm-edit/-/wasm-edit-1.12.1.tgz 200911ms attempt #2 (cache miss)
2256 timing reifyNode:node_modules/@webassemblyjs/wasm-edit Completed in 202367ms
2257 http fetch GET 200 https://registry.npmjs.org/@webpack-cli/configtest/-/configtest-2.1.1.tgz 200924ms attempt #2 (cache miss)
2258 timing reifyNode:node_modules/@webpack-cli/configtest Completed in 202370ms
2259 http fetch GET 200 https://registry.npmjs.org/@webpack-cli/info/-/info-2.0.2.tgz 200926ms attempt #2 (cache miss)
2260 timing reifyNode:node_modules/@webpack-cli/info Completed in 202371ms
2261 http fetch GET 200 https://registry.npmjs.org/@webassemblyjs/wasm-gen/-/wasm-gen-1.12.1.tgz 200925ms attempt #2 (cache miss)
2262 timing reifyNode:node_modules/@webassemblyjs/wasm-gen Completed in 202374ms
2263 http fetch GET 200 https://registry.npmjs.org/@webassemblyjs/wast-printer/-/wast-printer-1.12.1.tgz 200968ms attempt #2 (cache miss)
2264 timing reifyNode:node_modules/@webassemblyjs/wast-printer Completed in 202414ms
2265 http fetch GET 200 https://registry.npmjs.org/@webpack-cli/serve/-/serve-2.0.5.tgz 200990ms attempt #2 (cache miss)
2266 timing reifyNode:node_modules/@webpack-cli/serve Completed in 202435ms
2267 http fetch GET 200 https://registry.npmjs.org/@xtuc/ieee754/-/ieee754-1.2.0.tgz 201033ms attempt #2 (cache miss)
2268 timing reifyNode:node_modules/@xtuc/ieee754 Completed in 202476ms
2269 http fetch GET 200 https://registry.npmjs.org/@xtuc/long/-/long-4.2.2.tgz 201136ms attempt #2 (cache miss)
2270 timing reifyNode:node_modules/@xtuc/long Completed in 202579ms
2271 http fetch GET 200 https://registry.npmjs.org/fast-json-stringify/-/fast-json-stringify-5.14.1.tgz 201408ms attempt #2 (cache miss)
2272 timing reifyNode:node_modules/fast-json-stringify Completed in 202665ms
2273 http fetch GET 200 https://registry.npmjs.org/abbrev/-/abbrev-1.1.1.tgz 201251ms attempt #2 (cache miss)
2274 timing reifyNode:node_modules/abbrev Completed in 202684ms
2275 http fetch GET 200 https://registry.npmjs.org/abstract-logging/-/abstract-logging-2.0.1.tgz 201347ms attempt #2 (cache miss)
2276 timing reifyNode:node_modules/abstract-logging Completed in 202779ms
2277 http fetch GET 200 https://registry.npmjs.org/acorn-import-assertions/-/acorn-import-assertions-1.9.0.tgz 201515ms attempt #2 (cache miss)
2278 timing reifyNode:node_modules/acorn-import-assertions Completed in 202946ms
2279 http fetch GET 200 https://registry.npmjs.org/abort-controller/-/abort-controller-3.0.0.tgz 201517ms attempt #2 (cache miss)
2280 timing reifyNode:node_modules/abort-controller Completed in 202951ms
2281 http fetch GET 200 https://registry.npmjs.org/aggregate-error/-/aggregate-error-3.1.0.tgz 201581ms attempt #2 (cache miss)
2282 timing reifyNode:node_modules/aggregate-error Completed in 203009ms
2283 http fetch GET 200 https://registry.npmjs.org/acorn-jsx/-/acorn-jsx-5.3.2.tgz 201968ms attempt #2 (cache miss)
2284 timing reifyNode:node_modules/acorn-jsx Completed in 203397ms
2285 http fetch GET 200 https://registry.npmjs.org/ansi-align/-/ansi-align-3.0.1.tgz 201998ms attempt #2 (cache miss)
2286 timing reifyNode:node_modules/ansi-align Completed in 203423ms
2287 http fetch GET 200 https://registry.npmjs.org/agentkeepalive/-/agentkeepalive-4.2.1.tgz 202063ms attempt #2 (cache miss)
2288 timing reifyNode:node_modules/agentkeepalive Completed in 203493ms
2289 http fetch GET 200 https://registry.npmjs.org/agent-base/-/agent-base-6.0.2.tgz 202097ms attempt #2 (cache miss)
2290 timing reifyNode:node_modules/agent-base Completed in 203525ms
2291 http fetch GET 200 https://registry.npmjs.org/ajv-formats/-/ajv-formats-2.1.1.tgz 202264ms attempt #2 (cache miss)
2292 timing reifyNode:node_modules/ajv-formats Completed in 203692ms
2293 http fetch GET 200 https://registry.npmjs.org/ansi-regex/-/ansi-regex-5.0.1.tgz 202321ms attempt #2 (cache miss)
2294 timing reifyNode:node_modules/ansi-regex Completed in 203744ms
2295 http fetch GET 200 https://registry.npmjs.org/ansi-escapes/-/ansi-escapes-4.3.2.tgz 202326ms attempt #2 (cache miss)
2296 timing reifyNode:node_modules/ansi-escapes Completed in 203751ms
2297 http fetch GET 200 https://registry.npmjs.org/ansi-styles/-/ansi-styles-4.3.0.tgz 202398ms attempt #2 (cache miss)
2298 timing reifyNode:node_modules/ansi-styles Completed in 203820ms
2299 http fetch GET 200 https://registry.npmjs.org/anymatch/-/anymatch-3.1.2.tgz 202464ms attempt #2 (cache miss)
2300 timing reifyNode:node_modules/anymatch Completed in 203886ms
2301 http fetch GET 200 https://registry.npmjs.org/aproba/-/aproba-2.0.0.tgz 202606ms attempt #2 (cache miss)
2302 timing reifyNode:node_modules/aproba Completed in 204028ms
2303 http fetch GET 200 https://registry.npmjs.org/ajv/-/ajv-6.12.6.tgz 202601ms attempt #2 (cache miss)
2304 timing reifyNode:node_modules/ajv Completed in 204028ms
2305 http fetch GET 200 https://registry.npmjs.org/archy/-/archy-1.0.0.tgz 202659ms attempt #2 (cache miss)
2306 timing reifyNode:node_modules/archy Completed in 204080ms
2307 http fetch GET 200 https://registry.npmjs.org/are-we-there-yet/-/are-we-there-yet-3.0.1.tgz 202790ms attempt #2 (cache miss)
2308 timing reifyNode:node_modules/are-we-there-yet Completed in 204210ms
2309 http fetch GET 200 https://registry.npmjs.org/array-union/-/array-union-2.1.0.tgz 203027ms attempt #2 (cache miss)
2310 timing reifyNode:node_modules/array-union Completed in 204444ms
2311 http fetch GET 200 https://registry.npmjs.org/array-buffer-byte-length/-/array-buffer-byte-length-1.0.1.tgz 203078ms attempt #2 (cache miss)
2312 timing reifyNode:node_modules/array-buffer-byte-length Completed in 204496ms
2313 http fetch GET 200 https://registry.npmjs.org/array.prototype.flatmap/-/array.prototype.flatmap-1.3.2.tgz 203562ms attempt #2 (cache miss)
2314 http fetch GET 200 https://registry.npmjs.org/atomic-sleep/-/atomic-sleep-1.0.0.tgz 203578ms attempt #2 (cache miss)
2315 timing reifyNode:node_modules/atomic-sleep Completed in 204979ms
2316 timing reifyNode:node_modules/array.prototype.flatmap Completed in 204983ms
2317 http fetch GET 200 https://registry.npmjs.org/arraybuffer.prototype.slice/-/arraybuffer.prototype.slice-1.0.3.tgz 203625ms attempt #2 (cache miss)
2318 timing reifyNode:node_modules/arraybuffer.prototype.slice Completed in 205040ms
2319 http fetch GET 200 https://registry.npmjs.org/assert-never/-/assert-never-1.2.1.tgz 203650ms attempt #2 (cache miss)
2320 timing reifyNode:node_modules/assert-never Completed in 205062ms
2321 http fetch GET 200 https://registry.npmjs.org/asap/-/asap-2.0.6.tgz 203694ms attempt #2 (cache miss)
2322 timing reifyNode:node_modules/asap Completed in 205107ms
2323 http fetch GET 200 https://registry.npmjs.org/array.prototype.flat/-/array.prototype.flat-1.3.2.tgz 203773ms attempt #2 (cache miss)
2324 http fetch GET 200 https://registry.npmjs.org/array.prototype.findlastindex/-/array.prototype.findlastindex-1.2.5.tgz 203773ms attempt #2 (cache miss)
2325 timing reifyNode:node_modules/array.prototype.findlastindex Completed in 205189ms
2326 timing reifyNode:node_modules/array.prototype.flat Completed in 205192ms
2327 http fetch GET 200 https://registry.npmjs.org/@popperjs/core/-/core-2.11.8.tgz 203893ms attempt #2 (cache miss)
2328 timing reifyNode:node_modules/@popperjs/core Completed in 205403ms
2329 http fetch GET 200 https://registry.npmjs.org/acorn/-/acorn-8.11.3.tgz 204167ms attempt #2 (cache miss)
2330 timing reifyNode:node_modules/acorn Completed in 205599ms
2331 http fetch GET 200 https://registry.npmjs.org/argparse/-/argparse-2.0.1.tgz 204188ms attempt #2 (cache miss)
2332 timing reifyNode:node_modules/argparse Completed in 205607ms
2333 http fetch GET 200 https://registry.npmjs.org/array-includes/-/array-includes-3.1.8.tgz 204210ms attempt #2 (cache miss)
2334 timing reifyNode:node_modules/array-includes Completed in 205630ms
2335 http fetch GET 200 https://registry.npmjs.org/at-least-node/-/at-least-node-1.0.0.tgz 204453ms attempt #2 (cache miss)
2336 timing reifyNode:node_modules/at-least-node Completed in 205863ms
2337 http fetch GET 200 https://registry.npmjs.org/available-typed-arrays/-/available-typed-arrays-1.0.7.tgz 204771ms attempt #2 (cache miss)
2338 timing reifyNode:node_modules/available-typed-arrays Completed in 206171ms
2339 http fetch GET 200 https://registry.npmjs.org/babel-jest/-/babel-jest-29.7.0.tgz 204985ms attempt #2 (cache miss)
2340 timing reifyNode:node_modules/babel-jest Completed in 206383ms
2341 http fetch GET 200 https://registry.npmjs.org/babel-plugin-istanbul/-/babel-plugin-istanbul-6.1.1.tgz 205129ms attempt #2 (cache miss)
2342 timing reifyNode:node_modules/babel-plugin-istanbul Completed in 206527ms
2343 http fetch GET 200 https://registry.npmjs.org/babel-preset-current-node-syntax/-/babel-preset-current-node-syntax-1.0.1.tgz 205388ms attempt #2 (cache miss)
2344 timing reifyNode:node_modules/babel-preset-current-node-syntax Completed in 206783ms
2345 http fetch GET 200 https://registry.npmjs.org/babel-plugin-jest-hoist/-/babel-plugin-jest-hoist-29.6.3.tgz 205389ms attempt #2 (cache miss)
2346 timing reifyNode:node_modules/babel-plugin-jest-hoist Completed in 206785ms
2347 http fetch GET 200 https://registry.npmjs.org/balanced-match/-/balanced-match-1.0.2.tgz 205700ms attempt #2 (cache miss)
2348 timing reifyNode:node_modules/balanced-match Completed in 207094ms
2349 http fetch GET 200 https://registry.npmjs.org/babel-walk/-/babel-walk-3.0.0-canary-5.tgz 205703ms attempt #2 (cache miss)
2350 timing reifyNode:node_modules/babel-walk Completed in 207100ms
2351 http fetch GET 200 https://registry.npmjs.org/avvio/-/avvio-8.3.0.tgz 205751ms attempt #2 (cache miss)
2352 timing reifyNode:node_modules/avvio Completed in 207150ms
2353 http fetch GET 200 https://registry.npmjs.org/@types/node/-/node-20.12.7.tgz 205693ms attempt #2 (cache miss)
2354 timing reifyNode:node_modules/@types/node Completed in 207158ms
2355 http fetch GET 200 https://registry.npmjs.org/base64-js/-/base64-js-1.5.1.tgz 205795ms attempt #2 (cache miss)
2356 timing reifyNode:node_modules/base64-js Completed in 207187ms
2357 http fetch GET 200 https://registry.npmjs.org/bindings/-/bindings-1.5.0.tgz 205830ms attempt #2 (cache miss)
2358 timing reifyNode:node_modules/bindings Completed in 207222ms
2359 http fetch GET 200 https://registry.npmjs.org/binary-extensions/-/binary-extensions-2.2.0.tgz 205835ms attempt #2 (cache miss)
2360 timing reifyNode:node_modules/binary-extensions Completed in 207226ms
2361 http fetch GET 200 https://registry.npmjs.org/boxen/-/boxen-7.0.0.tgz 206147ms attempt #2 (cache miss)
2362 timing reifyNode:node_modules/boxen Completed in 207535ms
2363 http fetch GET 200 https://registry.npmjs.org/babel-preset-jest/-/babel-preset-jest-29.6.3.tgz 206140ms attempt #2 (cache miss)
2364 timing reifyNode:node_modules/babel-preset-jest Completed in 207534ms
2365 http fetch GET 200 https://registry.npmjs.org/brace-expansion/-/brace-expansion-1.1.11.tgz 206151ms attempt #2 (cache miss)
2366 timing reifyNode:node_modules/brace-expansion Completed in 207538ms
2367 http fetch GET 200 https://registry.npmjs.org/bser/-/bser-2.1.1.tgz 206252ms attempt #2 (cache miss)
2368 timing reifyNode:node_modules/bser Completed in 207638ms
2369 http fetch GET 200 https://registry.npmjs.org/braces/-/braces-3.0.2.tgz 206253ms attempt #2 (cache miss)
2370 timing reifyNode:node_modules/braces Completed in 207640ms
2371 http fetch GET 200 https://registry.npmjs.org/buffer-from/-/buffer-from-1.1.2.tgz 206293ms attempt #2 (cache miss)
2372 timing reifyNode:node_modules/buffer-from Completed in 207676ms
2373 http fetch GET 200 https://registry.npmjs.org/builtins/-/builtins-5.1.0.tgz 206297ms attempt #2 (cache miss)
2374 timing reifyNode:node_modules/builtins Completed in 207679ms
2375 http fetch GET 200 https://registry.npmjs.org/bl/-/bl-4.1.0.tgz 206349ms attempt #2 (cache miss)
2376 timing reifyNode:node_modules/bl Completed in 207739ms
2377 http fetch GET 200 https://registry.npmjs.org/browserslist/-/browserslist-4.23.0.tgz 206470ms attempt #2 (cache miss)
2378 timing reifyNode:node_modules/browserslist Completed in 207857ms
2379 http fetch GET 200 https://registry.npmjs.org/cacache/-/cacache-17.1.4.tgz 206647ms attempt #2 (cache miss)
2380 timing reifyNode:node_modules/cacache Completed in 208034ms
2381 http fetch GET 200 https://registry.npmjs.org/callsites/-/callsites-3.1.0.tgz 206691ms attempt #2 (cache miss)
2382 timing reifyNode:node_modules/callsites Completed in 208075ms
2383 http fetch GET 200 https://registry.npmjs.org/camelcase/-/camelcase-5.3.1.tgz 206731ms attempt #2 (cache miss)
2384 timing reifyNode:node_modules/camelcase Completed in 208107ms
2385 http fetch GET 200 https://registry.npmjs.org/cacheable-lookup/-/cacheable-lookup-6.1.0.tgz 206747ms attempt #2 (cache miss)
2386 timing reifyNode:node_modules/cacheable-lookup Completed in 208133ms
2387 http fetch GET 200 https://registry.npmjs.org/call-bind/-/call-bind-1.0.7.tgz 206753ms attempt #2 (cache miss)
2388 timing reifyNode:node_modules/call-bind Completed in 208140ms
2389 http fetch GET 200 https://registry.npmjs.org/buffer/-/buffer-5.7.1.tgz 206826ms attempt #2 (cache miss)
2390 timing reifyNode:node_modules/buffer Completed in 208210ms
2391 http fetch GET 200 https://registry.npmjs.org/char-regex/-/char-regex-1.0.2.tgz 206881ms attempt #2 (cache miss)
2392 timing reifyNode:node_modules/char-regex Completed in 208255ms
2393 http fetch GET 200 https://registry.npmjs.org/character-parser/-/character-parser-2.2.0.tgz 206969ms attempt #2 (cache miss)
2394 timing reifyNode:node_modules/character-parser Completed in 208342ms
2395 http fetch GET 200 https://registry.npmjs.org/chownr/-/chownr-2.0.0.tgz 206995ms attempt #2 (cache miss)
2396 timing reifyNode:node_modules/chownr Completed in 208367ms
2397 http fetch GET 200 https://registry.npmjs.org/chrome-trace-event/-/chrome-trace-event-1.0.3.tgz 207132ms attempt #2 (cache miss)
2398 timing reifyNode:node_modules/chrome-trace-event Completed in 208504ms
2399 http fetch GET 200 https://registry.npmjs.org/ci-info/-/ci-info-3.3.2.tgz 207163ms attempt #2 (cache miss)
2400 timing reifyNode:node_modules/ci-info Completed in 208534ms
2401 http fetch GET 200 https://registry.npmjs.org/chokidar/-/chokidar-3.5.3.tgz 207180ms attempt #2 (cache miss)
2402 timing reifyNode:node_modules/chokidar Completed in 208553ms
2403 http fetch GET 200 https://registry.npmjs.org/clean-stack/-/clean-stack-2.2.0.tgz 207257ms attempt #2 (cache miss)
2404 timing reifyNode:node_modules/clean-stack Completed in 208625ms
2405 http fetch GET 200 https://registry.npmjs.org/cli-boxes/-/cli-boxes-3.0.0.tgz 207260ms attempt #2 (cache miss)
2406 timing reifyNode:node_modules/cli-boxes Completed in 208627ms
2407 http fetch GET 200 https://registry.npmjs.org/chalk/-/chalk-4.1.2.tgz 207254ms attempt #2 (cache miss)
2408 timing reifyNode:node_modules/chalk Completed in 208628ms
2409 http fetch GET 200 https://registry.npmjs.org/cli-color/-/cli-color-2.0.4.tgz 207269ms attempt #2 (cache miss)
2410 timing reifyNode:node_modules/cli-color Completed in 208641ms
2411 http fetch GET 200 https://registry.npmjs.org/cacheable-request/-/cacheable-request-7.0.2.tgz 207294ms attempt #2 (cache miss)
2412 timing reifyNode:node_modules/cacheable-request Completed in 208679ms
2413 http fetch GET 200 https://registry.npmjs.org/clone-deep/-/clone-deep-4.0.1.tgz 207398ms attempt #2 (cache miss)
2414 timing reifyNode:node_modules/clone-deep Completed in 208763ms
2415 http fetch GET 200 https://registry.npmjs.org/cliui/-/cliui-8.0.1.tgz 207399ms attempt #2 (cache miss)
2416 timing reifyNode:node_modules/cliui Completed in 208771ms
2417 http fetch GET 200 https://registry.npmjs.org/clone-response/-/clone-response-1.0.3.tgz 207414ms attempt #2 (cache miss)
2418 timing reifyNode:node_modules/clone-response Completed in 208779ms
2419 http fetch GET 200 https://registry.npmjs.org/collect-v8-coverage/-/collect-v8-coverage-1.0.2.tgz 207451ms attempt #2 (cache miss)
2420 timing reifyNode:node_modules/collect-v8-coverage Completed in 208813ms
2421 http fetch GET 200 https://registry.npmjs.org/co/-/co-4.6.0.tgz 207492ms attempt #2 (cache miss)
2422 timing reifyNode:node_modules/co Completed in 208855ms
2423 http fetch GET 200 https://registry.npmjs.org/cli-table3/-/cli-table3-0.6.4.tgz 207490ms attempt #2 (cache miss)
2424 timing reifyNode:node_modules/cli-table3 Completed in 208856ms
2425 http fetch GET 200 https://registry.npmjs.org/close-with-grace/-/close-with-grace-1.1.0.tgz 207532ms attempt #2 (cache miss)
2426 timing reifyNode:node_modules/close-with-grace Completed in 208902ms
2427 http fetch GET 200 https://registry.npmjs.org/color-name/-/color-name-1.1.4.tgz 207561ms attempt #2 (cache miss)
2428 timing reifyNode:node_modules/color-name Completed in 208921ms
2429 http fetch GET 200 https://registry.npmjs.org/color-support/-/color-support-1.1.3.tgz 207587ms attempt #2 (cache miss)
2430 timing reifyNode:node_modules/color-support Completed in 208948ms
2431 http fetch GET 200 https://registry.npmjs.org/commander/-/commander-10.0.1.tgz 207754ms attempt #2 (cache miss)
2432 timing reifyNode:node_modules/commander Completed in 209113ms
2433 http fetch GET 200 https://registry.npmjs.org/colorette/-/colorette-2.0.19.tgz 207781ms attempt #2 (cache miss)
2434 timing reifyNode:node_modules/colorette Completed in 209141ms
2435 http fetch GET 200 https://registry.npmjs.org/concat-map/-/concat-map-0.0.1.tgz 207795ms attempt #2 (cache miss)
2436 timing reifyNode:node_modules/concat-map Completed in 209152ms
2437 http fetch GET 200 https://registry.npmjs.org/config-chain/-/config-chain-1.1.13.tgz 207917ms attempt #2 (cache miss)
2438 timing reifyNode:node_modules/config-chain Completed in 209273ms
2439 http fetch GET 200 https://registry.npmjs.org/configstore/-/configstore-6.0.0.tgz 207921ms attempt #2 (cache miss)
2440 timing reifyNode:node_modules/configstore Completed in 209277ms
2441 http fetch GET 200 https://registry.npmjs.org/commist/-/commist-3.0.0.tgz 207936ms attempt #2 (cache miss)
2442 timing reifyNode:node_modules/commist Completed in 209295ms
2443 http fetch GET 200 https://registry.npmjs.org/confusing-browser-globals/-/confusing-browser-globals-1.0.11.tgz 207999ms attempt #2 (cache miss)
2444 timing reifyNode:node_modules/confusing-browser-globals Completed in 209353ms
2445 http fetch GET 200 https://registry.npmjs.org/color-convert/-/color-convert-2.0.1.tgz 208097ms attempt #2 (cache miss)
2446 timing reifyNode:node_modules/color-convert Completed in 209458ms
2447 http fetch GET 200 https://registry.npmjs.org/console-control-strings/-/console-control-strings-1.1.0.tgz 208109ms attempt #2 (cache miss)
2448 timing reifyNode:node_modules/console-control-strings Completed in 209461ms
2449 http fetch GET 200 https://registry.npmjs.org/constantinople/-/constantinople-4.0.1.tgz 208182ms attempt #2 (cache miss)
2450 timing reifyNode:node_modules/constantinople Completed in 209532ms
2451 http fetch GET 200 https://registry.npmjs.org/content-disposition/-/content-disposition-0.5.4.tgz 208232ms attempt #2 (cache miss)
2452 timing reifyNode:node_modules/content-disposition Completed in 209579ms
2453 http fetch GET 200 https://registry.npmjs.org/convert-source-map/-/convert-source-map-2.0.0.tgz 208347ms attempt #2 (cache miss)
2454 timing reifyNode:node_modules/convert-source-map Completed in 209692ms
2455 http fetch GET 200 https://registry.npmjs.org/cookie-signature/-/cookie-signature-1.2.1.tgz 208397ms attempt #2 (cache miss)
2456 timing reifyNode:node_modules/cookie-signature Completed in 209740ms
2457 http fetch GET 200 https://registry.npmjs.org/cookie/-/cookie-0.6.0.tgz 208400ms attempt #2 (cache miss)
2458 timing reifyNode:node_modules/cookie Completed in 209744ms
2459 http fetch GET 200 https://registry.npmjs.org/cjs-module-lexer/-/cjs-module-lexer-1.2.3.tgz 208417ms attempt #2 (cache miss)
2460 timing reifyNode:node_modules/cjs-module-lexer Completed in 209785ms
2461 http fetch GET 200 https://registry.npmjs.org/create-jest/-/create-jest-29.7.0.tgz 208514ms attempt #2 (cache miss)
2462 timing reifyNode:node_modules/create-jest Completed in 209862ms
2463 http fetch GET 200 https://registry.npmjs.org/crypto-random-string/-/crypto-random-string-4.0.0.tgz 208525ms attempt #2 (cache miss)
2464 timing reifyNode:node_modules/crypto-random-string Completed in 209867ms
2465 http fetch GET 200 https://registry.npmjs.org/data-view-byte-length/-/data-view-byte-length-1.0.1.tgz 208992ms attempt #2 (cache miss)
2466 timing reifyNode:node_modules/data-view-byte-length Completed in 210332ms
2467 http fetch GET 200 https://registry.npmjs.org/data-view-byte-offset/-/data-view-byte-offset-1.0.0.tgz 209040ms attempt #2 (cache miss)
2468 timing reifyNode:node_modules/data-view-byte-offset Completed in 210379ms
2469 http fetch GET 200 https://registry.npmjs.org/dateformat/-/dateformat-4.6.3.tgz 209331ms attempt #2 (cache miss)
2470 timing reifyNode:node_modules/dateformat Completed in 210667ms
2471 http fetch GET 200 https://registry.npmjs.org/concurrently/-/concurrently-8.2.2.tgz 209366ms attempt #2 (cache miss)
2472 timing reifyNode:node_modules/concurrently Completed in 210722ms
2473 http fetch GET 200 https://registry.npmjs.org/cross-spawn/-/cross-spawn-7.0.3.tgz 209479ms attempt #2 (cache miss)
2474 timing reifyNode:node_modules/cross-spawn Completed in 210822ms
2475 http fetch GET 200 https://registry.npmjs.org/css-loader/-/css-loader-7.1.1.tgz 209485ms attempt #2 (cache miss)
2476 timing reifyNode:node_modules/css-loader Completed in 210826ms
2477 http fetch GET 200 https://registry.npmjs.org/db-errors/-/db-errors-0.2.3.tgz 209576ms attempt #2 (cache miss)
2478 timing reifyNode:node_modules/db-errors Completed in 210936ms
2479 http fetch GET 200 https://registry.npmjs.org/d/-/d-1.0.2.tgz 209660ms attempt #2 (cache miss)
2480 timing reifyNode:node_modules/d Completed in 210999ms
2481 http fetch GET 200 https://registry.npmjs.org/decompress-response/-/decompress-response-6.0.0.tgz 209760ms attempt #2 (cache miss)
2482 timing reifyNode:node_modules/decompress-response Completed in 211093ms
2483 http fetch GET 200 https://registry.npmjs.org/deep-extend/-/deep-extend-0.6.0.tgz 209886ms attempt #2 (cache miss)
2484 timing reifyNode:node_modules/deep-extend Completed in 211217ms
2485 http fetch GET 200 https://registry.npmjs.org/data-view-buffer/-/data-view-buffer-1.0.1.tgz 209894ms attempt #2 (cache miss)
2486 timing reifyNode:node_modules/data-view-buffer Completed in 211233ms
2487 http fetch GET 200 https://registry.npmjs.org/cssesc/-/cssesc-3.0.0.tgz 209905ms attempt #2 (cache miss)
2488 timing reifyNode:node_modules/cssesc Completed in 211245ms
2489 http fetch GET 200 https://registry.npmjs.org/debug/-/debug-4.3.4.tgz 209930ms attempt #2 (cache miss)
2490 timing reifyNode:node_modules/debug Completed in 211264ms
2491 http fetch GET 200 https://registry.npmjs.org/deep-is/-/deep-is-0.1.4.tgz 209935ms attempt #2 (cache miss)
2492 timing reifyNode:node_modules/deep-is Completed in 211267ms
2493 http fetch GET 200 https://registry.npmjs.org/defer-to-connect/-/defer-to-connect-2.0.1.tgz 209998ms attempt #2 (cache miss)
2494 timing reifyNode:node_modules/defer-to-connect Completed in 211328ms
2495 http fetch GET 200 https://registry.npmjs.org/dedent/-/dedent-1.5.3.tgz 210018ms attempt #2 (cache miss)
2496 timing reifyNode:node_modules/dedent Completed in 211351ms
2497 http fetch GET 200 https://registry.npmjs.org/deepmerge/-/deepmerge-4.3.1.tgz 210055ms attempt #2 (cache miss)
2498 timing reifyNode:node_modules/deepmerge Completed in 211387ms
2499 http fetch GET 200 https://registry.npmjs.org/delegates/-/delegates-1.0.0.tgz 210111ms attempt #2 (cache miss)
2500 timing reifyNode:node_modules/delegates Completed in 211439ms
2501 http fetch GET 200 https://registry.npmjs.org/define-properties/-/define-properties-1.2.1.tgz 210151ms attempt #2 (cache miss)
2502 timing reifyNode:node_modules/define-properties Completed in 211480ms
2503 http fetch GET 200 https://registry.npmjs.org/detect-newline/-/detect-newline-3.1.0.tgz 210165ms attempt #2 (cache miss)
2504 timing reifyNode:node_modules/detect-newline Completed in 211485ms
2505 http fetch GET 200 https://registry.npmjs.org/define-data-property/-/define-data-property-1.1.4.tgz 210156ms attempt #2 (cache miss)
2506 timing reifyNode:node_modules/define-data-property Completed in 211487ms
2507 http fetch GET 200 https://registry.npmjs.org/dir-glob/-/dir-glob-3.0.1.tgz 210354ms attempt #2 (cache miss)
2508 timing reifyNode:node_modules/dir-glob Completed in 211672ms
2509 http fetch GET 200 https://registry.npmjs.org/detect-libc/-/detect-libc-2.0.3.tgz 210380ms attempt #2 (cache miss)
2510 timing reifyNode:node_modules/detect-libc Completed in 211706ms
2511 http fetch GET 200 https://registry.npmjs.org/doctypes/-/doctypes-1.1.0.tgz 210392ms attempt #2 (cache miss)
2512 timing reifyNode:node_modules/doctypes Completed in 211708ms
2513 http fetch GET 200 https://registry.npmjs.org/depd/-/depd-2.0.0.tgz 210421ms attempt #2 (cache miss)
2514 timing reifyNode:node_modules/depd Completed in 211747ms
2515 http fetch GET 200 https://registry.npmjs.org/dot-prop/-/dot-prop-6.0.1.tgz 210596ms attempt #2 (cache miss)
2516 timing reifyNode:node_modules/dot-prop Completed in 211913ms
2517 http fetch GET 200 https://registry.npmjs.org/dotenv/-/dotenv-16.4.5.tgz 210821ms attempt #2 (cache miss)
2518 timing reifyNode:node_modules/dotenv Completed in 212137ms
2519 http fetch GET 200 https://registry.npmjs.org/eastasianwidth/-/eastasianwidth-0.2.0.tgz 210829ms attempt #2 (cache miss)
2520 timing reifyNode:node_modules/eastasianwidth Completed in 212143ms
2521 http fetch GET 200 https://registry.npmjs.org/dottie/-/dottie-2.0.6.tgz 210866ms attempt #2 (cache miss)
2522 timing reifyNode:node_modules/dottie Completed in 212182ms
2523 http fetch GET 200 https://registry.npmjs.org/diff-sequences/-/diff-sequences-29.6.3.tgz 210980ms attempt #2 (cache miss)
2524 timing reifyNode:node_modules/diff-sequences Completed in 212300ms
2525 http fetch GET 200 https://registry.npmjs.org/bluebird/-/bluebird-3.7.2.tgz 210989ms attempt #2 (cache miss)
2526 timing reifyNode:node_modules/bluebird Completed in 212378ms
2527 http fetch GET 200 https://registry.npmjs.org/emittery/-/emittery-0.13.1.tgz 211154ms attempt #2 (cache miss)
2528 timing reifyNode:node_modules/emittery Completed in 212466ms
2529 http fetch GET 200 https://registry.npmjs.org/doctrine/-/doctrine-3.0.0.tgz 211155ms attempt #2 (cache miss)
2530 timing reifyNode:node_modules/doctrine Completed in 212472ms
2531 http fetch GET 200 https://registry.npmjs.org/emoji-regex/-/emoji-regex-8.0.0.tgz 211167ms attempt #2 (cache miss)
2532 timing reifyNode:node_modules/emoji-regex Completed in 212478ms
2533 http fetch GET 200 https://registry.npmjs.org/encoding/-/encoding-0.1.13.tgz 211257ms attempt #2 (cache miss)
2534 timing reifyNode:node_modules/encoding Completed in 212567ms
2535 http fetch GET 200 https://registry.npmjs.org/end-of-stream/-/end-of-stream-1.4.4.tgz 211283ms attempt #2 (cache miss)
2536 timing reifyNode:node_modules/end-of-stream Completed in 212592ms
2537 http fetch GET 200 https://registry.npmjs.org/expand-template/-/expand-template-2.0.3.tgz 211723ms attempt #2 (cache miss)
2538 timing reifyNode:node_modules/expand-template Completed in 212996ms
2539 http fetch GET 200 https://registry.npmjs.org/esrecurse/-/esrecurse-4.3.0.tgz 211769ms attempt #3 (cache miss)
2540 timing reifyNode:node_modules/esrecurse Completed in 213049ms
2541 http fetch GET 200 https://registry.npmjs.org/@babel/plugin-syntax-numeric-separator/-/plugin-syntax-numeric-separator-7.10.4.tgz 211400ms attempt #3 (cache miss)
2542 timing reifyNode:node_modules/@babel/plugin-syntax-numeric-separator Completed in 212982ms
2543 http fetch GET 200 https://registry.npmjs.org/electron-to-chromium/-/electron-to-chromium-1.4.746.tgz 211737ms attempt #2 (cache miss)
2544 timing reifyNode:node_modules/electron-to-chromium Completed in 213050ms
2545 http fetch GET 200 https://registry.npmjs.org/prelude-ls/-/prelude-ls-1.2.1.tgz 212782ms attempt #2 (cache miss)
2546 timing reifyNode:node_modules/prelude-ls Completed in 213683ms
2547 http fetch GET 200 https://registry.npmjs.org/event-emitter/-/event-emitter-0.3.5.tgz 212577ms attempt #3 (cache miss)
2548 timing reifyNode:node_modules/event-emitter Completed in 213874ms
2549 http fetch GET 200 https://registry.npmjs.org/node-addon-api/-/node-addon-api-4.3.0.tgz 215148ms attempt #3 (cache miss)
2550 timing reifyNode:node_modules/node-addon-api Completed in 216130ms
2551 http fetch GET 200 https://registry.npmjs.org/string-width/-/string-width-5.1.2.tgz 214260ms attempt #3 (cache miss)
2552 timing reifyNode:node_modules/boxen/node_modules/string-width Completed in 216146ms
2553 http fetch GET 200 https://registry.npmjs.org/enhanced-resolve/-/enhanced-resolve-5.16.0.tgz 215054ms attempt #2 (cache miss)
2554 timing reifyNode:node_modules/enhanced-resolve Completed in 216363ms
2555 http fetch GET 200 https://registry.npmjs.org/split2/-/split2-4.2.0.tgz 214684ms attempt #3 (cache miss)
2556 timing reifyNode:node_modules/pgpass/node_modules/split2 Completed in 216534ms
2557 http fetch GET 200 https://registry.npmjs.org/entities/-/entities-3.0.1.tgz 215308ms attempt #2 (cache miss)
2558 timing reifyNode:node_modules/entities Completed in 216617ms
2559 http fetch GET 200 https://registry.npmjs.org/escape-string-regexp/-/escape-string-regexp-4.0.0.tgz 215335ms attempt #3 (cache miss)
2560 timing reifyNode:node_modules/eslint/node_modules/escape-string-regexp Completed in 217215ms
2561 http fetch GET 200 https://registry.npmjs.org/xtend/-/xtend-4.0.2.tgz 217087ms attempt #3 (cache miss)
2562 timing reifyNode:node_modules/xtend Completed in 217779ms
2563 http fetch GET 200 https://registry.npmjs.org/@babel/plugin-syntax-object-rest-spread/-/plugin-syntax-object-rest-spread-7.8.3.tgz 216014ms attempt #3 (cache miss)
2564 timing reifyNode:node_modules/@babel/plugin-syntax-object-rest-spread Completed in 217594ms
2565 http fetch GET 200 https://registry.npmjs.org/minimatch/-/minimatch-9.0.1.tgz 216233ms attempt #3 (cache miss)
2566 timing reifyNode:node_modules/editorconfig/node_modules/minimatch Completed in 218110ms
2567 http fetch GET 200 https://registry.npmjs.org/jest-haste-map/-/jest-haste-map-29.7.0.tgz 217107ms attempt #3 (cache miss)
2568 timing reifyNode:node_modules/jest-haste-map Completed in 218233ms
2569 http fetch GET 200 https://registry.npmjs.org/espree/-/espree-9.6.1.tgz 216329ms attempt #3 (cache miss)
2570 timing reifyNode:node_modules/eslint/node_modules/espree Completed in 218209ms
2571 http fetch GET 200 https://registry.npmjs.org/caniuse-lite/-/caniuse-lite-1.0.30001612.tgz 217061ms attempt #2 (cache miss)
2572 timing reifyNode:node_modules/caniuse-lite Completed in 218435ms
2573 http fetch GET 200 https://registry.npmjs.org/mustache/-/mustache-4.2.0.tgz 217940ms attempt #3 (cache miss)
2574 timing reifyNode:node_modules/mustache Completed in 218929ms
2575 http fetch GET 200 https://registry.npmjs.org/@eslint-community/eslint-utils/-/eslint-utils-4.4.0.tgz 217344ms attempt #3 (cache miss)
2576 timing reifyNode:node_modules/@eslint-community/eslint-utils Completed in 218906ms
2577 http fetch GET 200 https://registry.npmjs.org/date-fns/-/date-fns-2.30.0.tgz 225580ms attempt #2 (cache miss)
2578 timing reifyNode:node_modules/date-fns Completed in 226916ms
2579 http fetch GET 200 https://registry.npmjs.org/eslint/-/eslint-8.57.0.tgz 226666ms attempt #2 (cache miss)
2580 timing reifyNode:node_modules/eslint Completed in 227954ms
2581 http fetch GET 200 https://registry.npmjs.org/@vscode/sqlite3/-/sqlite3-5.1.2.tgz 231826ms attempt #2 (cache miss)
2582 timing reifyNode:node_modules/@vscode/sqlite3 Completed in 233285ms
2583 http fetch GET 200 https://registry.npmjs.org/bootstrap/-/bootstrap-5.3.3.tgz 233644ms attempt #2 (cache miss)
2584 timing reifyNode:node_modules/bootstrap Completed in 235032ms
2585 http fetch GET 200 https://registry.npmjs.org/better-sqlite3/-/better-sqlite3-8.7.0.tgz 237219ms attempt #2 (cache miss)
2586 timing reifyNode:node_modules/better-sqlite3 Completed in 238610ms
2587 http fetch GET 200 https://registry.npmjs.org/pump/-/pump-3.0.0.tgz 335404ms attempt #2 (cache miss)
2588 timing reifyNode:node_modules/pump Completed in 336286ms
2589 http fetch GET 200 https://registry.npmjs.org/set-cookie-parser/-/set-cookie-parser-2.6.0.tgz 979991ms attempt #2 (cache miss)
2590 timing reifyNode:node_modules/set-cookie-parser Completed in 980811ms
2591 http fetch GET 200 https://registry.npmjs.org/@jest/test-sequencer/-/test-sequencer-29.7.0.tgz 979418ms attempt #2 (cache miss)
2592 timing reifyNode:node_modules/@jest/test-sequencer Completed in 980947ms
2593 http fetch GET 200 https://registry.npmjs.org/jest-snapshot/-/jest-snapshot-29.7.0.tgz 980080ms attempt #2 (cache miss)
2594 timing reifyNode:node_modules/jest-snapshot Completed in 981184ms
2595 http fetch GET 200 https://registry.npmjs.org/is-extglob/-/is-extglob-2.1.1.tgz 980014ms attempt #2 (cache miss)
2596 timing reifyNode:node_modules/is-extglob Completed in 981178ms
2597 http fetch GET 200 https://registry.npmjs.org/help-me/-/help-me-4.2.0.tgz 979978ms attempt #2 (cache miss)
2598 timing reifyNode:node_modules/help-me Completed in 981177ms
2599 http fetch GET 200 https://registry.npmjs.org/human-signals/-/human-signals-2.1.0.tgz 980217ms attempt #2 (cache miss)
2600 timing reifyNode:node_modules/human-signals Completed in 981412ms
2601 http fetch GET 200 https://registry.npmjs.org/@fastify/error/-/error-3.4.1.tgz 980155ms attempt #2 (cache miss)
2602 timing reifyNode:node_modules/@fastify/error Completed in 981713ms
2603 http fetch GET 200 https://registry.npmjs.org/is-negative-zero/-/is-negative-zero-2.0.3.tgz 980854ms attempt #2 (cache miss)
2604 timing reifyNode:node_modules/is-negative-zero Completed in 982008ms
2605 http fetch GET 200 https://registry.npmjs.org/is-obj/-/is-obj-2.0.0.tgz 981029ms attempt #2 (cache miss)
2606 timing reifyNode:node_modules/is-obj Completed in 982179ms
2607 http fetch GET 200 https://registry.npmjs.org/jest-util/-/jest-util-29.7.0.tgz 981245ms attempt #2 (cache miss)
2608 timing reifyNode:node_modules/jest-util Completed in 982349ms
2609 http fetch GET 200 https://registry.npmjs.org/is-promise/-/is-promise-2.2.2.tgz 981217ms attempt #2 (cache miss)
2610 timing reifyNode:node_modules/is-promise Completed in 982365ms
2611 http fetch GET 200 https://registry.npmjs.org/@babel/plugin-syntax-typescript/-/plugin-syntax-typescript-7.24.1.tgz 980758ms attempt #2 (cache miss)
2612 timing reifyNode:node_modules/@babel/plugin-syntax-typescript Completed in 982335ms
2613 http fetch GET 200 https://registry.npmjs.org/html-escaper/-/html-escaper-2.0.2.tgz 981314ms attempt #2 (cache miss)
2614 timing reifyNode:node_modules/html-escaper Completed in 982514ms
2615 http fetch GET 200 https://registry.npmjs.org/has-property-descriptors/-/has-property-descriptors-1.0.2.tgz 981508ms attempt #2 (cache miss)
2616 timing reifyNode:node_modules/has-property-descriptors Completed in 982717ms
2617 http fetch GET 200 https://registry.npmjs.org/@babel/plugin-syntax-logical-assignment-operators/-/plugin-syntax-logical-assignment-operators-7.10.4.tgz 981048ms attempt #2 (cache miss)
2618 timing reifyNode:node_modules/@babel/plugin-syntax-logical-assignment-operators Completed in 982631ms
2619 http fetch GET 200 https://registry.npmjs.org/has-proto/-/has-proto-1.0.3.tgz 981520ms attempt #2 (cache miss)
2620 timing reifyNode:node_modules/has-proto Completed in 982725ms
2621 http fetch GET 200 https://registry.npmjs.org/@babel/plugin-syntax-optional-catch-binding/-/plugin-syntax-optional-catch-binding-7.8.3.tgz 981056ms attempt #2 (cache miss)
2622 timing reifyNode:node_modules/@babel/plugin-syntax-optional-catch-binding Completed in 982637ms
2623 http fetch GET 200 https://registry.npmjs.org/@babel/plugin-syntax-jsx/-/plugin-syntax-jsx-7.24.1.tgz 981053ms attempt #2 (cache miss)
2624 timing reifyNode:node_modules/@babel/plugin-syntax-jsx Completed in 982637ms
2625 http fetch GET 200 https://registry.npmjs.org/@babel/plugin-syntax-async-generators/-/plugin-syntax-async-generators-7.8.4.tgz 981049ms attempt #2 (cache miss)
2626 timing reifyNode:node_modules/@babel/plugin-syntax-async-generators Completed in 982636ms
2627 http fetch GET 200 https://registry.npmjs.org/@babel/plugin-syntax-class-properties/-/plugin-syntax-class-properties-7.12.13.tgz 981051ms attempt #2 (cache miss)
2628 timing reifyNode:node_modules/@babel/plugin-syntax-class-properties Completed in 982638ms
2629 http fetch GET 200 https://registry.npmjs.org/@jridgewell/sourcemap-codec/-/sourcemap-codec-1.4.15.tgz 981138ms attempt #2 (cache miss)
2630 timing reifyNode:node_modules/@jridgewell/sourcemap-codec Completed in 982661ms
2631 http fetch GET 200 https://registry.npmjs.org/has-bigints/-/has-bigints-1.0.2.tgz 981532ms attempt #2 (cache miss)
2632 timing reifyNode:node_modules/has-bigints Completed in 982739ms
2633 http fetch GET 200 https://registry.npmjs.org/pino-abstract-transport/-/pino-abstract-transport-1.2.0.tgz 981874ms attempt #2 (cache miss)
2634 timing reifyNode:node_modules/pino-abstract-transport Completed in 982796ms
2635 http fetch GET 200 https://registry.npmjs.org/has-tostringtag/-/has-tostringtag-1.0.2.tgz 981540ms attempt #2 (cache miss)
2636 timing reifyNode:node_modules/has-tostringtag Completed in 982743ms
2637 http fetch GET 200 https://registry.npmjs.org/has-symbols/-/has-symbols-1.0.3.tgz 981540ms attempt #2 (cache miss)
2638 timing reifyNode:node_modules/has-symbols Completed in 982745ms
2639 http fetch GET 200 https://registry.npmjs.org/istanbul-lib-instrument/-/istanbul-lib-instrument-6.0.2.tgz 981699ms attempt #2 (cache miss)
2640 timing reifyNode:node_modules/istanbul-lib-instrument Completed in 982834ms
2641 http fetch GET 200 https://registry.npmjs.org/global-dirs/-/global-dirs-3.0.0.tgz 981612ms attempt #2 (cache miss)
2642 timing reifyNode:node_modules/global-dirs Completed in 982831ms
2643 http fetch GET 200 https://registry.npmjs.org/is-string/-/is-string-1.0.7.tgz 981744ms attempt #2 (cache miss)
2644 timing reifyNode:node_modules/is-string Completed in 982888ms
2645 http fetch GET 200 https://registry.npmjs.org/is-array-buffer/-/is-array-buffer-3.0.4.tgz 981713ms attempt #2 (cache miss)
2646 timing reifyNode:node_modules/is-array-buffer Completed in 982886ms
2647 http fetch GET 200 https://registry.npmjs.org/@jest/environment/-/environment-29.7.0.tgz 981310ms attempt #2 (cache miss)
2648 timing reifyNode:node_modules/@jest/environment Completed in 982858ms
2649 http fetch GET 200 https://registry.npmjs.org/@isaacs/cliui/-/cliui-8.0.2.tgz 981328ms attempt #2 (cache miss)
2650 timing reifyNode:node_modules/@isaacs/cliui Completed in 982879ms
2651 http fetch GET 200 https://registry.npmjs.org/inflection/-/inflection-1.13.4.tgz 981865ms attempt #2 (cache miss)
2652 timing reifyNode:node_modules/inflection Completed in 983050ms
2653 http fetch GET 200 https://registry.npmjs.org/@jest/core/-/core-29.7.0.tgz 981479ms attempt #2 (cache miss)
2654 timing reifyNode:node_modules/@jest/core Completed in 983028ms
2655 http fetch GET 200 https://registry.npmjs.org/iconv-lite/-/iconv-lite-0.6.3.tgz 982065ms attempt #2 (cache miss)
2656 timing reifyNode:node_modules/iconv-lite Completed in 983259ms
2657 http fetch GET 200 https://registry.npmjs.org/interpret/-/interpret-3.1.1.tgz 981585ms attempt #2 (cache miss)
2658 timing reifyNode:node_modules/webpack-cli/node_modules/interpret Completed in 983413ms
2659 http fetch GET 200 https://registry.npmjs.org/@fastify/merge-json-schemas/-/merge-json-schemas-0.1.1.tgz 981798ms attempt #2 (cache miss)
2660 timing reifyNode:node_modules/@fastify/merge-json-schemas Completed in 983351ms
2661 http fetch GET 200 https://registry.npmjs.org/wrap-ansi/-/wrap-ansi-7.0.0.tgz 981738ms attempt #2 (cache miss)
2662 timing reifyNode:node_modules/sequelize-cli/node_modules/wrap-ansi Completed in 983578ms
2663 http fetch GET 200 https://registry.npmjs.org/lowercase-keys/-/lowercase-keys-2.0.0.tgz 981953ms attempt #2 (cache miss)
2664 timing reifyNode:node_modules/responselike/node_modules/lowercase-keys Completed in 983797ms
2665 http fetch GET 200 https://registry.npmjs.org/is-number-object/-/is-number-object-1.0.7.tgz 982842ms attempt #2 (cache miss)
2666 timing reifyNode:node_modules/is-number-object Completed in 983994ms
2667 http fetch GET 200 https://registry.npmjs.org/is-weakref/-/is-weakref-1.0.2.tgz 983024ms attempt #2 (cache miss)
2668 timing reifyNode:node_modules/is-weakref Completed in 984166ms
2669 http fetch GET 200 https://registry.npmjs.org/@eslint/eslintrc/-/eslintrc-3.0.2.tgz 982508ms attempt #2 (cache miss)
2670 timing reifyNode:node_modules/@eslint/eslintrc Completed in 984069ms
2671 http fetch GET 200 https://registry.npmjs.org/isexe/-/isexe-2.0.0.tgz 983207ms attempt #2 (cache miss)
2672 timing reifyNode:node_modules/isexe Completed in 984346ms
2673 http fetch GET 200 https://registry.npmjs.org/@jest/expect-utils/-/expect-utils-29.7.0.tgz 983858ms attempt #2 (cache miss)
2674 timing reifyNode:node_modules/@jest/expect-utils Completed in 985405ms
2675 http fetch GET 200 https://registry.npmjs.org/is-core-module/-/is-core-module-2.13.1.tgz 984343ms attempt #2 (cache miss)
2676 timing reifyNode:node_modules/is-core-module Completed in 985512ms
2677 http fetch GET 200 https://registry.npmjs.org/jest-regex-util/-/jest-regex-util-29.6.3.tgz 984441ms attempt #2 (cache miss)
2678 timing reifyNode:node_modules/jest-regex-util Completed in 985552ms
2679 http fetch GET 200 https://registry.npmjs.org/isobject/-/isobject-3.0.1.tgz 984412ms attempt #2 (cache miss)
2680 timing reifyNode:node_modules/isobject Completed in 985550ms
2681 http fetch GET 200 https://registry.npmjs.org/is-number/-/is-number-7.0.0.tgz 984416ms attempt #2 (cache miss)
2682 timing reifyNode:node_modules/is-number Completed in 985568ms
2683 http fetch GET 200 https://registry.npmjs.org/is-path-inside/-/is-path-inside-3.0.3.tgz 984539ms attempt #2 (cache miss)
2684 timing reifyNode:node_modules/is-path-inside Completed in 985689ms
2685 http fetch GET 200 https://registry.npmjs.org/is-plain-object/-/is-plain-object-2.0.4.tgz 984570ms attempt #2 (cache miss)
2686 timing reifyNode:node_modules/is-plain-object Completed in 985719ms
2687 http fetch GET 200 https://registry.npmjs.org/inflight/-/inflight-1.0.6.tgz 984573ms attempt #2 (cache miss)
2688 timing reifyNode:node_modules/inflight Completed in 985751ms
2689 http fetch GET 200 https://registry.npmjs.org/graceful-fs/-/graceful-fs-4.2.10.tgz 984669ms attempt #2 (cache miss)
2690 timing reifyNode:node_modules/graceful-fs Completed in 985877ms
2691 http fetch GET 200 https://registry.npmjs.org/jest/-/jest-29.7.0.tgz 984874ms attempt #2 (cache miss)
2692 timing reifyNode:node_modules/jest Completed in 986007ms
2693 http fetch GET 200 https://registry.npmjs.org/inherits/-/inherits-2.0.4.tgz 985594ms attempt #2 (cache miss)
2694 timing reifyNode:node_modules/inherits Completed in 986773ms
2695 http fetch GET 200 https://registry.npmjs.org/glob/-/glob-7.2.3.tgz 985128ms attempt #2 (cache miss)
2696 timing reifyNode:node_modules/rimraf/node_modules/glob Completed in 986972ms
2697 http fetch GET 200 https://registry.npmjs.org/@babel/helper-string-parser/-/helper-string-parser-7.24.1.tgz 985236ms attempt #2 (cache miss)
2698 timing reifyNode:node_modules/@babel/helper-string-parser Completed in 986828ms
2699 http fetch GET 200 https://registry.npmjs.org/@babel/helper-plugin-utils/-/helper-plugin-utils-7.24.0.tgz 985269ms attempt #2 (cache miss)
2700 timing reifyNode:node_modules/@babel/helper-plugin-utils Completed in 986864ms
2701 http fetch GET 200 https://registry.npmjs.org/jest-cli/-/jest-cli-29.7.0.tgz 985914ms attempt #2 (cache miss)
2702 timing reifyNode:node_modules/jest-cli Completed in 987045ms
2703 http fetch GET 200 https://registry.npmjs.org/@fastify/sensible/-/sensible-5.5.0.tgz 985424ms attempt #2 (cache miss)
2704 timing reifyNode:node_modules/@fastify/sensible Completed in 986975ms
2705 http fetch GET 200 https://registry.npmjs.org/getopts/-/getopts-2.3.0.tgz 985840ms attempt #2 (cache miss)
2706 timing reifyNode:node_modules/getopts Completed in 987062ms
2707 http fetch GET 200 https://registry.npmjs.org/node-gyp/-/node-gyp-9.4.1.tgz 986314ms attempt #2 (cache miss)
2708 timing reifyNode:node_modules/node-gyp Completed in 987298ms
2709 http fetch GET 200 https://registry.npmjs.org/globby/-/globby-11.1.0.tgz 986141ms attempt #2 (cache miss)
2710 timing reifyNode:node_modules/globby Completed in 987358ms
2711 http fetch GET 200 https://registry.npmjs.org/icss-utils/-/icss-utils-5.1.0.tgz 986325ms attempt #2 (cache miss)
2712 timing reifyNode:node_modules/icss-utils Completed in 987517ms
2713 http fetch GET 200 https://registry.npmjs.org/@babel/highlight/-/highlight-7.24.2.tgz 986108ms attempt #2 (cache miss)
2714 timing reifyNode:node_modules/@babel/highlight Completed in 987698ms
2715 http fetch GET 200 https://registry.npmjs.org/@jest/console/-/console-29.7.0.tgz 986184ms attempt #2 (cache miss)
2716 timing reifyNode:node_modules/@jest/console Completed in 987734ms
2717 http fetch GET 200 https://registry.npmjs.org/json-schema-traverse/-/json-schema-traverse-1.0.0.tgz 986047ms attempt #2 (cache miss)
2718 timing reifyNode:node_modules/schema-utils/node_modules/json-schema-traverse Completed in 987889ms
2719 http fetch GET 200 https://registry.npmjs.org/interpret/-/interpret-2.2.0.tgz 986973ms attempt #2 (cache miss)
2720 timing reifyNode:node_modules/interpret Completed in 988148ms
2721 http fetch GET 200 https://registry.npmjs.org/ini/-/ini-1.3.8.tgz 986424ms attempt #2 (cache miss)
2722 timing reifyNode:node_modules/rc/node_modules/ini Completed in 988277ms
2723 http fetch GET 200 https://registry.npmjs.org/@babel/core/-/core-7.24.4.tgz 986569ms attempt #2 (cache miss)
2724 timing reifyNode:node_modules/@babel/core Completed in 988180ms
2725 http fetch GET 200 https://registry.npmjs.org/internal-slot/-/internal-slot-1.0.7.tgz 987133ms attempt #2 (cache miss)
2726 timing reifyNode:node_modules/internal-slot Completed in 988309ms
2727 http fetch GET 200 https://registry.npmjs.org/kleur/-/kleur-4.1.5.tgz 986686ms attempt #2 (cache miss)
2728 timing reifyNode:node_modules/prompts-ncu/node_modules/kleur Completed in 988529ms
2729 http fetch GET 200 https://registry.npmjs.org/node-abi/-/node-abi-3.60.0.tgz 987549ms attempt #2 (cache miss)
2730 timing reifyNode:node_modules/node-abi Completed in 988532ms
2731 http fetch GET 200 https://registry.npmjs.org/jest-environment-node/-/jest-environment-node-29.7.0.tgz 987395ms attempt #2 (cache miss)
2732 timing reifyNode:node_modules/jest-environment-node Completed in 988522ms
2733 http fetch GET 200 https://registry.npmjs.org/neo-async/-/neo-async-2.6.2.tgz 987561ms attempt #2 (cache miss)
2734 timing reifyNode:node_modules/neo-async Completed in 988545ms
2735 http fetch GET 200 https://registry.npmjs.org/strip-json-comments/-/strip-json-comments-2.0.1.tgz 986776ms attempt #2 (cache miss)
2736 timing reifyNode:node_modules/rc/node_modules/strip-json-comments Completed in 988626ms
2737 http fetch GET 200 https://registry.npmjs.org/@ampproject/remapping/-/remapping-2.3.0.tgz 986891ms attempt #2 (cache miss)
2738 timing reifyNode:node_modules/@ampproject/remapping Completed in 988504ms
2739 http fetch GET 200 https://registry.npmjs.org/@fastify/fast-json-stringify-compiler/-/fast-json-stringify-compiler-4.3.0.tgz 987006ms attempt #2 (cache miss)
2740 timing reifyNode:node_modules/@fastify/fast-json-stringify-compiler Completed in 988562ms
2741 http fetch GET 200 https://registry.npmjs.org/fill-range/-/fill-range-7.0.1.tgz 987528ms attempt #2 (cache miss)
2742 timing reifyNode:node_modules/fill-range Completed in 988772ms
2743 http fetch GET 200 https://registry.npmjs.org/ansi-styles/-/ansi-styles-6.1.0.tgz 987162ms attempt #2 (cache miss)
2744 timing reifyNode:node_modules/wrap-ansi/node_modules/ansi-styles Completed in 988987ms
2745 http fetch GET 200 https://registry.npmjs.org/ansi-regex/-/ansi-regex-6.0.1.tgz 987169ms attempt #2 (cache miss)
2746 timing reifyNode:node_modules/widest-line/node_modules/ansi-regex Completed in 988998ms
2747 http fetch GET 200 https://registry.npmjs.org/@fastify/view/-/view-9.0.0.tgz 987349ms attempt #2 (cache miss)
2748 timing reifyNode:node_modules/@fastify/view Completed in 988905ms
2749 http fetch GET 200 https://registry.npmjs.org/https-proxy-agent/-/https-proxy-agent-5.0.1.tgz 987911ms attempt #2 (cache miss)
2750 timing reifyNode:node_modules/https-proxy-agent Completed in 989107ms
2751 http fetch GET 200 https://registry.npmjs.org/@eslint/js/-/js-9.1.1.tgz 987465ms attempt #2 (cache miss)
2752 timing reifyNode:node_modules/@eslint/js Completed in 989025ms
2753 http fetch GET 200 https://registry.npmjs.org/has-flag/-/has-flag-4.0.0.tgz 987925ms attempt #2 (cache miss)
2754 timing reifyNode:node_modules/has-flag Completed in 989131ms
2755 http fetch GET 200 https://registry.npmjs.org/process/-/process-0.11.10.tgz 988416ms attempt #2 (cache miss)
2756 timing reifyNode:node_modules/process Completed in 989312ms
2757 http fetch GET 200 https://registry.npmjs.org/glob-to-regexp/-/glob-to-regexp-0.4.1.tgz 988116ms attempt #2 (cache miss)
2758 timing reifyNode:node_modules/glob-to-regexp Completed in 989336ms
2759 http fetch GET 200 https://registry.npmjs.org/yargs-parser/-/yargs-parser-20.2.9.tgz 987657ms attempt #2 (cache miss)
2760 timing reifyNode:node_modules/sequelize-cli/node_modules/yargs-parser Completed in 989498ms
2761 http fetch GET 200 https://registry.npmjs.org/progress/-/progress-2.0.3.tgz 988731ms attempt #2 (cache miss)
2762 timing reifyNode:node_modules/progress Completed in 989626ms
2763 http fetch GET 200 https://registry.npmjs.org/postcss-selector-parser/-/postcss-selector-parser-6.0.16.tgz 988723ms attempt #2 (cache miss)
2764 timing reifyNode:node_modules/postcss-selector-parser Completed in 989637ms
2765 http fetch GET 200 https://registry.npmjs.org/get-stream/-/get-stream-6.0.1.tgz 988431ms attempt #2 (cache miss)
2766 timing reifyNode:node_modules/get-stream Completed in 989656ms
2767 http fetch GET 200 https://registry.npmjs.org/@babel/helper-module-transforms/-/helper-module-transforms-7.23.3.tgz 987975ms attempt #2 (cache miss)
2768 timing reifyNode:node_modules/@babel/helper-module-transforms Completed in 989571ms
2769 http fetch GET 200 https://registry.npmjs.org/infer-owner/-/infer-owner-1.0.4.tgz 988585ms attempt #2 (cache miss)
2770 timing reifyNode:node_modules/infer-owner Completed in 989771ms
2771 http fetch GET 200 https://registry.npmjs.org/json-parse-even-better-errors/-/json-parse-even-better-errors-3.0.1.tgz 988030ms attempt #2 (cache miss)
2772 timing reifyNode:node_modules/read-package-json-fast/node_modules/json-parse-even-better-errors Completed in 989879ms
2773 http fetch GET 200 https://registry.npmjs.org/glob/-/glob-10.3.12.tgz 988612ms attempt #2 (cache miss)
2774 timing reifyNode:node_modules/glob Completed in 989833ms
2775 http fetch GET 200 https://registry.npmjs.org/hashlru/-/hashlru-2.3.0.tgz 988637ms attempt #2 (cache miss)
2776 timing reifyNode:node_modules/hashlru Completed in 989838ms
2777 http fetch GET 200 https://registry.npmjs.org/@colors/colors/-/colors-1.5.0.tgz 988264ms attempt #2 (cache miss)
2778 timing reifyNode:node_modules/@colors/colors Completed in 989836ms
2779 http fetch GET 200 https://registry.npmjs.org/strip-bom/-/strip-bom-3.0.0.tgz 988369ms attempt #2 (cache miss)
2780 timing reifyNode:node_modules/tsconfig-paths/node_modules/strip-bom Completed in 990191ms
2781 http fetch GET 200 https://registry.npmjs.org/chownr/-/chownr-1.1.4.tgz 988431ms attempt #2 (cache miss)
2782 timing reifyNode:node_modules/tar-fs/node_modules/chownr Completed in 990267ms
2783 http fetch GET 200 https://registry.npmjs.org/glob/-/glob-7.2.3.tgz 988489ms attempt #2 (cache miss)
2784 timing reifyNode:node_modules/test-exclude/node_modules/glob Completed in 990310ms
2785 http fetch GET 200 https://registry.npmjs.org/yargs/-/yargs-16.2.0.tgz 988523ms attempt #2 (cache miss)
2786 timing reifyNode:node_modules/sequelize-cli/node_modules/yargs Completed in 990365ms
2787 http fetch GET 200 https://registry.npmjs.org/@babel/plugin-syntax-import-meta/-/plugin-syntax-import-meta-7.10.4.tgz 988667ms attempt #2 (cache miss)
2788 timing reifyNode:node_modules/@babel/plugin-syntax-import-meta Completed in 990254ms
2789 http fetch GET 200 https://registry.npmjs.org/@babel/plugin-syntax-top-level-await/-/plugin-syntax-top-level-await-7.14.5.tgz 988735ms attempt #2 (cache miss)
2790 timing reifyNode:node_modules/@babel/plugin-syntax-top-level-await Completed in 990314ms
2791 http fetch GET 200 https://registry.npmjs.org/ipaddr.js/-/ipaddr.js-1.9.1.tgz 989306ms attempt #2 (cache miss)
2792 timing reifyNode:node_modules/ipaddr.js Completed in 990479ms
2793 http fetch GET 200 https://registry.npmjs.org/@babel/helper-validator-option/-/helper-validator-option-7.23.5.tgz 988801ms attempt #2 (cache miss)
2794 timing reifyNode:node_modules/@babel/helper-validator-option Completed in 990392ms
2795 http fetch GET 200 https://registry.npmjs.org/@fastify/accept-negotiator/-/accept-negotiator-1.0.0.tgz 989565ms attempt #2 (cache miss)
2796 timing reifyNode:node_modules/@fastify/accept-negotiator Completed in 991124ms
2797 http fetch GET 200 https://registry.npmjs.org/@eslint-community/regexpp/-/regexpp-4.10.0.tgz 990143ms attempt #2 (cache miss)
2798 timing reifyNode:node_modules/@eslint-community/regexpp Completed in 991704ms
2799 http fetch GET 200 https://registry.npmjs.org/@babel/helpers/-/helpers-7.24.4.tgz 990111ms attempt #2 (cache miss)
2800 timing reifyNode:node_modules/@babel/helpers Completed in 991701ms
2801 http fetch GET 200 https://registry.npmjs.org/ansi-regex/-/ansi-regex-6.0.1.tgz 990129ms attempt #2 (cache miss)
2802 timing reifyNode:node_modules/wrap-ansi/node_modules/ansi-regex Completed in 991955ms
2803 http fetch GET 200 https://registry.npmjs.org/source-map-js/-/source-map-js-1.2.0.tgz 991225ms attempt #2 (cache miss)
2804 timing reifyNode:node_modules/source-map-js Completed in 992016ms
2805 http fetch GET 200 https://registry.npmjs.org/tar-fs/-/tar-fs-2.1.1.tgz 991462ms attempt #2 (cache miss)
2806 timing reifyNode:node_modules/tar-fs Completed in 992237ms
2807 http fetch GET 200 https://registry.npmjs.org/wrap-ansi/-/wrap-ansi-8.1.0.tgz 991704ms attempt #2 (cache miss)
2808 timing reifyNode:node_modules/wrap-ansi Completed in 992399ms
2809 http fetch GET 200 https://registry.npmjs.org/wrappy/-/wrappy-1.0.2.tgz 991787ms attempt #2 (cache miss)
2810 timing reifyNode:node_modules/wrappy Completed in 992481ms
2811 http fetch GET 200 https://registry.npmjs.org/wrap-ansi/-/wrap-ansi-7.0.0.tgz 991789ms attempt #2 (cache miss)
2812 timing reifyNode:node_modules/wrap-ansi-cjs Completed in 992483ms
2813 http fetch GET 200 https://registry.npmjs.org/merge-stream/-/merge-stream-2.0.0.tgz 991503ms attempt #2 (cache miss)
2814 timing reifyNode:node_modules/merge-stream Completed in 992558ms
2815 http fetch GET 200 https://registry.npmjs.org/path-exists/-/path-exists-3.0.0.tgz 990780ms attempt #2 (cache miss)
2816 timing reifyNode:node_modules/pkg-up/node_modules/path-exists Completed in 992621ms
2817 http fetch GET 200 https://registry.npmjs.org/minipass-json-stream/-/minipass-json-stream-1.0.1.tgz 991675ms attempt #2 (cache miss)
2818 timing reifyNode:node_modules/minipass-json-stream Completed in 992691ms
2819 http fetch GET 200 https://registry.npmjs.org/wkx/-/wkx-0.5.0.tgz 992108ms attempt #2 (cache miss)
2820 timing reifyNode:node_modules/wkx Completed in 992802ms
2821 http fetch GET 200 https://registry.npmjs.org/normalize-package-data/-/normalize-package-data-5.0.0.tgz 992080ms attempt #2 (cache miss)
2822 timing reifyNode:node_modules/normalize-package-data Completed in 993061ms
2823 http fetch GET 200 https://registry.npmjs.org/mkdirp-classic/-/mkdirp-classic-0.5.3.tgz 992494ms attempt #2 (cache miss)
2824 timing reifyNode:node_modules/mkdirp-classic Completed in 993487ms
2825 http fetch GET 200 https://registry.npmjs.org/natural-compare/-/natural-compare-1.4.0.tgz 994259ms attempt #2 (cache miss)
2826 timing reifyNode:node_modules/natural-compare Completed in 995247ms
2827 http fetch GET 200 https://registry.npmjs.org/p-locate/-/p-locate-4.1.0.tgz 993473ms attempt #2 (cache miss)
2828 timing reifyNode:node_modules/pkg-dir/node_modules/p-locate Completed in 995317ms
2829 http fetch GET 200 https://registry.npmjs.org/lru-queue/-/lru-queue-0.1.0.tgz 994272ms attempt #2 (cache miss)
2830 timing reifyNode:node_modules/lru-queue Completed in 995336ms
2831 http fetch GET 200 https://registry.npmjs.org/find-up/-/find-up-3.0.0.tgz 993576ms attempt #2 (cache miss)
2832 timing reifyNode:node_modules/pkg-up/node_modules/find-up Completed in 995420ms
2833 http fetch GET 200 https://registry.npmjs.org/locate-path/-/locate-path-3.0.0.tgz 993633ms attempt #2 (cache miss)
2834 timing reifyNode:node_modules/pkg-up/node_modules/locate-path Completed in 995477ms
2835 http fetch GET 200 https://registry.npmjs.org/locate-path/-/locate-path-6.0.0.tgz 998275ms attempt #2 (cache miss)
2836 timing reifyNode:node_modules/locate-path Completed in 999343ms
2837 http fetch GET 200 https://registry.npmjs.org/p-limit/-/p-limit-2.3.0.tgz 997598ms attempt #2 (cache miss)
2838 timing reifyNode:node_modules/pkg-dir/node_modules/p-limit Completed in 999443ms
2839 http fetch GET 200 https://registry.npmjs.org/json-parse-even-better-errors/-/json-parse-even-better-errors-2.3.1.tgz 998473ms attempt #2 (cache miss)
2840 timing reifyNode:node_modules/json-parse-even-better-errors Completed in 999559ms
2841 http fetch GET 200 https://registry.npmjs.org/json-parse-helpfulerror/-/json-parse-helpfulerror-1.0.3.tgz 998545ms attempt #2 (cache miss)
2842 timing reifyNode:node_modules/json-parse-helpfulerror Completed in 999629ms
2843 http fetch GET 200 https://registry.npmjs.org/js-tokens/-/js-tokens-4.0.0.tgz 1002513ms attempt #2 (cache miss)
2844 timing reifyNode:node_modules/js-tokens Completed in 1003601ms
2845 http fetch GET 200 https://registry.npmjs.org/light-my-request/-/light-my-request-5.13.0.tgz 1002633ms attempt #2 (cache miss)
2846 timing reifyNode:node_modules/light-my-request Completed in 1003704ms
2847 http fetch GET 200 https://registry.npmjs.org/help-me/-/help-me-5.0.0.tgz 1001977ms attempt #2 (cache miss)
2848 timing reifyNode:node_modules/pino-pretty/node_modules/help-me Completed in 1003826ms
2849 http fetch GET 200 https://registry.npmjs.org/buffer/-/buffer-6.0.3.tgz 1002246ms attempt #2 (cache miss)
2850 timing reifyNode:node_modules/pino-pretty/node_modules/buffer Completed in 1004095ms
2851 http fetch GET 200 https://registry.npmjs.org/knex/-/knex-3.1.0.tgz 1003314ms attempt #2 (cache miss)
2852 timing reifyNode:node_modules/knex Completed in 1004389ms
2853 http fetch GET 200 https://registry.npmjs.org/update-browserslist-db/-/update-browserslist-db-1.0.13.tgz 1006921ms attempt #2 (cache miss)
2854 timing reifyNode:node_modules/update-browserslist-db Completed in 1007641ms
2855 http fetch GET 200 https://registry.npmjs.org/split2/-/split2-4.2.0.tgz 1005819ms attempt #2 (cache miss)
2856 timing reifyNode:node_modules/pino-abstract-transport/node_modules/split2 Completed in 1007669ms
2857 http fetch GET 200 https://registry.npmjs.org/which/-/which-2.0.2.tgz 1007291ms attempt #2 (cache miss)
2858 timing reifyNode:node_modules/which Completed in 1007989ms
2859 http fetch GET 200 https://registry.npmjs.org/vary/-/vary-1.1.2.tgz 1011465ms attempt #2 (cache miss)
2860 timing reifyNode:node_modules/vary Completed in 1012180ms
2861 http fetch GET 200 https://registry.npmjs.org/lru-cache/-/lru-cache-10.2.0.tgz 1010594ms attempt #2 (cache miss)
2862 timing reifyNode:node_modules/path-scurry/node_modules/lru-cache Completed in 1012446ms
2863 http fetch GET 200 https://registry.npmjs.org/void-elements/-/void-elements-3.1.0.tgz 1014066ms attempt #2 (cache miss)
2864 timing reifyNode:node_modules/void-elements Completed in 1014780ms
2865 http fetch GET 200 https://registry.npmjs.org/pg-connection-string/-/pg-connection-string-2.6.4.tgz 1012894ms attempt #2 (cache miss)
2866 timing reifyNode:node_modules/pg/node_modules/pg-connection-string Completed in 1014745ms
2867 http fetch GET 200 https://registry.npmjs.org/buffer/-/buffer-6.0.3.tgz 1013288ms attempt #2 (cache miss)
2868 timing reifyNode:node_modules/pino-abstract-transport/node_modules/buffer Completed in 1015139ms
2869 http fetch GET 200 https://registry.npmjs.org/json-stable-stringify-without-jsonify/-/json-stable-stringify-without-jsonify-1.0.1.tgz 1014128ms attempt #2 (cache miss)
2870 timing reifyNode:node_modules/json-stable-stringify-without-jsonify Completed in 1015215ms
2871 http fetch GET 200 https://registry.npmjs.org/readable-stream/-/readable-stream-4.5.2.tgz 1013458ms attempt #2 (cache miss)
2872 timing reifyNode:node_modules/pino-abstract-transport/node_modules/readable-stream Completed in 1015309ms
2873 http fetch GET 200 https://registry.npmjs.org/minipass/-/minipass-5.0.0.tgz 1013569ms attempt #2 (cache miss)
2874 timing reifyNode:node_modules/pacote/node_modules/minipass Completed in 1015421ms
2875 http fetch GET 200 https://registry.npmjs.org/webpack/-/webpack-5.91.0.tgz 1014956ms attempt #2 (cache miss)
2876 timing reifyNode:node_modules/webpack Completed in 1015657ms
2877 http fetch GET 200 https://registry.npmjs.org/minipass/-/minipass-7.0.4.tgz 1014322ms attempt #2 (cache miss)
2878 timing reifyNode:node_modules/pacote/node_modules/fs-minipass/node_modules/minipass Completed in 1016175ms
2879 http fetch GET 200 https://registry.npmjs.org/json-schema-traverse/-/json-schema-traverse-0.4.1.tgz 1016064ms attempt #2 (cache miss)
2880 timing reifyNode:node_modules/json-schema-traverse Completed in 1017147ms
2881 http fetch GET 200 https://registry.npmjs.org/json-schema-traverse/-/json-schema-traverse-1.0.0.tgz 1018021ms attempt #2 (cache miss)
2882 timing reifyNode:node_modules/objection/node_modules/json-schema-traverse Completed in 1019873ms
2883 http fetch GET 200 https://registry.npmjs.org/@jridgewell/source-map/-/source-map-0.3.6.tgz 1018445ms attempt #2 (cache miss)
2884 timing reifyNode:node_modules/@jridgewell/source-map Completed in 1019969ms
2885 http fetch GET 200 https://registry.npmjs.org/jsonparse/-/jsonparse-1.3.1.tgz 1022879ms attempt #2 (cache miss)
2886 timing reifyNode:node_modules/jsonparse Completed in 1023958ms
2887 http fetch GET 200 https://registry.npmjs.org/hosted-git-info/-/hosted-git-info-6.1.1.tgz 1022174ms attempt #2 (cache miss)
2888 timing reifyNode:node_modules/npm-package-arg/node_modules/hosted-git-info Completed in 1024036ms
2889 http fetch GET 200 https://registry.npmjs.org/webpack-cli/-/webpack-cli-5.1.4.tgz 1023421ms attempt #2 (cache miss)
2890 timing reifyNode:node_modules/webpack-cli Completed in 1024120ms
2891 http fetch GET 200 https://registry.npmjs.org/json-schema-traverse/-/json-schema-traverse-1.0.0.tgz 1022083ms attempt #2 (cache miss)
2892 timing reifyNode:node_modules/@fastify/ajv-compiler/node_modules/json-schema-traverse Completed in 1024012ms
2893 http fetch GET 200 https://registry.npmjs.org/globals/-/globals-14.0.0.tgz 1022080ms attempt #2 (cache miss)
2894 timing reifyNode:node_modules/@eslint/eslintrc/node_modules/globals Completed in 1024016ms
2895 http fetch GET 200 https://registry.npmjs.org/fastify-plugin/-/fastify-plugin-4.5.1.tgz 1022166ms attempt #2 (cache miss)
2896 timing reifyNode:node_modules/@fastify/formbody/node_modules/fastify-plugin Completed in 1024071ms
2897 http fetch GET 200 https://registry.npmjs.org/fastify-plugin/-/fastify-plugin-4.5.1.tgz 1022245ms attempt #2 (cache miss)
2898 timing reifyNode:node_modules/@fastify/flash/node_modules/fastify-plugin Completed in 1024152ms
2899 http fetch GET 200 https://registry.npmjs.org/color-convert/-/color-convert-1.9.3.tgz 1022276ms attempt #2 (cache miss)
2900 timing reifyNode:node_modules/@babel/highlight/node_modules/color-convert Completed in 1024215ms
2901 http fetch GET 200 https://registry.npmjs.org/color-name/-/color-name-1.1.3.tgz 1022288ms attempt #2 (cache miss)
2902 timing reifyNode:node_modules/@babel/highlight/node_modules/color-name Completed in 1024227ms
2903 http fetch GET 200 https://registry.npmjs.org/ajv/-/ajv-8.12.0.tgz 1023011ms attempt #2 (cache miss)
2904 timing reifyNode:node_modules/@fastify/ajv-compiler/node_modules/ajv Completed in 1024935ms
2905 http fetch GET 200 https://registry.npmjs.org/http-proxy-agent/-/http-proxy-agent-5.0.0.tgz 1025864ms attempt #2 (cache miss)
2906 timing reifyNode:node_modules/http-proxy-agent Completed in 1027982ms
2907 http fetch GET 200 https://registry.npmjs.org/ansi-styles/-/ansi-styles-3.2.1.tgz 1025998ms attempt #2 (cache miss)
2908 timing reifyNode:node_modules/@babel/highlight/node_modules/ansi-styles Completed in 1027941ms
2909 http fetch GET 200 https://registry.npmjs.org/chalk/-/chalk-2.4.2.tgz 1026086ms attempt #2 (cache miss)
2910 timing reifyNode:node_modules/@babel/highlight/node_modules/chalk Completed in 1028027ms
2911 http fetch GET 200 https://registry.npmjs.org/semver/-/semver-6.3.1.tgz 1026457ms attempt #2 (cache miss)
2912 timing reifyNode:node_modules/@babel/helper-compilation-targets/node_modules/semver Completed in 1028398ms
2913 http fetch GET 200 https://registry.npmjs.org/@npmcli/fs/-/fs-3.1.0.tgz 1030514ms attempt #2 (cache miss)
2914 timing reifyNode:node_modules/@npmcli/fs Completed in 1032032ms
2915 http fetch GET 200 https://registry.npmjs.org/kind-of/-/kind-of-6.0.3.tgz 1035139ms attempt #2 (cache miss)
2916 timing reifyNode:node_modules/kind-of Completed in 1036216ms
2917 http fetch GET 200 https://registry.npmjs.org/@types/keyv/-/keyv-3.1.4.tgz 1034693ms attempt #2 (cache miss)
2918 timing reifyNode:node_modules/@types/keyv Completed in 1036170ms
2919 http fetch GET 200 https://registry.npmjs.org/debug/-/debug-3.2.7.tgz 1034419ms attempt #2 (cache miss)
2920 timing reifyNode:node_modules/eslint-plugin-import/node_modules/debug Completed in 1036296ms
2921 http fetch GET 200 https://registry.npmjs.org/keyv/-/keyv-4.5.4.tgz 1035322ms attempt #2 (cache miss)
2922 timing reifyNode:node_modules/keyv Completed in 1036399ms
2923 http fetch GET 200 https://registry.npmjs.org/unique-filename/-/unique-filename-2.0.1.tgz 1034613ms attempt #2 (cache miss)
2924 timing reifyNode:node_modules/node-gyp/node_modules/unique-filename Completed in 1036482ms
2925 http fetch GET 200 https://registry.npmjs.org/brace-expansion/-/brace-expansion-2.0.1.tgz 1034682ms attempt #2 (cache miss)
2926 timing reifyNode:node_modules/npm-check-updates/node_modules/brace-expansion Completed in 1036549ms
2927 http fetch GET 200 https://registry.npmjs.org/unique-slug/-/unique-slug-3.0.0.tgz 1034704ms attempt #2 (cache miss)
2928 timing reifyNode:node_modules/node-gyp/node_modules/unique-slug Completed in 1036572ms
2929 http fetch GET 200 https://registry.npmjs.org/minipass-fetch/-/minipass-fetch-2.1.2.tgz 1038532ms attempt #2 (cache miss)
2930 timing reifyNode:node_modules/node-gyp/node_modules/minipass-fetch Completed in 1040404ms
2931 http fetch GET 200 https://registry.npmjs.org/@bcoe/v8-coverage/-/v8-coverage-0.2.3.tgz 1039026ms attempt #2 (cache miss)
2932 timing reifyNode:node_modules/@bcoe/v8-coverage Completed in 1040599ms
2933 http fetch GET 200 https://registry.npmjs.org/@babel/types/-/types-7.24.0.tgz 1039858ms attempt #2 (cache miss)
2934 timing reifyNode:node_modules/@babel/types Completed in 1041433ms
2935 http fetch GET 200 https://registry.npmjs.org/is-date-object/-/is-date-object-1.0.5.tgz 1045705ms attempt #3 (cache miss)
2936 http fetch GET 200 https://registry.npmjs.org/is-expression/-/is-expression-4.0.0.tgz 1045710ms attempt #3 (cache miss)
2937 timing reifyNode:node_modules/is-expression Completed in 1046875ms
2938 timing reifyNode:node_modules/is-date-object Completed in 1046875ms
2939 http fetch GET 200 https://registry.npmjs.org/minizlib/-/minizlib-2.1.2.tgz 1045894ms attempt #3 (cache miss)
2940 timing reifyNode:node_modules/minizlib Completed in 1046902ms
2941 http fetch GET 200 https://registry.npmjs.org/is-glob/-/is-glob-4.0.3.tgz 1045736ms attempt #3 (cache miss)
2942 timing reifyNode:node_modules/is-glob Completed in 1046897ms
2943 http fetch GET 200 https://registry.npmjs.org/@jest/types/-/types-29.6.3.tgz 1045292ms attempt #3 (cache miss)
2944 timing reifyNode:node_modules/@jest/types Completed in 1046819ms
2945 http fetch GET 200 https://registry.npmjs.org/is-lambda/-/is-lambda-1.0.1.tgz 1045786ms attempt #3 (cache miss)
2946 timing reifyNode:node_modules/is-lambda Completed in 1046939ms
2947 http fetch GET 200 https://registry.npmjs.org/@jridgewell/resolve-uri/-/resolve-uri-3.1.2.tgz 1045337ms attempt #3 (cache miss)
2948 timing reifyNode:node_modules/@jridgewell/resolve-uri Completed in 1046863ms
2949 http fetch GET 200 https://registry.npmjs.org/is-npm/-/is-npm-6.0.0.tgz 1045857ms attempt #3 (cache miss)
2950 timing reifyNode:node_modules/is-npm Completed in 1047009ms
2951 http fetch GET 200 https://registry.npmjs.org/is-typed-array/-/is-typed-array-1.1.13.tgz 1045983ms attempt #3 (cache miss)
2952 timing reifyNode:node_modules/is-typed-array Completed in 1047127ms
2953 http fetch GET 200 https://registry.npmjs.org/is-regex/-/is-regex-1.1.4.tgz 1045980ms attempt #3 (cache miss)
2954 timing reifyNode:node_modules/is-regex Completed in 1047128ms
2955 http fetch GET 200 https://registry.npmjs.org/jest-diff/-/jest-diff-29.7.0.tgz 1046073ms attempt #3 (cache miss)
2956 timing reifyNode:node_modules/jest-diff Completed in 1047202ms
2957 http fetch GET 200 https://registry.npmjs.org/jest-each/-/jest-each-29.7.0.tgz 1046078ms attempt #3 (cache miss)
2958 timing reifyNode:node_modules/jest-each Completed in 1047207ms
2959 http fetch GET 200 https://registry.npmjs.org/jest-docblock/-/jest-docblock-29.7.0.tgz 1046111ms attempt #3 (cache miss)
2960 timing reifyNode:node_modules/jest-docblock Completed in 1047239ms
2961 http fetch GET 200 https://registry.npmjs.org/is-boolean-object/-/is-boolean-object-1.1.2.tgz 1046440ms attempt #3 (cache miss)
2962 timing reifyNode:node_modules/is-boolean-object Completed in 1047610ms
2963 http fetch GET 200 https://registry.npmjs.org/@jest/source-map/-/source-map-29.6.3.tgz 1046070ms attempt #3 (cache miss)
2964 timing reifyNode:node_modules/@jest/source-map Completed in 1047601ms
2965 http fetch GET 200 https://registry.npmjs.org/@jest/expect/-/expect-29.7.0.tgz 1046124ms attempt #3 (cache miss)
2966 timing reifyNode:node_modules/@jest/expect Completed in 1047673ms
2967 http fetch GET 200 https://registry.npmjs.org/is-data-view/-/is-data-view-1.0.1.tgz 1046676ms attempt #3 (cache miss)
2968 timing reifyNode:node_modules/is-data-view Completed in 1047856ms
2969 http fetch GET 200 https://registry.npmjs.org/jest-message-util/-/jest-message-util-29.7.0.tgz 1046766ms attempt #3 (cache miss)
2970 timing reifyNode:node_modules/jest-message-util Completed in 1047881ms
2971 http fetch GET 200 https://registry.npmjs.org/@jest/fake-timers/-/fake-timers-29.7.0.tgz 1046282ms attempt #3 (cache miss)
2972 timing reifyNode:node_modules/@jest/fake-timers Completed in 1047828ms
2973 http fetch GET 200 https://registry.npmjs.org/is-ci/-/is-ci-3.0.1.tgz 1046744ms attempt #3 (cache miss)
2974 timing reifyNode:node_modules/is-ci Completed in 1047912ms
2975 http fetch GET 200 https://registry.npmjs.org/is-yarn-global/-/is-yarn-global-0.4.0.tgz 1046842ms attempt #3 (cache miss)
2976 timing reifyNode:node_modules/is-yarn-global Completed in 1047983ms
2977 http fetch GET 200 https://registry.npmjs.org/is-stream/-/is-stream-2.0.1.tgz 1046942ms attempt #3 (cache miss)
2978 timing reifyNode:node_modules/is-stream Completed in 1048087ms
2979 http fetch GET 200 https://registry.npmjs.org/isbinaryfile/-/isbinaryfile-4.0.10.tgz 1047021ms attempt #3 (cache miss)
2980 timing reifyNode:node_modules/isbinaryfile Completed in 1048162ms
2981 http fetch GET 200 https://registry.npmjs.org/jest-pnp-resolver/-/jest-pnp-resolver-1.2.3.tgz 1047395ms attempt #3 (cache miss)
2982 timing reifyNode:node_modules/jest-pnp-resolver Completed in 1048509ms
2983 http fetch GET 200 https://registry.npmjs.org/@jest/schemas/-/schemas-29.6.3.tgz 1046977ms attempt #3 (cache miss)
2984 timing reifyNode:node_modules/@jest/schemas Completed in 1048509ms
2985 http fetch GET 200 https://registry.npmjs.org/ieee754/-/ieee754-1.2.1.tgz 1047412ms attempt #3 (cache miss)
2986 timing reifyNode:node_modules/ieee754 Completed in 1048603ms
2987 http fetch GET 200 https://registry.npmjs.org/isarray/-/isarray-2.0.5.tgz 1047609ms attempt #3 (cache miss)
2988 timing reifyNode:node_modules/isarray Completed in 1048750ms
2989 http fetch GET 200 https://registry.npmjs.org/jest-get-type/-/jest-get-type-29.6.3.tgz 1047725ms attempt #3 (cache miss)
2990 timing reifyNode:node_modules/jest-get-type Completed in 1048852ms
2991 http fetch GET 200 https://registry.npmjs.org/jest-leak-detector/-/jest-leak-detector-29.7.0.tgz 1047755ms attempt #3 (cache miss)
2992 timing reifyNode:node_modules/jest-leak-detector Completed in 1048879ms
2993 http fetch GET 200 https://registry.npmjs.org/jest-runtime/-/jest-runtime-29.7.0.tgz 1047779ms attempt #3 (cache miss)
2994 timing reifyNode:node_modules/jest-runtime Completed in 1048885ms
2995 http fetch GET 200 https://registry.npmjs.org/jest-changed-files/-/jest-changed-files-29.7.0.tgz 1047773ms attempt #3 (cache miss)
2996 timing reifyNode:node_modules/jest-changed-files Completed in 1048905ms
2997 http fetch GET 200 https://registry.npmjs.org/jest-matcher-utils/-/jest-matcher-utils-29.7.0.tgz 1047821ms attempt #3 (cache miss)
2998 timing reifyNode:node_modules/jest-matcher-utils Completed in 1048938ms
2999 http fetch GET 200 https://registry.npmjs.org/jest-mock/-/jest-mock-29.7.0.tgz 1047828ms attempt #3 (cache miss)
3000 timing reifyNode:node_modules/jest-mock Completed in 1048943ms
3001 http fetch GET 200 https://registry.npmjs.org/istanbul-reports/-/istanbul-reports-3.1.7.tgz 1047821ms attempt #3 (cache miss)
3002 timing reifyNode:node_modules/istanbul-reports Completed in 1048956ms
3003 http fetch GET 200 https://registry.npmjs.org/ignore/-/ignore-5.2.0.tgz 1050670ms attempt #3 (cache miss)
3004 timing reifyNode:node_modules/ignore Completed in 1051861ms
3005 http fetch GET 200 https://registry.npmjs.org/import-fresh/-/import-fresh-3.3.0.tgz 1050676ms attempt #3 (cache miss)
3006 timing reifyNode:node_modules/import-fresh Completed in 1051866ms
3007 http fetch GET 200 https://registry.npmjs.org/@babel/plugin-syntax-bigint/-/plugin-syntax-bigint-7.8.3.tgz 1050228ms attempt #3 (cache miss)
3008 timing reifyNode:node_modules/@babel/plugin-syntax-bigint Completed in 1051816ms
3009 http fetch GET 200 https://registry.npmjs.org/has-yarn/-/has-yarn-3.0.0.tgz 1050914ms attempt #3 (cache miss)
3010 timing reifyNode:node_modules/has-yarn Completed in 1052116ms
3011 http fetch GET 200 https://registry.npmjs.org/got/-/got-12.3.1.tgz 1050952ms attempt #3 (cache miss)
3012 timing reifyNode:node_modules/got Completed in 1052161ms
3013 http fetch GET 200 https://registry.npmjs.org/http-errors/-/http-errors-2.0.0.tgz 1051214ms attempt #3 (cache miss)
3014 timing reifyNode:node_modules/http-errors Completed in 1052412ms
3015 http fetch GET 200 https://registry.npmjs.org/@discoveryjs/json-ext/-/json-ext-0.5.7.tgz 1050817ms attempt #3 (cache miss)
3016 timing reifyNode:node_modules/@discoveryjs/json-ext Completed in 1052388ms
3017 http fetch GET 200 https://registry.npmjs.org/cookie/-/cookie-0.4.2.tgz 1050770ms attempt #3 (cache miss)
3018 timing reifyNode:node_modules/youch/node_modules/cookie Completed in 1052595ms
3019 http fetch GET 200 https://registry.npmjs.org/@babel/runtime/-/runtime-7.24.4.tgz 1050818ms attempt #3 (cache miss)
3020 timing reifyNode:node_modules/@babel/runtime Completed in 1052394ms
3021 http fetch GET 200 https://registry.npmjs.org/emoji-regex/-/emoji-regex-9.2.2.tgz 1050817ms attempt #3 (cache miss)
3022 timing reifyNode:node_modules/widest-line/node_modules/emoji-regex Completed in 1052645ms
3023 http fetch GET 200 https://registry.npmjs.org/@babel/code-frame/-/code-frame-7.24.2.tgz 1050868ms attempt #3 (cache miss)
3024 timing reifyNode:node_modules/@babel/code-frame Completed in 1052480ms
3025 http fetch GET 200 https://registry.npmjs.org/@babel/helper-environment-visitor/-/helper-environment-visitor-7.22.20.tgz 1050929ms attempt #3 (cache miss)
3026 timing reifyNode:node_modules/@babel/helper-environment-visitor Completed in 1052536ms
3027 http fetch GET 200 https://registry.npmjs.org/get-stdin/-/get-stdin-8.0.0.tgz 1051433ms attempt #3 (cache miss)
3028 timing reifyNode:node_modules/get-stdin Completed in 1052657ms
3029 http fetch GET 200 https://registry.npmjs.org/@babel/helper-split-export-declaration/-/helper-split-export-declaration-7.22.6.tgz 1050979ms attempt #3 (cache miss)
3030 timing reifyNode:node_modules/@babel/helper-split-export-declaration Completed in 1052571ms
3031 http fetch GET 200 https://registry.npmjs.org/@npmcli/move-file/-/move-file-1.1.2.tgz 1050951ms attempt #3 (cache miss)
3032 timing reifyNode:node_modules/sqlite3/node_modules/@npmcli/move-file Completed in 1052795ms
3033 http fetch GET 200 https://registry.npmjs.org/@fastify/ajv-compiler/-/ajv-compiler-3.5.0.tgz 1051121ms attempt #3 (cache miss)
3034 timing reifyNode:node_modules/@fastify/ajv-compiler Completed in 1052679ms
3035 http fetch GET 200 https://registry.npmjs.org/pug-parser/-/pug-parser-6.0.0.tgz 1051964ms attempt #3 (cache miss)
3036 timing reifyNode:node_modules/pug-parser Completed in 1052848ms
3037 http fetch GET 200 https://registry.npmjs.org/cacache/-/cacache-15.3.0.tgz 1051117ms attempt #3 (cache miss)
3038 timing reifyNode:node_modules/sqlite3/node_modules/cacache Completed in 1052960ms
3039 http fetch GET 200 https://registry.npmjs.org/pupa/-/pupa-3.1.0.tgz 1052109ms attempt #3 (cache miss)
3040 timing reifyNode:node_modules/pupa Completed in 1052990ms
3041 http fetch GET 200 https://registry.npmjs.org/node-addon-api/-/node-addon-api-7.1.0.tgz 1051255ms attempt #3 (cache miss)
3042 timing reifyNode:node_modules/sqlite3/node_modules/node-addon-api Completed in 1053094ms
3043 http fetch GET 200 https://registry.npmjs.org/source-map-support/-/source-map-support-0.5.21.tgz 1051462ms attempt #3 (cache miss)
3044 timing reifyNode:node_modules/terser/node_modules/source-map-support Completed in 1053296ms
3045 http fetch GET 200 https://registry.npmjs.org/readdirp/-/readdirp-3.6.0.tgz 1052473ms attempt #3 (cache miss)
3046 timing reifyNode:node_modules/readdirp Completed in 1053335ms
3047 http fetch GET 200 https://registry.npmjs.org/resolve-from/-/resolve-from-5.0.0.tgz 1052507ms attempt #3 (cache miss)
3048 timing reifyNode:node_modules/resolve-from Completed in 1053358ms
3049 http fetch GET 200 https://registry.npmjs.org/escape-string-regexp/-/escape-string-regexp-2.0.0.tgz 1051599ms attempt #3 (cache miss)
3050 timing reifyNode:node_modules/stack-utils/node_modules/escape-string-regexp Completed in 1053433ms
3051 http fetch GET 200 https://registry.npmjs.org/import-lazy/-/import-lazy-4.0.0.tgz 1052687ms attempt #3 (cache miss)
3052 timing reifyNode:node_modules/import-lazy Completed in 1053876ms
3053 http fetch GET 200 https://registry.npmjs.org/@aashutoshrathi/word-wrap/-/word-wrap-1.2.6.tgz 1052187ms attempt #3 (cache miss)
3054 timing reifyNode:node_modules/@aashutoshrathi/word-wrap Completed in 1053801ms
3055 http fetch GET 200 https://registry.npmjs.org/minipass/-/minipass-7.0.4.tgz 1052581ms attempt #3 (cache miss)
3056 timing reifyNode:node_modules/ssri/node_modules/minipass Completed in 1054414ms
3057 http fetch GET 200 https://registry.npmjs.org/ip/-/ip-2.0.0.tgz 1053449ms attempt #3 (cache miss)
3058 timing reifyNode:node_modules/ip Completed in 1054623ms
3059 http fetch GET 200 https://registry.npmjs.org/safer-buffer/-/safer-buffer-2.1.2.tgz 1053910ms attempt #3 (cache miss)
3060 timing reifyNode:node_modules/safer-buffer Completed in 1054736ms
3061 http fetch GET 200 https://registry.npmjs.org/@fastify/send/-/send-2.1.0.tgz 1053376ms attempt #3 (cache miss)
3062 timing reifyNode:node_modules/@fastify/send Completed in 1054929ms
3063 http fetch GET 200 https://registry.npmjs.org/lru-cache/-/lru-cache-6.0.0.tgz 1053342ms attempt #3 (cache miss)
3064 timing reifyNode:node_modules/semver/node_modules/lru-cache Completed in 1055183ms
3065 http fetch GET 200 https://registry.npmjs.org/@istanbuljs/schema/-/schema-0.1.3.tgz 1053585ms attempt #3 (cache miss)
3066 timing reifyNode:node_modules/@istanbuljs/schema Completed in 1055136ms
3067 http fetch GET 200 https://registry.npmjs.org/node-gyp/-/node-gyp-8.4.1.tgz 1054526ms attempt #3 (cache miss)
3068 timing reifyNode:node_modules/sqlite3/node_modules/node-gyp Completed in 1056362ms
3069 http fetch GET 200 https://registry.npmjs.org/ajv-formats/-/ajv-formats-3.0.1.tgz 1057771ms attempt #2 (cache miss)
3070 timing reifyNode:node_modules/fast-json-stringify/node_modules/ajv-formats Completed in 1059638ms
3071 http fetch GET 200 https://registry.npmjs.org/pug/-/pug-3.0.2.tgz 1059387ms attempt #2 (cache miss)
3072 timing reifyNode:node_modules/pug Completed in 1060276ms
3073 http fetch GET 200 https://registry.npmjs.org/pug-walk/-/pug-walk-2.0.0.tgz 1060130ms attempt #2 (cache miss)
3074 timing reifyNode:node_modules/pug-walk Completed in 1061013ms
3075 http fetch GET 200 https://registry.npmjs.org/i18next/-/i18next-23.11.2.tgz 1059922ms attempt #3 (cache miss)
3076 timing reifyNode:node_modules/i18next Completed in 1061117ms
3077 http fetch GET 200 https://registry.npmjs.org/quick-format-unescaped/-/quick-format-unescaped-4.0.4.tgz 1060761ms attempt #2 (cache miss)
3078 timing reifyNode:node_modules/quick-format-unescaped Completed in 1061631ms
3079 http fetch GET 200 https://registry.npmjs.org/@babel/parser/-/parser-7.24.4.tgz 1059942ms attempt #3 (cache miss)
3080 timing reifyNode:node_modules/@babel/parser Completed in 1061531ms
3081 http fetch GET 200 https://registry.npmjs.org/@tootallnate/once/-/once-1.1.2.tgz 1059900ms attempt #3 (cache miss)
3082 timing reifyNode:node_modules/sqlite3/node_modules/@tootallnate/once Completed in 1061743ms
3083 http fetch GET 200 https://registry.npmjs.org/exit/-/exit-0.1.2.tgz 1060422ms attempt #2 (cache miss)
3084 timing reifyNode:node_modules/exit Completed in 1061697ms
3085 http fetch GET 200 https://registry.npmjs.org/read-package-json/-/read-package-json-6.0.4.tgz 1061068ms attempt #2 (cache miss)
3086 timing reifyNode:node_modules/read-package-json Completed in 1061933ms
3087 http fetch GET 200 https://registry.npmjs.org/json-schema-traverse/-/json-schema-traverse-1.0.0.tgz 1060047ms attempt #2 (cache miss)
3088 timing reifyNode:node_modules/fast-json-stringify/node_modules/json-schema-traverse Completed in 1061913ms
3089 http fetch GET 200 https://registry.npmjs.org/buffer/-/buffer-6.0.3.tgz 1060154ms attempt #2 (cache miss)
3090 timing reifyNode:node_modules/fastify-cli/node_modules/buffer Completed in 1062020ms
3091 http fetch GET 200 https://registry.npmjs.org/read-package-json-fast/-/read-package-json-fast-3.0.2.tgz 1061297ms attempt #2 (cache miss)
3092 timing reifyNode:node_modules/read-package-json-fast Completed in 1062161ms
3093 http fetch GET 200 https://registry.npmjs.org/registry-url/-/registry-url-6.0.1.tgz 1061544ms attempt #2 (cache miss)
3094 timing reifyNode:node_modules/registry-url Completed in 1062402ms
3095 http fetch GET 200 https://registry.npmjs.org/require-from-string/-/require-from-string-2.0.2.tgz 1061586ms attempt #2 (cache miss)
3096 timing reifyNode:node_modules/require-from-string Completed in 1062441ms
3097 http fetch GET 200 https://registry.npmjs.org/terser/-/terser-5.30.4.tgz 1061756ms attempt #3 (cache miss)
3098 timing reifyNode:node_modules/terser Completed in 1062514ms
3099 http fetch GET 200 https://registry.npmjs.org/pino-pretty/-/pino-pretty-10.3.1.tgz 1060696ms attempt #2 (cache miss)
3100 timing reifyNode:node_modules/fastify-cli/node_modules/pino-pretty Completed in 1062561ms
3101 http fetch GET 200 https://registry.npmjs.org/resolve.exports/-/resolve.exports-2.0.2.tgz 1061802ms attempt #2 (cache miss)
3102 timing reifyNode:node_modules/resolve.exports Completed in 1062653ms
3103 http fetch GET 200 https://registry.npmjs.org/semver-utils/-/semver-utils-1.1.4.tgz 1061934ms attempt #3 (cache miss)
3104 timing reifyNode:node_modules/semver-utils Completed in 1062758ms
3105 http fetch GET 200 https://registry.npmjs.org/strip-ansi/-/strip-ansi-7.0.1.tgz 1060998ms attempt #3 (cache miss)
3106 timing reifyNode:node_modules/wrap-ansi/node_modules/strip-ansi Completed in 1062821ms
3107 http fetch GET 200 https://registry.npmjs.org/events/-/events-3.3.0.tgz 1061572ms attempt #2 (cache miss)
3108 timing reifyNode:node_modules/events Completed in 1062848ms
3109 http fetch GET 200 https://registry.npmjs.org/retry-as-promised/-/retry-as-promised-7.0.4.tgz 1062094ms attempt #2 (cache miss)
3110 timing reifyNode:node_modules/retry-as-promised Completed in 1062941ms
3111 http fetch GET 200 https://registry.npmjs.org/rfdc/-/rfdc-1.3.1.tgz 1062181ms attempt #2 (cache miss)
3112 timing reifyNode:node_modules/rfdc Completed in 1063027ms
3113 http fetch GET 200 https://registry.npmjs.org/safe-array-concat/-/safe-array-concat-1.1.2.tgz 1062353ms attempt #2 (cache miss)
3114 timing reifyNode:node_modules/safe-array-concat Completed in 1063185ms
3115 http fetch GET 200 https://registry.npmjs.org/promise-retry/-/promise-retry-2.0.1.tgz 1062536ms attempt #2 (cache miss)
3116 timing reifyNode:node_modules/promise-retry Completed in 1063429ms
3117 http fetch GET 200 https://registry.npmjs.org/secure-json-parse/-/secure-json-parse-2.7.0.tgz 1062688ms attempt #2 (cache miss)
3118 timing reifyNode:node_modules/secure-json-parse Completed in 1063514ms
3119 http fetch GET 200 https://registry.npmjs.org/tar-stream/-/tar-stream-2.2.0.tgz 1062900ms attempt #3 (cache miss)
3120 timing reifyNode:node_modules/tar-stream Completed in 1063659ms
3121 http fetch GET 200 https://registry.npmjs.org/simple-concat/-/simple-concat-1.0.1.tgz 1062869ms attempt #2 (cache miss)
3122 timing reifyNode:node_modules/simple-concat Completed in 1063669ms
3123 http fetch GET 200 https://registry.npmjs.org/stack-trace/-/stack-trace-0.0.10.tgz 1062917ms attempt #2 (cache miss)
3124 timing reifyNode:node_modules/stack-trace Completed in 1063702ms
3125 http fetch GET 200 https://registry.npmjs.org/text-table/-/text-table-0.2.0.tgz 1063045ms attempt #2 (cache miss)
3126 timing reifyNode:node_modules/text-table Completed in 1063801ms
3127 http fetch GET 200 https://registry.npmjs.org/test-exclude/-/test-exclude-6.0.0.tgz 1063079ms attempt #2 (cache miss)
3128 timing reifyNode:node_modules/test-exclude Completed in 1063835ms
3129 http fetch GET 200 https://registry.npmjs.org/tildify/-/tildify-2.0.0.tgz 1063100ms attempt #2 (cache miss)
3130 timing reifyNode:node_modules/tildify Completed in 1063853ms
3131 http fetch GET 200 https://registry.npmjs.org/safe-regex2/-/safe-regex2-2.0.0.tgz 1063010ms attempt #2 (cache miss)
3132 timing reifyNode:node_modules/safe-regex2 Completed in 1063838ms
3133 http fetch GET 200 https://registry.npmjs.org/fastify-plugin/-/fastify-plugin-3.0.1.tgz 1062533ms attempt #2 (cache miss)
3134 timing reifyNode:node_modules/fastify-plugin Completed in 1063782ms
3135 http fetch GET 200 https://registry.npmjs.org/github-from-package/-/github-from-package-0.0.0.tgz 1062592ms attempt #2 (cache miss)
3136 timing reifyNode:node_modules/github-from-package Completed in 1063814ms
3137 http fetch GET 200 https://registry.npmjs.org/gopd/-/gopd-1.0.1.tgz 1062634ms attempt #2 (cache miss)
3138 timing reifyNode:node_modules/gopd Completed in 1063844ms
3139 http fetch GET 200 https://registry.npmjs.org/hasown/-/hasown-2.0.2.tgz 1062733ms attempt #2 (cache miss)
3140 timing reifyNode:node_modules/hasown Completed in 1063933ms
3141 http fetch GET 200 https://registry.npmjs.org/hosted-git-info/-/hosted-git-info-5.2.1.tgz 1062762ms attempt #2 (cache miss)
3142 timing reifyNode:node_modules/hosted-git-info Completed in 1063962ms
3143 http fetch GET 200 https://registry.npmjs.org/http-cache-semantics/-/http-cache-semantics-4.1.1.tgz 1062841ms attempt #2 (cache miss)
3144 timing reifyNode:node_modules/http-cache-semantics Completed in 1064040ms
3145 http fetch GET 200 https://registry.npmjs.org/indent-string/-/indent-string-4.0.0.tgz 1062965ms attempt #2 (cache miss)
3146 timing reifyNode:node_modules/indent-string Completed in 1064153ms
3147 http fetch GET 200 https://registry.npmjs.org/ignore-walk/-/ignore-walk-6.0.4.tgz 1062981ms attempt #2 (cache miss)
3148 timing reifyNode:node_modules/ignore-walk Completed in 1064172ms
3149 http fetch GET 200 https://registry.npmjs.org/glob-parent/-/glob-parent-6.0.2.tgz 1062985ms attempt #3 (cache miss)
3150 timing reifyNode:node_modules/glob-parent Completed in 1064206ms
3151 http fetch GET 200 https://registry.npmjs.org/graphemer/-/graphemer-1.4.0.tgz 1063002ms attempt #2 (cache miss)
3152 timing reifyNode:node_modules/graphemer Completed in 1064210ms
3153 http fetch GET 200 https://registry.npmjs.org/is-bigint/-/is-bigint-1.0.4.tgz 1063062ms attempt #2 (cache miss)
3154 timing reifyNode:node_modules/is-bigint Completed in 1064234ms
3155 http fetch GET 200 https://registry.npmjs.org/is-docker/-/is-docker-2.2.1.tgz 1063072ms attempt #2 (cache miss)
3156 timing reifyNode:node_modules/is-docker Completed in 1064237ms
3157 http fetch GET 200 https://registry.npmjs.org/fastify-plugin/-/fastify-plugin-4.5.1.tgz 1062369ms attempt #2 (cache miss)
3158 timing reifyNode:node_modules/fastify-method-override/node_modules/fastify-plugin Completed in 1064231ms
3159 http fetch GET 200 https://registry.npmjs.org/fastify-plugin/-/fastify-plugin-4.5.1.tgz 1062419ms attempt #2 (cache miss)
3160 timing reifyNode:node_modules/fastify-objectionjs/node_modules/fastify-plugin Completed in 1064280ms
3161 http fetch GET 200 https://registry.npmjs.org/brace-expansion/-/brace-expansion-2.0.1.tgz 1062464ms attempt #2 (cache miss)
3162 timing reifyNode:node_modules/ignore-walk/node_modules/brace-expansion Completed in 1064335ms
3163 http fetch GET 200 https://registry.npmjs.org/pg-connection-string/-/pg-connection-string-2.6.1.tgz 1062538ms attempt #2 (cache miss)
3164 timing reifyNode:node_modules/fastify-objectionjs/node_modules/pg-connection-string Completed in 1064399ms
3165 http fetch GET 200 https://registry.npmjs.org/resolve-from/-/resolve-from-4.0.0.tgz 1062598ms attempt #2 (cache miss)
3166 timing reifyNode:node_modules/import-fresh/node_modules/resolve-from Completed in 1064466ms
3167 http fetch GET 200 https://registry.npmjs.org/source-map-support/-/source-map-support-0.5.21.tgz 1063023ms attempt #2 (cache miss)
3168 timing reifyNode:node_modules/npm-check-updates/node_modules/source-map-support Completed in 1064887ms
3169 http fetch GET 200 https://registry.npmjs.org/lru-cache/-/lru-cache-6.0.0.tgz 1063634ms attempt #2 (cache miss)
3170 timing reifyNode:node_modules/sqlite3/node_modules/lru-cache Completed in 1065474ms
3171 http fetch GET 200 https://registry.npmjs.org/minimatch/-/minimatch-9.0.4.tgz 1063575ms attempt #2 (cache miss)
3172 timing reifyNode:node_modules/ignore-walk/node_modules/minimatch Completed in 1065447ms
3173 http fetch GET 200 https://registry.npmjs.org/lru-cache/-/lru-cache-7.18.3.tgz 1063634ms attempt #2 (cache miss)
3174 timing reifyNode:node_modules/npm-package-arg/node_modules/lru-cache Completed in 1065494ms
3175 http fetch GET 200 https://registry.npmjs.org/@babel/helper-module-imports/-/helper-module-imports-7.24.3.tgz 1063776ms attempt #3 (cache miss)
3176 timing reifyNode:node_modules/@babel/helper-module-imports Completed in 1065384ms
3177 http fetch GET 200 https://registry.npmjs.org/@jest/test-result/-/test-result-29.7.0.tgz 1063906ms attempt #2 (cache miss)
3178 timing reifyNode:node_modules/@jest/test-result Completed in 1065437ms
3179 http fetch GET 200 https://registry.npmjs.org/istanbul-lib-coverage/-/istanbul-lib-coverage-3.2.2.tgz 1064480ms attempt #2 (cache miss)
3180 timing reifyNode:node_modules/istanbul-lib-coverage Completed in 1065618ms
3181 http fetch GET 200 https://registry.npmjs.org/fastify-plugin/-/fastify-plugin-2.3.4.tgz 1063752ms attempt #2 (cache miss)
3182 timing reifyNode:node_modules/fastify-error-page/node_modules/fastify-plugin Completed in 1065616ms
3183 http fetch GET 200 https://registry.npmjs.org/@babel/helper-hoist-variables/-/helper-hoist-variables-7.22.5.tgz 1063941ms attempt #2 (cache miss)
3184 timing reifyNode:node_modules/@babel/helper-hoist-variables Completed in 1065547ms
3185 http fetch GET 200 https://registry.npmjs.org/eslint-config-airbnb-base/-/eslint-config-airbnb-base-15.0.0.tgz 1064343ms attempt #2 (cache miss)
3186 timing reifyNode:node_modules/eslint-config-airbnb-base Completed in 1065631ms
3187 http fetch GET 200 https://registry.npmjs.org/foreground-child/-/foreground-child-3.1.1.tgz 1064647ms attempt #3 (cache miss)
3188 timing reifyNode:node_modules/foreground-child Completed in 1065890ms
3189 http fetch GET 200 https://registry.npmjs.org/estraverse/-/estraverse-5.3.0.tgz 1064636ms attempt #2 (cache miss)
3190 timing reifyNode:node_modules/estraverse Completed in 1065915ms
3191 http fetch GET 200 https://registry.npmjs.org/json5/-/json5-1.0.2.tgz 1064353ms attempt #2 (cache miss)
3192 timing reifyNode:node_modules/tsconfig-paths/node_modules/json5 Completed in 1066176ms
3193 http fetch GET 200 https://registry.npmjs.org/esutils/-/esutils-2.0.3.tgz 1064824ms attempt #2 (cache miss)
3194 timing reifyNode:node_modules/esutils Completed in 1066102ms
3195 http fetch GET 200 https://registry.npmjs.org/@babel/generator/-/generator-7.24.4.tgz 1064433ms attempt #3 (cache miss)
3196 timing reifyNode:node_modules/@babel/generator Completed in 1066044ms
3197 http fetch GET 200 https://registry.npmjs.org/ajv-keywords/-/ajv-keywords-5.1.0.tgz 1064814ms attempt #2 (cache miss)
3198 timing reifyNode:node_modules/schema-utils/node_modules/ajv-keywords Completed in 1066658ms
3199 http fetch GET 200 https://registry.npmjs.org/acorn/-/acorn-7.4.1.tgz 1065378ms attempt #2 (cache miss)
3200 timing reifyNode:node_modules/is-expression/node_modules/acorn Completed in 1067250ms
3201 http fetch GET 200 https://registry.npmjs.org/graceful-fs/-/graceful-fs-4.2.11.tgz 1065901ms attempt #3 (cache miss)
3202 timing reifyNode:node_modules/webpack/node_modules/graceful-fs Completed in 1067730ms
3203 http fetch GET 200 https://registry.npmjs.org/latest-version/-/latest-version-7.0.0.tgz 1066750ms attempt #2 (cache miss)
3204 timing reifyNode:node_modules/latest-version Completed in 1067824ms
3205 http fetch GET 200 https://registry.npmjs.org/http-proxy-agent/-/http-proxy-agent-4.0.1.tgz 1066173ms attempt #3 (cache miss)
3206 timing reifyNode:node_modules/sqlite3/node_modules/http-proxy-agent Completed in 1068014ms
3207 http fetch GET 200 https://registry.npmjs.org/path-to-regexp/-/path-to-regexp-6.2.1.tgz 1067169ms attempt #3 (cache miss)
3208 timing reifyNode:node_modules/path-to-regexp Completed in 1068111ms
3209 http fetch GET 200 https://registry.npmjs.org/xdg-basedir/-/xdg-basedir-5.1.0.tgz 1067485ms attempt #2 (cache miss)
3210 timing reifyNode:node_modules/xdg-basedir Completed in 1068176ms
3211 http fetch GET 200 https://registry.npmjs.org/flatted/-/flatted-3.3.1.tgz 1066813ms attempt #3 (cache miss)
3212 timing reifyNode:node_modules/flatted Completed in 1068063ms
3213 http fetch GET 200 https://registry.npmjs.org/cliui/-/cliui-7.0.4.tgz 1066367ms attempt #3 (cache miss)
3214 timing reifyNode:node_modules/sequelize-cli/node_modules/cliui Completed in 1068209ms
3215 http fetch GET 200 https://registry.npmjs.org/escalade/-/escalade-3.1.1.tgz 1066897ms attempt #2 (cache miss)
3216 timing reifyNode:node_modules/escalade Completed in 1068187ms
3217 http fetch GET 200 https://registry.npmjs.org/make-fetch-happen/-/make-fetch-happen-9.1.0.tgz 1066467ms attempt #3 (cache miss)
3218 timing reifyNode:node_modules/sqlite3/node_modules/make-fetch-happen Completed in 1068306ms
3219 http fetch GET 200 https://registry.npmjs.org/@babel/compat-data/-/compat-data-7.24.4.tgz 1066525ms attempt #3 (cache miss)
3220 timing reifyNode:node_modules/@babel/compat-data Completed in 1068136ms
3221 http fetch GET 200 https://registry.npmjs.org/humanize-ms/-/humanize-ms-1.2.1.tgz 1067105ms attempt #3 (cache miss)
3222 timing reifyNode:node_modules/humanize-ms Completed in 1068300ms
3223 http fetch GET 200 https://registry.npmjs.org/commander/-/commander-2.20.3.tgz 1066603ms attempt #3 (cache miss)
3224 timing reifyNode:node_modules/terser/node_modules/commander Completed in 1068439ms
3225 http fetch GET 200 https://registry.npmjs.org/npmlog/-/npmlog-6.0.2.tgz 1067524ms attempt #2 (cache miss)
3226 timing reifyNode:node_modules/npmlog Completed in 1068497ms
3227 http fetch GET 200 https://registry.npmjs.org/lines-and-columns/-/lines-and-columns-1.2.4.tgz 1067439ms attempt #2 (cache miss)
3228 timing reifyNode:node_modules/lines-and-columns Completed in 1068510ms
3229 http fetch GET 200 https://registry.npmjs.org/leven/-/leven-3.1.0.tgz 1067755ms attempt #2 (cache miss)
3230 timing reifyNode:node_modules/leven Completed in 1068829ms
3231 http fetch GET 200 https://registry.npmjs.org/js-stringify/-/js-stringify-1.0.2.tgz 1067873ms attempt #2 (cache miss)
3232 timing reifyNode:node_modules/js-stringify Completed in 1068963ms
3233 http fetch GET 200 https://registry.npmjs.org/qs/-/qs-6.12.1.tgz 1068150ms attempt #2 (cache miss)
3234 timing reifyNode:node_modules/qs Completed in 1069029ms
3235 http fetch GET 200 https://registry.npmjs.org/package-json/-/package-json-8.1.0.tgz 1068064ms attempt #2 (cache miss)
3236 timing reifyNode:node_modules/package-json Completed in 1069012ms
3237 http fetch GET 200 https://registry.npmjs.org/http2-wrapper/-/http2-wrapper-2.1.11.tgz 1068196ms attempt #3 (cache miss)
3238 timing reifyNode:node_modules/http2-wrapper Completed in 1069393ms
3239 http fetch GET 200 https://registry.npmjs.org/@types/validator/-/validator-13.11.9.tgz 1068387ms attempt #2 (cache miss)
3240 timing reifyNode:node_modules/@types/validator Completed in 1069848ms
3241 http fetch GET 200 https://registry.npmjs.org/ajv/-/ajv-8.12.0.tgz 1068782ms attempt #2 (cache miss)
3242 timing reifyNode:node_modules/fast-json-stringify/node_modules/ajv Completed in 1070649ms
3243 http fetch GET 200 https://registry.npmjs.org/es-module-lexer/-/es-module-lexer-1.5.0.tgz 1071996ms attempt #2 (cache miss)
3244 timing reifyNode:node_modules/es-module-lexer Completed in 1073299ms
3245 http fetch GET 200 https://registry.npmjs.org/es-object-atoms/-/es-object-atoms-1.0.0.tgz 1072032ms attempt #2 (cache miss)
3246 timing reifyNode:node_modules/es-object-atoms Completed in 1073336ms
3247 http fetch GET 200 https://registry.npmjs.org/es-to-primitive/-/es-to-primitive-1.2.1.tgz 1072162ms attempt #2 (cache miss)
3248 timing reifyNode:node_modules/es-to-primitive Completed in 1073462ms
3249 http fetch GET 200 https://registry.npmjs.org/es-shim-unscopables/-/es-shim-unscopables-1.0.2.tgz 1072226ms attempt #2 (cache miss)
3250 timing reifyNode:node_modules/es-shim-unscopables Completed in 1073526ms
3251 http fetch GET 200 https://registry.npmjs.org/es-define-property/-/es-define-property-1.0.0.tgz 1083989ms attempt #2 (cache miss)
3252 timing reifyNode:node_modules/es-define-property Completed in 1085293ms
3253 http fetch GET 200 https://registry.npmjs.org/es-errors/-/es-errors-1.3.0.tgz 1084034ms attempt #2 (cache miss)
3254 timing reifyNode:node_modules/es-errors Completed in 1085337ms
3255 http fetch GET 200 https://registry.npmjs.org/@npmcli/promise-spawn/-/promise-spawn-6.0.2.tgz 1084634ms attempt #3 (cache miss)
3256 timing reifyNode:node_modules/@npmcli/promise-spawn Completed in 1086150ms
3257 http fetch GET 200 https://registry.npmjs.org/jest-validate/-/jest-validate-29.7.0.tgz 1085702ms attempt #3 (cache miss)
3258 timing reifyNode:node_modules/jest-validate Completed in 1086808ms
3259 http fetch GET 200 https://registry.npmjs.org/moment-timezone/-/moment-timezone-0.5.45.tgz 1085724ms attempt #3 (cache miss)
3260 timing reifyNode:node_modules/moment-timezone Completed in 1087876ms
3261 http fetch GET 200 https://registry.npmjs.org/postcss-modules-values/-/postcss-modules-values-4.0.0.tgz 1089407ms attempt #3 (cache miss)
3262 timing reifyNode:node_modules/postcss-modules-values Completed in 1090321ms
3263 http fetch GET 200 https://registry.npmjs.org/sprintf-js/-/sprintf-js-1.0.3.tgz 1089642ms attempt #3 (cache miss)
3264 http fetch GET 200 https://registry.npmjs.org/shebang-regex/-/shebang-regex-3.0.0.tgz 1089609ms attempt #3 (cache miss)
3265 timing reifyNode:node_modules/shebang-regex Completed in 1090424ms
3266 timing reifyNode:node_modules/sprintf-js Completed in 1090435ms
3267 http fetch GET 200 https://registry.npmjs.org/postcss/-/postcss-8.4.38.tgz 1089816ms attempt #3 (cache miss)
3268 timing reifyNode:node_modules/postcss Completed in 1090735ms
3269 http fetch GET 200 https://registry.npmjs.org/err-code/-/err-code-2.0.3.tgz 1092255ms attempt #2 (cache miss)
3270 timing reifyNode:node_modules/err-code Completed in 1093561ms
3271 http fetch GET 200 https://registry.npmjs.org/fastify-plugin/-/fastify-plugin-4.5.1.tgz 1092367ms attempt #3 (cache miss)
3272 timing reifyNode:node_modules/@fastify/secure-session/node_modules/fastify-plugin Completed in 1094271ms
3273 http fetch GET 200 https://registry.npmjs.org/es-abstract/-/es-abstract-1.23.3.tgz 1093233ms attempt #2 (cache miss)
3274 timing reifyNode:node_modules/es-abstract Completed in 1094537ms
3275 http fetch GET 200 https://registry.npmjs.org/@types/babel__core/-/babel__core-7.20.5.tgz 1104555ms attempt #3 (cache miss)
3276 timing reifyNode:node_modules/@types/babel__core Completed in 1106607ms
3277 http fetch GET 200 https://registry.npmjs.org/@npmcli/git/-/git-4.1.0.tgz 1109191ms attempt #3 (cache miss)
3278 timing reifyNode:node_modules/@npmcli/git Completed in 1110715ms
3279 http fetch GET 200 https://registry.npmjs.org/validate-npm-package-license/-/validate-npm-package-license-3.0.4.tgz 1110236ms attempt #3 (cache miss)
3280 timing reifyNode:node_modules/validate-npm-package-license Completed in 1110952ms
3281 http fetch GET 200 https://registry.npmjs.org/@nodelib/fs.stat/-/fs.stat-2.0.5.tgz 1113292ms attempt #3 (cache miss)
3282 timing reifyNode:node_modules/@nodelib/fs.stat Completed in 1114813ms
3283 http fetch GET 200 https://registry.npmjs.org/fastify-plugin/-/fastify-plugin-4.2.0.tgz 1112967ms attempt #3 (cache miss)
3284 timing reifyNode:node_modules/@fastify/static/node_modules/fastify-plugin Completed in 1114866ms
3285 http fetch GET 200 https://registry.npmjs.org/minipass-fetch/-/minipass-fetch-3.0.4.tgz 1114068ms attempt #3 (cache miss)
3286 timing reifyNode:node_modules/minipass-fetch Completed in 1115093ms
3287 http fetch GET 200 https://registry.npmjs.org/run-parallel/-/run-parallel-1.2.0.tgz 1115299ms attempt #3 (cache miss)
3288 timing reifyNode:node_modules/run-parallel Completed in 1116132ms
3289 http fetch GET 200 https://registry.npmjs.org/jest-worker/-/jest-worker-29.7.0.tgz 1115359ms attempt #3 (cache miss)
3290 timing reifyNode:node_modules/jest-worker Completed in 1116459ms
3291 http fetch GET 200 https://registry.npmjs.org/jest-watcher/-/jest-watcher-29.7.0.tgz 1116374ms attempt #3 (cache miss)
3292 timing reifyNode:node_modules/jest-watcher Completed in 1117477ms
3293 http fetch GET 200 https://registry.npmjs.org/punycode/-/punycode-2.1.1.tgz 1116839ms attempt #3 (cache miss)
3294 timing reifyNode:node_modules/punycode Completed in 1117721ms
3295 http fetch GET 200 https://registry.npmjs.org/is-typedarray/-/is-typedarray-1.0.0.tgz 1116651ms attempt #3 (cache miss)
3296 timing reifyNode:node_modules/is-typedarray Completed in 1117795ms
3297 http fetch GET 200 https://registry.npmjs.org/sonic-boom/-/sonic-boom-3.8.1.tgz 1117188ms attempt #3 (cache miss)
3298 timing reifyNode:node_modules/sonic-boom Completed in 1117991ms
3299 http fetch GET 200 https://registry.npmjs.org/y18n/-/y18n-5.0.8.tgz 1117464ms attempt #3 (cache miss)
3300 timing reifyNode:node_modules/y18n Completed in 1118155ms
3301 http fetch GET 200 https://registry.npmjs.org/pug-lexer/-/pug-lexer-5.0.1.tgz 1117456ms attempt #3 (cache miss)
3302 timing reifyNode:node_modules/pug-lexer Completed in 1118345ms
3303 http fetch GET 200 https://registry.npmjs.org/minipass-collect/-/minipass-collect-1.0.2.tgz 1117408ms attempt #3 (cache miss)
3304 timing reifyNode:node_modules/minipass-collect Completed in 1118430ms
3305 http fetch GET 200 https://registry.npmjs.org/spawn-command/-/spawn-command-0.0.2.tgz 1118222ms attempt #3 (cache miss)
3306 timing reifyNode:node_modules/spawn-command Completed in 1119015ms
3307 http fetch GET 200 https://registry.npmjs.org/@npmcli/node-gyp/-/node-gyp-3.0.0.tgz 1117673ms attempt #3 (cache miss)
3308 timing reifyNode:node_modules/@npmcli/node-gyp Completed in 1119190ms
3309 http fetch GET 200 https://registry.npmjs.org/spdx-license-ids/-/spdx-license-ids-3.0.17.tgz 1118765ms attempt #3 (cache miss)
3310 timing reifyNode:node_modules/spdx-license-ids Completed in 1119551ms
3311 http fetch GET 200 https://registry.npmjs.org/istanbul-lib-source-maps/-/istanbul-lib-source-maps-4.0.1.tgz 1118457ms attempt #3 (cache miss)
3312 timing reifyNode:node_modules/istanbul-lib-source-maps Completed in 1119594ms
3313 http fetch GET 200 https://registry.npmjs.org/pug-load/-/pug-load-3.0.0.tgz 1118878ms attempt #3 (cache miss)
3314 timing reifyNode:node_modules/pug-load Completed in 1119764ms
3315 http fetch GET 200 https://registry.npmjs.org/postcss-modules-scope/-/postcss-modules-scope-3.2.0.tgz 1119047ms attempt #3 (cache miss)
3316 timing reifyNode:node_modules/postcss-modules-scope Completed in 1119962ms
3317 http fetch GET 200 https://registry.npmjs.org/spawn-please/-/spawn-please-2.0.2.tgz 1119258ms attempt #3 (cache miss)
3318 timing reifyNode:node_modules/spawn-please Completed in 1120063ms
3319 http fetch GET 200 https://registry.npmjs.org/type/-/type-2.7.2.tgz 1119440ms attempt #3 (cache miss)
3320 timing reifyNode:node_modules/type Completed in 1120174ms
3321 http fetch GET 200 https://registry.npmjs.org/string.prototype.trimstart/-/string.prototype.trimstart-1.0.8.tgz 1119434ms attempt #3 (cache miss)
3322 timing reifyNode:node_modules/string.prototype.trimstart Completed in 1120213ms
3323 http fetch GET 200 https://registry.npmjs.org/string.prototype.trim/-/string.prototype.trim-1.2.9.tgz 1119704ms attempt #3 (cache miss)
3324 timing reifyNode:node_modules/string.prototype.trim Completed in 1120483ms
3325 http fetch GET 200 https://registry.npmjs.org/readable-stream/-/readable-stream-4.5.2.tgz 1118766ms attempt #3 (cache miss)
3326 timing reifyNode:node_modules/fastify-cli/node_modules/readable-stream Completed in 1120631ms
3327 http fetch GET 200 https://registry.npmjs.org/sisteransi/-/sisteransi-1.0.5.tgz 1120461ms attempt #3 (cache miss)
3328 timing reifyNode:node_modules/sisteransi Completed in 1121259ms
3329 http fetch GET 200 https://registry.npmjs.org/queue-microtask/-/queue-microtask-1.2.3.tgz 1120479ms attempt #3 (cache miss)
3330 timing reifyNode:node_modules/queue-microtask Completed in 1121349ms
3331 http fetch GET 200 https://registry.npmjs.org/update-notifier/-/update-notifier-6.0.2.tgz 1121057ms attempt #3 (cache miss)
3332 timing reifyNode:node_modules/update-notifier Completed in 1121777ms
3333 http fetch GET 200 https://registry.npmjs.org/token-stream/-/token-stream-1.0.0.tgz 1121470ms attempt #3 (cache miss)
3334 timing reifyNode:node_modules/token-stream Completed in 1122217ms
3335 http fetch GET 200 https://registry.npmjs.org/yallist/-/yallist-4.0.0.tgz 1121670ms attempt #3 (cache miss)
3336 timing reifyNode:node_modules/yallist Completed in 1122362ms
3337 http fetch GET 200 https://registry.npmjs.org/@pnpm/npm-conf/-/npm-conf-1.0.5.tgz 1121542ms attempt #3 (cache miss)
3338 timing reifyNode:node_modules/@pnpm/npm-conf Completed in 1123053ms
3339 http fetch GET 200 https://registry.npmjs.org/fs.realpath/-/fs.realpath-1.0.0.tgz 1121888ms attempt #3 (cache miss)
3340 timing reifyNode:node_modules/fs.realpath Completed in 1123121ms
3341 http fetch GET 200 https://registry.npmjs.org/uuid/-/uuid-8.3.2.tgz 1122608ms attempt #3 (cache miss)
3342 timing reifyNode:node_modules/uuid Completed in 1123325ms
3343 http fetch GET 200 https://registry.npmjs.org/yargs/-/yargs-17.7.2.tgz 1123386ms attempt #3 (cache miss)
3344 timing reifyNode:node_modules/yargs Completed in 1124076ms
3345 http fetch GET 200 https://registry.npmjs.org/find-up/-/find-up-4.1.0.tgz 1122102ms attempt #3 (cache miss)
3346 timing reifyNode:node_modules/@istanbuljs/load-nyc-config/node_modules/find-up Completed in 1123978ms
3347 http fetch GET 200 https://registry.npmjs.org/js-beautify/-/js-beautify-1.15.1.tgz 1123508ms attempt #3 (cache miss)
3348 timing reifyNode:node_modules/js-beautify Completed in 1124599ms
3349 http fetch GET 200 https://registry.npmjs.org/postcss-modules-extract-imports/-/postcss-modules-extract-imports-3.1.0.tgz 1123901ms attempt #3 (cache miss)
3350 timing reifyNode:node_modules/postcss-modules-extract-imports Completed in 1124819ms
3351 http fetch GET 200 https://registry.npmjs.org/postgres-bytea/-/postgres-bytea-1.0.0.tgz 1126156ms attempt #3 (cache miss)
3352 timing reifyNode:node_modules/postgres-bytea Completed in 1127069ms
3353 http fetch GET 200 https://registry.npmjs.org/jest-resolve-dependencies/-/jest-resolve-dependencies-29.7.0.tgz 1126911ms attempt #3 (cache miss)
3354 timing reifyNode:node_modules/jest-resolve-dependencies Completed in 1128019ms
3355 http fetch GET 200 https://registry.npmjs.org/@pnpm/network.ca-file/-/network.ca-file-1.0.1.tgz 1126445ms attempt #3 (cache miss)
3356 http fetch GET 200 https://registry.npmjs.org/fastify-error-page/-/fastify-error-page-4.0.0.tgz 1126777ms attempt #3 (cache miss)
3357 timing reifyNode:node_modules/fastify-error-page Completed in 1128027ms
3358 timing reifyNode:node_modules/@pnpm/network.ca-file Completed in 1127973ms
3359 http fetch GET 200 https://registry.npmjs.org/postcss-modules-local-by-default/-/postcss-modules-local-by-default-4.0.5.tgz 1127476ms attempt #3 (cache miss)
3360 timing reifyNode:node_modules/postcss-modules-local-by-default Completed in 1128393ms
3361 http fetch GET 200 https://registry.npmjs.org/shallow-clone/-/shallow-clone-3.0.1.tgz 1128081ms attempt #3 (cache miss)
3362 timing reifyNode:node_modules/shallow-clone Completed in 1128897ms
3363 http fetch GET 200 https://registry.npmjs.org/typed-array-length/-/typed-array-length-1.0.6.tgz 1128793ms attempt #3 (cache miss)
3364 timing reifyNode:node_modules/typed-array-length Completed in 1129521ms
3365 http fetch GET 200 https://registry.npmjs.org/picomatch/-/picomatch-2.3.1.tgz 1128718ms attempt #3 (cache miss)
3366 timing reifyNode:node_modules/picomatch Completed in 1129642ms
3367 http fetch GET 200 https://registry.npmjs.org/rechoir/-/rechoir-0.8.0.tgz 1129498ms attempt #3 (cache miss)
3368 timing reifyNode:node_modules/rechoir Completed in 1130359ms
3369 http fetch GET 200 https://registry.npmjs.org/jquery/-/jquery-3.7.1.tgz 1129732ms attempt #3 (cache miss)
3370 timing reifyNode:node_modules/jquery Completed in 1130823ms
3371 http fetch GET 200 https://registry.npmjs.org/source-map/-/source-map-0.6.1.tgz 1130344ms attempt #3 (cache miss)
3372 timing reifyNode:node_modules/source-map Completed in 1131137ms
3373 http fetch GET 200 https://registry.npmjs.org/fastify/-/fastify-4.26.2.tgz 1133126ms attempt #3 (cache miss)
3374 timing reifyNode:node_modules/fastify Completed in 1134377ms
3375 http fetch GET 200 https://registry.npmjs.org/has-flag/-/has-flag-3.0.0.tgz 1133534ms attempt #3 (cache miss)
3376 timing reifyNode:node_modules/@babel/highlight/node_modules/has-flag Completed in 1135472ms
3377 http fetch GET 200 https://registry.npmjs.org/rxjs/-/rxjs-7.8.1.tgz 1135418ms attempt #3 (cache miss)
3378 timing reifyNode:node_modules/rxjs Completed in 1136251ms
3379 http fetch GET 200 https://registry.npmjs.org/normalize-url/-/normalize-url-6.1.0.tgz 1138068ms attempt #3 (cache miss)
3380 timing reifyNode:node_modules/normalize-url Completed in 1139047ms
3381 http fetch GET 200 https://registry.npmjs.org/istanbul-lib-report/-/istanbul-lib-report-3.0.1.tgz 1171249ms attempt #3 (cache miss)
3382 timing reifyNode:node_modules/istanbul-lib-report Completed in 1172384ms
3383 http fetch GET 200 https://registry.npmjs.org/signal-exit/-/signal-exit-4.1.0.tgz 1170676ms attempt #3 (cache miss)
3384 timing reifyNode:node_modules/foreground-child/node_modules/signal-exit Completed in 1172539ms
3385 http fetch GET 200 https://registry.npmjs.org/is-symbol/-/is-symbol-1.0.4.tgz 1175229ms attempt #3 (cache miss)
3386 timing reifyNode:node_modules/is-symbol Completed in 1176375ms
3387 http fetch GET 200 https://registry.npmjs.org/@babel/helper-simple-access/-/helper-simple-access-7.22.5.tgz 1174846ms attempt #3 (cache miss)
3388 timing reifyNode:node_modules/@babel/helper-simple-access Completed in 1176440ms
3389 http fetch GET 200 https://registry.npmjs.org/supports-color/-/supports-color-8.1.1.tgz 1174964ms attempt #3 (cache miss)
3390 timing reifyNode:node_modules/terser-webpack-plugin/node_modules/supports-color Completed in 1176787ms
3391 http fetch GET 200 https://registry.npmjs.org/brace-expansion/-/brace-expansion-2.0.1.tgz 1174852ms attempt #3 (cache miss)
3392 timing reifyNode:node_modules/editorconfig/node_modules/brace-expansion Completed in 1176731ms
3393 http fetch GET 200 https://registry.npmjs.org/p-limit/-/p-limit-2.3.0.tgz 1175366ms attempt #3 (cache miss)
3394 timing reifyNode:node_modules/pkg-up/node_modules/p-limit Completed in 1177210ms
3395 http fetch GET 200 https://registry.npmjs.org/jackspeak/-/jackspeak-2.3.6.tgz 1176196ms attempt #3 (cache miss)
3396 timing reifyNode:node_modules/jackspeak Completed in 1177331ms
3397 http fetch GET 200 https://registry.npmjs.org/@fastify/deepmerge/-/deepmerge-1.3.0.tgz 1175792ms attempt #3 (cache miss)
3398 timing reifyNode:node_modules/@fastify/deepmerge Completed in 1177348ms
3399 http fetch GET 200 https://registry.npmjs.org/object.entries/-/object.entries-1.1.8.tgz 1176754ms attempt #3 (cache miss)
3400 timing reifyNode:node_modules/object.entries Completed in 1177716ms
3401 http fetch GET 200 https://registry.npmjs.org/normalize-path/-/normalize-path-3.0.0.tgz 1179517ms attempt #3 (cache miss)
3402 timing reifyNode:node_modules/normalize-path Completed in 1180497ms
3403 http fetch GET 200 https://registry.npmjs.org/@jest/globals/-/globals-29.7.0.tgz 2039442ms attempt #3 (cache miss)
3404 timing reifyNode:node_modules/@jest/globals Completed in 2040976ms
3405 timing reify:unpack Completed in 2041167ms
3406 timing reify:unretire Completed in 3ms
3407 timing build:queue Completed in 80ms
3408 timing build:link:node_modules/jest-cli Completed in 7ms
3409 timing build:link:node_modules/@babel/parser Completed in 35ms
3410 timing build:link:node_modules/@babel/core/node_modules/semver Completed in 28ms
3411 timing build:link:node_modules/@babel/helper-compilation-targets/node_modules/semver Completed in 29ms
3412 timing build:link:node_modules/@istanbuljs/load-nyc-config/node_modules/js-yaml Completed in 29ms
3413 timing build:link:node_modules/@npmcli/git/node_modules/which Completed in 29ms
3414 timing build:link:node_modules/@npmcli/promise-spawn/node_modules/which Completed in 28ms
3415 timing build:link:node_modules/@npmcli/run-script/node_modules/which Completed in 28ms
3416 timing build:link:node_modules/babel-plugin-istanbul/node_modules/semver Completed in 28ms
3417 timing build:link:node_modules/eslint-config-airbnb-base/node_modules/semver Completed in 28ms
3418 timing build:link:node_modules/eslint-plugin-import/node_modules/semver Completed in 28ms
3419 timing build:link:node_modules/fastify-cli/node_modules/pino-pretty Completed in 28ms
3420 timing build:link:node_modules/fastify-objectionjs/node_modules/knex Completed in 28ms
3421 timing build:link:node_modules/is-expression/node_modules/acorn Completed in 27ms
3422 timing build:link:node_modules/js-beautify/node_modules/nopt Completed in 27ms
3423 timing build:link:node_modules/node-gyp/node_modules/nopt Completed in 27ms
3424 timing build:link:node_modules/npm-check-updates/node_modules/rimraf Completed in 27ms
3425 timing build:link:node_modules/sqlite3/node_modules/node-gyp Completed in 27ms
3426 timing build:link:node_modules/@fastify/secure-session Completed in 37ms
3427 timing build:link:node_modules/tsconfig-paths/node_modules/json5 Completed in 28ms
3428 timing build:link:node_modules/@npmcli/installed-package-contents Completed in 37ms
3429 timing build:link:node_modules/acorn Completed in 37ms
3430 timing build:link:node_modules/browserslist Completed in 37ms
3431 timing build:link:node_modules/color-support Completed in 37ms
3432 timing build:link:node_modules/concurrently Completed in 37ms
3433 timing build:link:node_modules/create-jest Completed in 37ms
3434 timing build:link:node_modules/cssesc Completed in 36ms
3435 timing build:link:node_modules/editorconfig Completed in 36ms
3436 timing build:link:node_modules/envinfo Completed in 36ms
3437 timing build:link:node_modules/eslint Completed in 36ms
3438 timing build:link:node_modules/esprima Completed in 35ms
3439 timing build:link:node_modules/generify Completed in 35ms
3440 timing build:link:node_modules/fastify-cli Completed in 35ms
3441 timing build:link:node_modules/glob Completed in 35ms
3442 timing build:link:node_modules/import-local Completed in 35ms
3443 timing build:link:node_modules/is-ci Completed in 35ms
3444 timing build:link:node_modules/jest Completed in 35ms
3445 timing build:link:node_modules/is-docker Completed in 35ms
3446 timing build:link:node_modules/js-beautify Completed in 35ms
3447 timing build:link:node_modules/js-yaml Completed in 35ms
3448 timing build:link:node_modules/jsesc Completed in 35ms
3449 timing build:link:node_modules/json5 Completed in 34ms
3450 timing build:link:node_modules/knex Completed in 34ms
3451 timing build:link:node_modules/markdown-it Completed in 34ms
3452 timing build:link:node_modules/mime Completed in 34ms
3453 timing build:link:node_modules/mkdirp Completed in 34ms
3454 timing build:link:node_modules/mustache Completed in 34ms
3455 timing build:link:node_modules/nanoid Completed in 34ms
3456 timing build:link:node_modules/node-gyp Completed in 34ms
3457 timing build:link:node_modules/node-gyp-build Completed in 34ms
3458 timing build:link:node_modules/nopt Completed in 33ms
3459 timing build:link:node_modules/npm-check-updates Completed in 33ms
3460 timing build:link:node_modules/pacote Completed in 33ms
3461 timing build:link:node_modules/parse-github-url Completed in 34ms
3462 timing build:link:node_modules/pino Completed in 34ms
3463 timing build:link:node_modules/pino-pretty Completed in 34ms
3464 timing build:link:node_modules/prebuild-install Completed in 34ms
3465 timing build:link:node_modules/rc Completed in 33ms
3466 timing build:link:node_modules/resolve Completed in 33ms
3467 timing build:link:node_modules/rimraf Completed in 33ms
3468 timing build:link:node_modules/semver Completed in 33ms
3469 timing build:link:node_modules/sequelize-cli Completed in 33ms
3470 timing build:link:node_modules/sigstore Completed in 33ms
3471 timing build:link:node_modules/terser Completed in 33ms
3472 timing build:link:node_modules/tree-kill Completed in 33ms
3473 timing build:link:node_modules/update-browserslist-db Completed in 32ms
3474 timing build:link:node_modules/uuid Completed in 32ms
3475 timing build:link:node_modules/webpack Completed in 32ms
3476 timing build:link:node_modules/webpack-cli Completed in 32ms
3477 timing build:link:node_modules/which Completed in 32ms
3478 timing build:link Completed in 42ms
3479 info run @vscode/sqlite3@5.1.2 install node_modules/@vscode/sqlite3 node-gyp rebuild
3480 info run better-sqlite3@8.7.0 install node_modules/better-sqlite3 prebuild-install || node-gyp rebuild --release
3481 info run sodium-native@4.1.1 install node_modules/sodium-native node-gyp-build
3482 info run sodium-native@4.1.1 install { code: 0, signal: null }
3483 timing build:run:install:node_modules/sodium-native Completed in 134ms
3484 info run sqlite3@5.1.7 install node_modules/sqlite3 prebuild-install -r napi || node-gyp rebuild
3485 info run better-sqlite3@8.7.0 install { code: 0, signal: null }
3486 timing build:run:install:node_modules/better-sqlite3 Completed in 43164ms
3487 info run sqlite3@5.1.7 install { code: 0, signal: null }
3488 timing build:run:install:node_modules/sqlite3 Completed in 44689ms
3489 info run @vscode/sqlite3@5.1.2 install { code: 0, signal: null }
3490 timing build:run:install:node_modules/@vscode/sqlite3 Completed in 255092ms
3491 timing build:run:install Completed in 255092ms
3492 info run es5-ext@0.10.64 postinstall node_modules/es5-ext  node -e "try{require('./_postinstall')}catch(e){}" || exit 0
3493 info run es5-ext@0.10.64 postinstall { code: 0, signal: null }
3494 timing build:run:postinstall:node_modules/es5-ext Completed in 90ms
3495 timing build:run:postinstall Completed in 90ms
3496 timing build:deps Completed in 255305ms
3497 timing build Completed in 255307ms
3498 timing reify:build Completed in 255316ms
3499 timing reify:trash Completed in 1ms
3500 timing reify:save Completed in 539ms
3501 timing reify Completed in 2298670ms
3502 silly ADD node_modules/youch
3503 silly ADD node_modules/youch/node_modules/cookie
3504 silly ADD node_modules/yocto-queue
3505 silly ADD node_modules/yargs-parser
3506 silly ADD node_modules/yargs
3507 silly ADD node_modules/yallist
3508 silly ADD node_modules/y18n
3509 silly ADD node_modules/xtend
3510 silly ADD node_modules/xdg-basedir
3511 silly ADD node_modules/write-file-atomic
3512 silly ADD node_modules/wrappy
3513 silly ADD node_modules/wrap-ansi-cjs
3514 silly ADD node_modules/wrap-ansi
3515 silly ADD node_modules/wrap-ansi/node_modules/strip-ansi
3516 silly ADD node_modules/wrap-ansi/node_modules/string-width
3517 silly ADD node_modules/wrap-ansi/node_modules/emoji-regex
3518 silly ADD node_modules/wrap-ansi/node_modules/ansi-styles
3519 silly ADD node_modules/wrap-ansi/node_modules/ansi-regex
3520 silly ADD node_modules/wkx
3521 silly ADD node_modules/with
3522 silly ADD node_modules/wildcard
3523 silly ADD node_modules/widest-line
3524 silly ADD node_modules/widest-line/node_modules/strip-ansi
3525 silly ADD node_modules/widest-line/node_modules/string-width
3526 silly ADD node_modules/widest-line/node_modules/emoji-regex
3527 silly ADD node_modules/widest-line/node_modules/ansi-regex
3528 silly ADD node_modules/wide-align
3529 silly ADD node_modules/which-typed-array
3530 silly ADD node_modules/which-boxed-primitive
3531 silly ADD node_modules/which
3532 silly ADD node_modules/webpack-sources
3533 silly ADD node_modules/webpack-merge
3534 silly ADD node_modules/webpack-cli
3535 silly ADD node_modules/webpack-cli/node_modules/interpret
3536 silly ADD node_modules/webpack
3537 silly ADD node_modules/webpack/node_modules/schema-utils
3538 silly ADD node_modules/webpack/node_modules/graceful-fs
3539 silly ADD node_modules/webpack/node_modules/estraverse
3540 silly ADD node_modules/webpack/node_modules/eslint-scope
3541 silly ADD node_modules/watchpack
3542 silly ADD node_modules/walker
3543 silly ADD node_modules/void-elements
3544 silly ADD node_modules/vary
3545 silly ADD node_modules/validator
3546 silly ADD node_modules/validate-npm-package-name
3547 silly ADD node_modules/validate-npm-package-license
3548 silly ADD node_modules/v8-to-istanbul
3549 silly ADD node_modules/uuid
3550 silly ADD node_modules/util-deprecate
3551 silly ADD node_modules/uri-js
3552 silly ADD node_modules/update-notifier
3553 silly ADD node_modules/update-notifier/node_modules/chalk
3554 silly ADD node_modules/update-browserslist-db
3555 silly ADD node_modules/untildify
3556 silly ADD node_modules/universalify
3557 silly ADD node_modules/unique-string
3558 silly ADD node_modules/unique-slug
3559 silly ADD node_modules/unique-filename
3560 silly ADD node_modules/undici-types
3561 silly ADD node_modules/unbox-primitive
3562 silly ADD node_modules/umzug
3563 silly ADD node_modules/uc.micro
3564 silly ADD node_modules/typedarray-to-buffer
3565 silly ADD node_modules/typed-array-length
3566 silly ADD node_modules/typed-array-byte-offset
3567 silly ADD node_modules/typed-array-byte-length
3568 silly ADD node_modules/typed-array-buffer
3569 silly ADD node_modules/type-is
3570 silly ADD node_modules/type-fest
3571 silly ADD node_modules/type-detect
3572 silly ADD node_modules/type-check
3573 silly ADD node_modules/type
3574 silly ADD node_modules/tunnel-agent
3575 silly ADD node_modules/tuf-js
3576 silly ADD node_modules/tslib
3577 silly ADD node_modules/tsconfig-paths
3578 silly ADD node_modules/tsconfig-paths/node_modules/strip-bom
3579 silly ADD node_modules/tsconfig-paths/node_modules/json5
3580 silly ADD node_modules/tree-kill
3581 silly ADD node_modules/toposort-class
3582 silly ADD node_modules/token-stream
3583 silly ADD node_modules/toidentifier
3584 silly ADD node_modules/toad-cache
3585 silly ADD node_modules/to-regex-range
3586 silly ADD node_modules/to-fast-properties
3587 silly ADD node_modules/tmpl
3588 silly ADD node_modules/timers-ext
3589 silly ADD node_modules/tildify
3590 silly ADD node_modules/thread-stream
3591 silly ADD node_modules/text-table
3592 silly ADD node_modules/test-exclude
3593 silly ADD node_modules/test-exclude/node_modules/glob
3594 silly ADD node_modules/terser-webpack-plugin
3595 silly ADD node_modules/terser-webpack-plugin/node_modules/supports-color
3596 silly ADD node_modules/terser-webpack-plugin/node_modules/schema-utils
3597 silly ADD node_modules/terser-webpack-plugin/node_modules/jest-worker
3598 silly ADD node_modules/terser
3599 silly ADD node_modules/terser/node_modules/source-map-support
3600 silly ADD node_modules/terser/node_modules/commander
3601 silly ADD node_modules/tarn
3602 silly ADD node_modules/tar-stream
3603 silly ADD node_modules/tar-fs
3604 silly ADD node_modules/tar-fs/node_modules/chownr
3605 silly ADD node_modules/tar
3606 silly ADD node_modules/tapable
3607 silly ADD node_modules/supports-preserve-symlinks-flag
3608 silly ADD node_modules/supports-color
3609 silly ADD node_modules/style-loader
3610 silly ADD node_modules/strip-json-comments
3611 silly ADD node_modules/strip-final-newline
3612 silly ADD node_modules/strip-bom
3613 silly ADD node_modules/strip-ansi-cjs
3614 silly ADD node_modules/strip-ansi
3615 silly ADD node_modules/string.prototype.trimstart
3616 silly ADD node_modules/string.prototype.trimend
3617 silly ADD node_modules/string.prototype.trim
3618 silly ADD node_modules/string-width-cjs
3619 silly ADD node_modules/string-width
3620 silly ADD node_modules/string-length
3621 silly ADD node_modules/string_decoder
3622 silly ADD node_modules/statuses
3623 silly ADD node_modules/stack-utils
3624 silly ADD node_modules/stack-utils/node_modules/escape-string-regexp
3625 silly ADD node_modules/stack-trace
3626 silly ADD node_modules/ssri
3627 silly ADD node_modules/ssri/node_modules/minipass
3628 silly ADD node_modules/sqlite3
3629 silly ADD node_modules/sqlite3/node_modules/ssri
3630 silly ADD node_modules/sqlite3/node_modules/socks-proxy-agent
3631 silly ADD node_modules/sqlite3/node_modules/node-gyp
3632 silly ADD node_modules/sqlite3/node_modules/node-addon-api
3633 silly ADD node_modules/sqlite3/node_modules/minipass-fetch
3634 silly ADD node_modules/sqlite3/node_modules/make-fetch-happen
3635 silly ADD node_modules/sqlite3/node_modules/lru-cache
3636 silly ADD node_modules/sqlite3/node_modules/http-proxy-agent
3637 silly ADD node_modules/sqlite3/node_modules/glob
3638 silly ADD node_modules/sqlite3/node_modules/cacache
3639 silly ADD node_modules/sqlite3/node_modules/@tootallnate/once
3640 silly ADD node_modules/sqlite3/node_modules/@npmcli/move-file
3641 silly ADD node_modules/sqlite3/node_modules/@npmcli/fs
3642 silly ADD node_modules/sprintf-js
3643 silly ADD node_modules/split2
3644 silly ADD node_modules/spdx-license-ids
3645 silly ADD node_modules/spdx-expression-parse
3646 silly ADD node_modules/spdx-exceptions
3647 silly ADD node_modules/spdx-correct
3648 silly ADD node_modules/spawn-please
3649 silly ADD node_modules/spawn-command
3650 silly ADD node_modules/source-map-support
3651 silly ADD node_modules/source-map-js
3652 silly ADD node_modules/source-map
3653 silly ADD node_modules/sonic-boom
3654 silly ADD node_modules/sodium-native
3655 silly ADD node_modules/socks-proxy-agent
3656 silly ADD node_modules/socks
3657 silly ADD node_modules/smart-buffer
3658 silly ADD node_modules/slash
3659 silly ADD node_modules/sisteransi
3660 silly ADD node_modules/simple-get
3661 silly ADD node_modules/simple-concat
3662 silly ADD node_modules/sigstore
3663 silly ADD node_modules/signal-exit
3664 silly ADD node_modules/side-channel
3665 silly ADD node_modules/shell-quote
3666 silly ADD node_modules/shebang-regex
3667 silly ADD node_modules/shebang-command
3668 silly ADD node_modules/shallow-clone
3669 silly ADD node_modules/setprototypeof
3670 silly ADD node_modules/set-function-name
3671 silly ADD node_modules/set-function-length
3672 silly ADD node_modules/set-cookie-parser
3673 silly ADD node_modules/set-blocking
3674 silly ADD node_modules/serialize-javascript
3675 silly ADD node_modules/sequelize-pool
3676 silly ADD node_modules/sequelize-cli
3677 silly ADD node_modules/sequelize-cli/node_modules/yargs-parser
3678 silly ADD node_modules/sequelize-cli/node_modules/yargs
3679 silly ADD node_modules/sequelize-cli/node_modules/wrap-ansi
3680 silly ADD node_modules/sequelize-cli/node_modules/cliui
3681 silly ADD node_modules/sequelize
3682 silly ADD node_modules/semver-utils
3683 silly ADD node_modules/semver-diff
3684 silly ADD node_modules/semver
3685 silly ADD node_modules/semver/node_modules/lru-cache
3686 silly ADD node_modules/secure-json-parse
3687 silly ADD node_modules/schema-utils
3688 silly ADD node_modules/schema-utils/node_modules/json-schema-traverse
3689 silly ADD node_modules/schema-utils/node_modules/ajv-keywords
3690 silly ADD node_modules/schema-utils/node_modules/ajv
3691 silly ADD node_modules/safer-buffer
3692 silly ADD node_modules/safe-stable-stringify
3693 silly ADD node_modules/safe-regex2
3694 silly ADD node_modules/safe-regex-test
3695 silly ADD node_modules/safe-buffer
3696 silly ADD node_modules/safe-array-concat
3697 silly ADD node_modules/rxjs
3698 silly ADD node_modules/run-parallel
3699 silly ADD node_modules/rimraf
3700 silly ADD node_modules/rimraf/node_modules/glob
3701 silly ADD node_modules/rfdc
3702 silly ADD node_modules/reusify
3703 silly ADD node_modules/retry-as-promised
3704 silly ADD node_modules/retry
3705 silly ADD node_modules/ret
3706 silly ADD node_modules/responselike
3707 silly ADD node_modules/responselike/node_modules/lowercase-keys
3708 silly ADD node_modules/resolve.exports
3709 silly ADD node_modules/resolve-from
3710 silly ADD node_modules/resolve-cwd
3711 silly ADD node_modules/resolve-alpn
3712 silly ADD node_modules/resolve
3713 silly ADD node_modules/require-from-string
3714 silly ADD node_modules/require-directory
3715 silly ADD node_modules/remote-git-tags
3716 silly ADD node_modules/registry-url
3717 silly ADD node_modules/registry-auth-token
3718 silly ADD node_modules/regexp.prototype.flags
3719 silly ADD node_modules/regenerator-runtime
3720 silly ADD node_modules/rechoir
3721 silly ADD node_modules/real-require
3722 silly ADD node_modules/readdirp
3723 silly ADD node_modules/readable-stream
3724 silly ADD node_modules/read-package-json-fast
3725 silly ADD node_modules/read-package-json-fast/node_modules/json-parse-even-better-errors
3726 silly ADD node_modules/read-package-json
3727 silly ADD node_modules/read-package-json/node_modules/json-parse-even-better-errors
3728 silly ADD node_modules/react-is
3729 silly ADD node_modules/rc-config-loader
3730 silly ADD node_modules/rc
3731 silly ADD node_modules/rc/node_modules/strip-json-comments
3732 silly ADD node_modules/rc/node_modules/ini
3733 silly ADD node_modules/randombytes
3734 silly ADD node_modules/quick-lru
3735 silly ADD node_modules/quick-format-unescaped
3736 silly ADD node_modules/queue-microtask
3737 silly ADD node_modules/qs
3738 silly ADD node_modules/pure-rand
3739 silly ADD node_modules/pupa
3740 silly ADD node_modules/punycode
3741 silly ADD node_modules/pump
3742 silly ADD node_modules/pug-walk
3743 silly ADD node_modules/pug-strip-comments
3744 silly ADD node_modules/pug-runtime
3745 silly ADD node_modules/pug-parser
3746 silly ADD node_modules/pug-load
3747 silly ADD node_modules/pug-linker
3748 silly ADD node_modules/pug-lexer
3749 silly ADD node_modules/pug-filters
3750 silly ADD node_modules/pug-error
3751 silly ADD node_modules/pug-code-gen
3752 silly ADD node_modules/pug-attrs
3753 silly ADD node_modules/pug
3754 silly ADD node_modules/proxy-addr
3755 silly ADD node_modules/proto-list
3756 silly ADD node_modules/prompts-ncu
3757 silly ADD node_modules/prompts-ncu/node_modules/kleur
3758 silly ADD node_modules/prompts
3759 silly ADD node_modules/promise-retry
3760 silly ADD node_modules/promise-inflight
3761 silly ADD node_modules/promise
3762 silly ADD node_modules/progress
3763 silly ADD node_modules/process-warning
3764 silly ADD node_modules/process
3765 silly ADD node_modules/proc-log
3766 silly ADD node_modules/pretty-format
3767 silly ADD node_modules/pretty-format/node_modules/ansi-styles
3768 silly ADD node_modules/prelude-ls
3769 silly ADD node_modules/prebuild-install
3770 silly ADD node_modules/postgres-interval
3771 silly ADD node_modules/postgres-date
3772 silly ADD node_modules/postgres-bytea
3773 silly ADD node_modules/postgres-array
3774 silly ADD node_modules/postcss-value-parser
3775 silly ADD node_modules/postcss-selector-parser
3776 silly ADD node_modules/postcss-modules-values
3777 silly ADD node_modules/postcss-modules-scope
3778 silly ADD node_modules/postcss-modules-local-by-default
3779 silly ADD node_modules/postcss-modules-extract-imports
3780 silly ADD node_modules/postcss
3781 silly ADD node_modules/possible-typed-array-names
3782 silly ADD node_modules/pkg-up
3783 silly ADD node_modules/pkg-up/node_modules/path-exists
3784 silly ADD node_modules/pkg-up/node_modules/p-locate
3785 silly ADD node_modules/pkg-up/node_modules/p-limit
3786 silly ADD node_modules/pkg-up/node_modules/locate-path
3787 silly ADD node_modules/pkg-up/node_modules/find-up
3788 silly ADD node_modules/pkg-dir
3789 silly ADD node_modules/pkg-dir/node_modules/p-locate
3790 silly ADD node_modules/pkg-dir/node_modules/p-limit
3791 silly ADD node_modules/pkg-dir/node_modules/locate-path
3792 silly ADD node_modules/pkg-dir/node_modules/find-up
3793 silly ADD node_modules/pirates
3794 silly ADD node_modules/pino-std-serializers
3795 silly ADD node_modules/pino-pretty
3796 silly ADD node_modules/pino-pretty/node_modules/readable-stream
3797 silly ADD node_modules/pino-pretty/node_modules/help-me
3798 silly ADD node_modules/pino-pretty/node_modules/buffer
3799 silly ADD node_modules/pino-abstract-transport
3800 silly ADD node_modules/pino-abstract-transport/node_modules/split2
3801 silly ADD node_modules/pino-abstract-transport/node_modules/readable-stream
3802 silly ADD node_modules/pino-abstract-transport/node_modules/buffer
3803 silly ADD node_modules/pino
3804 silly ADD node_modules/picomatch
3805 silly ADD node_modules/picocolors
3806 silly ADD node_modules/pgpass
3807 silly ADD node_modules/pgpass/node_modules/split2
3808 silly ADD node_modules/pg-types
3809 silly ADD node_modules/pg-protocol
3810 silly ADD node_modules/pg-pool
3811 silly ADD node_modules/pg-int8
3812 silly ADD node_modules/pg-connection-string
3813 silly ADD node_modules/pg-cloudflare
3814 silly ADD node_modules/pg
3815 silly ADD node_modules/pg/node_modules/pg-connection-string
3816 silly ADD node_modules/path-type
3817 silly ADD node_modules/path-to-regexp
3818 silly ADD node_modules/path-scurry
3819 silly ADD node_modules/path-scurry/node_modules/minipass
3820 silly ADD node_modules/path-scurry/node_modules/lru-cache
3821 silly ADD node_modules/path-parse
3822 silly ADD node_modules/path-key
3823 silly ADD node_modules/path-is-absolute
3824 silly ADD node_modules/path-exists
3825 silly ADD node_modules/parse-json
3826 silly ADD node_modules/parse-github-url
3827 silly ADD node_modules/parent-module
3828 silly ADD node_modules/pacote
3829 silly ADD node_modules/pacote/node_modules/minipass
3830 silly ADD node_modules/pacote/node_modules/fs-minipass
3831 silly ADD node_modules/pacote/node_modules/fs-minipass/node_modules/minipass
3832 silly ADD node_modules/package-json
3833 silly ADD node_modules/p-try
3834 silly ADD node_modules/p-map
3835 silly ADD node_modules/p-locate
3836 silly ADD node_modules/p-limit
3837 silly ADD node_modules/p-cancelable
3838 silly ADD node_modules/optionator
3839 silly ADD node_modules/onetime
3840 silly ADD node_modules/once
3841 silly ADD node_modules/on-exit-leak-free
3842 silly ADD node_modules/objection-unique
3843 silly ADD node_modules/objection
3844 silly ADD node_modules/objection/node_modules/json-schema-traverse
3845 silly ADD node_modules/objection/node_modules/ajv
3846 silly ADD node_modules/object.values
3847 silly ADD node_modules/object.groupby
3848 silly ADD node_modules/object.fromentries
3849 silly ADD node_modules/object.entries
3850 silly ADD node_modules/object.assign
3851 silly ADD node_modules/object-keys
3852 silly ADD node_modules/object-inspect
3853 silly ADD node_modules/object-assign
3854 silly ADD node_modules/npmlog
3855 silly ADD node_modules/npm-run-path
3856 silly ADD node_modules/npm-registry-fetch
3857 silly ADD node_modules/npm-registry-fetch/node_modules/minipass
3858 silly ADD node_modules/npm-pick-manifest
3859 silly ADD node_modules/npm-packlist
3860 silly ADD node_modules/npm-package-arg
3861 silly ADD node_modules/npm-package-arg/node_modules/lru-cache
3862 silly ADD node_modules/npm-package-arg/node_modules/hosted-git-info
3863 silly ADD node_modules/npm-normalize-package-bin
3864 silly ADD node_modules/npm-install-checks
3865 silly ADD node_modules/npm-check-updates
3866 silly ADD node_modules/npm-check-updates/node_modules/strip-json-comments
3867 silly ADD node_modules/npm-check-updates/node_modules/strip-ansi
3868 silly ADD node_modules/npm-check-updates/node_modules/source-map-support
3869 silly ADD node_modules/npm-check-updates/node_modules/rimraf
3870 silly ADD node_modules/npm-check-updates/node_modules/minimatch
3871 silly ADD node_modules/npm-check-updates/node_modules/ini
3872 silly ADD node_modules/npm-check-updates/node_modules/chalk
3873 silly ADD node_modules/npm-check-updates/node_modules/brace-expansion
3874 silly ADD node_modules/npm-check-updates/node_modules/ansi-regex
3875 silly ADD node_modules/npm-bundled
3876 silly ADD node_modules/normalize-url
3877 silly ADD node_modules/normalize-path
3878 silly ADD node_modules/normalize-package-data
3879 silly ADD node_modules/normalize-package-data/node_modules/lru-cache
3880 silly ADD node_modules/normalize-package-data/node_modules/hosted-git-info
3881 silly ADD node_modules/nopt
3882 silly ADD node_modules/node-releases
3883 silly ADD node_modules/node-int64
3884 silly ADD node_modules/node-gyp-build
3885 silly ADD node_modules/node-gyp
3886 silly ADD node_modules/node-gyp/node_modules/unique-slug
3887 silly ADD node_modules/node-gyp/node_modules/unique-filename
3888 silly ADD node_modules/node-gyp/node_modules/ssri
3889 silly ADD node_modules/node-gyp/node_modules/nopt
3890 silly ADD node_modules/node-gyp/node_modules/minipass-fetch
3891 silly ADD node_modules/node-gyp/node_modules/make-fetch-happen
3892 silly ADD node_modules/node-gyp/node_modules/lru-cache
3893 silly ADD node_modules/node-gyp/node_modules/glob
3894 silly ADD node_modules/node-gyp/node_modules/cacache
3895 silly ADD node_modules/node-gyp/node_modules/cacache/node_modules/minimatch
3896 silly ADD node_modules/node-gyp/node_modules/cacache/node_modules/glob
3897 silly ADD node_modules/node-gyp/node_modules/brace-expansion
3898 silly ADD node_modules/node-gyp/node_modules/@npmcli/fs
3899 silly ADD node_modules/node-addon-api
3900 silly ADD node_modules/node-abi
3901 silly ADD node_modules/next-tick
3902 silly ADD node_modules/neo-async
3903 silly ADD node_modules/negotiator
3904 silly ADD node_modules/natural-compare
3905 silly ADD node_modules/napi-build-utils
3906 silly ADD node_modules/nanoid
3907 silly ADD node_modules/mustache
3908 silly ADD node_modules/ms
3909 silly ADD node_modules/moment-timezone
3910 silly ADD node_modules/moment
3911 silly ADD node_modules/mkdirp-classic
3912 silly ADD node_modules/mkdirp
3913 silly ADD node_modules/minizlib
3914 silly ADD node_modules/minipass-sized
3915 silly ADD node_modules/minipass-pipeline
3916 silly ADD node_modules/minipass-json-stream
3917 silly ADD node_modules/minipass-flush
3918 silly ADD node_modules/minipass-fetch
3919 silly ADD node_modules/minipass-fetch/node_modules/minipass
3920 silly ADD node_modules/minipass-collect
3921 silly ADD node_modules/minipass
3922 silly ADD node_modules/minimist
3923 silly ADD node_modules/minimatch
3924 silly ADD node_modules/mini-css-extract-plugin
3925 silly ADD node_modules/mimic-response
3926 silly ADD node_modules/mimic-fn
3927 silly ADD node_modules/mime-types
3928 silly ADD node_modules/mime-db
3929 silly ADD node_modules/mime
3930 silly ADD node_modules/micromatch
3931 silly ADD node_modules/merge2
3932 silly ADD node_modules/merge-stream
3933 silly ADD node_modules/memoizee
3934 silly ADD node_modules/media-typer
3935 silly ADD node_modules/mdurl
3936 silly ADD node_modules/markdown-it
3937 silly ADD node_modules/makeerror
3938 silly ADD node_modules/make-promises-safe
3939 silly ADD node_modules/make-fetch-happen
3940 silly ADD node_modules/make-fetch-happen/node_modules/minipass
3941 silly ADD node_modules/make-fetch-happen/node_modules/lru-cache
3942 silly ADD node_modules/make-dir
3943 silly ADD node_modules/lru-queue
3944 silly ADD node_modules/lru-cache
3945 silly ADD node_modules/lru-cache/node_modules/yallist
3946 silly ADD node_modules/lowercase-keys
3947 silly ADD node_modules/lodash.merge
3948 silly ADD node_modules/lodash.isempty
3949 silly ADD node_modules/lodash.compact
3950 silly ADD node_modules/lodash.castarray
3951 silly ADD node_modules/lodash
3952 silly ADD node_modules/locate-path
3953 silly ADD node_modules/loader-runner
3954 silly ADD node_modules/linkify-it
3955 silly ADD node_modules/lines-and-columns
3956 silly ADD node_modules/light-my-request
3957 silly ADD node_modules/levn
3958 silly ADD node_modules/leven
3959 silly ADD node_modules/latest-version
3960 silly ADD node_modules/knex
3961 silly ADD node_modules/kleur
3962 silly ADD node_modules/kind-of
3963 silly ADD node_modules/keyv
3964 silly ADD node_modules/jstransformer-markdown-it
3965 silly ADD node_modules/jstransformer
3966 silly ADD node_modules/jsonparse
3967 silly ADD node_modules/jsonlines
3968 silly ADD node_modules/jsonfile
3969 silly ADD node_modules/json5
3970 silly ADD node_modules/json-stable-stringify-without-jsonify
3971 silly ADD node_modules/json-schema-traverse
3972 silly ADD node_modules/json-schema-ref-resolver
3973 silly ADD node_modules/json-parse-helpfulerror
3974 silly ADD node_modules/json-parse-even-better-errors
3975 silly ADD node_modules/json-buffer
3976 silly ADD node_modules/jsesc
3977 silly ADD node_modules/js-yaml
3978 silly ADD node_modules/js-tokens
3979 silly ADD node_modules/js-stringify
3980 silly ADD node_modules/js-cookie
3981 silly ADD node_modules/js-beautify
3982 silly ADD node_modules/js-beautify/node_modules/nopt
3983 silly ADD node_modules/js-beautify/node_modules/abbrev
3984 silly ADD node_modules/jquery
3985 silly ADD node_modules/joycon
3986 silly ADD node_modules/jju
3987 silly ADD node_modules/jest-worker
3988 silly ADD node_modules/jest-worker/node_modules/supports-color
3989 silly ADD node_modules/jest-watcher
3990 silly ADD node_modules/jest-validate
3991 silly ADD node_modules/jest-validate/node_modules/camelcase
3992 silly ADD node_modules/jest-util
3993 silly ADD node_modules/jest-snapshot
3994 silly ADD node_modules/jest-runtime
3995 silly ADD node_modules/jest-runtime/node_modules/glob
3996 silly ADD node_modules/jest-runner
3997 silly ADD node_modules/jest-resolve-dependencies
3998 silly ADD node_modules/jest-resolve
3999 silly ADD node_modules/jest-regex-util
4000 silly ADD node_modules/jest-pnp-resolver
4001 silly ADD node_modules/jest-mock
4002 silly ADD node_modules/jest-message-util
4003 silly ADD node_modules/jest-matcher-utils
4004 silly ADD node_modules/jest-leak-detector
4005 silly ADD node_modules/jest-haste-map
4006 silly ADD node_modules/jest-get-type
4007 silly ADD node_modules/jest-environment-node
4008 silly ADD node_modules/jest-each
4009 silly ADD node_modules/jest-docblock
4010 silly ADD node_modules/jest-diff
4011 silly ADD node_modules/jest-config
4012 silly ADD node_modules/jest-config/node_modules/glob
4013 silly ADD node_modules/jest-cli
4014 silly ADD node_modules/jest-circus
4015 silly ADD node_modules/jest-changed-files
4016 silly ADD node_modules/jest
4017 silly ADD node_modules/jackspeak
4018 silly ADD node_modules/istanbul-reports
4019 silly ADD node_modules/istanbul-lib-source-maps
4020 silly ADD node_modules/istanbul-lib-report
4021 silly ADD node_modules/istanbul-lib-instrument
4022 silly ADD node_modules/istanbul-lib-coverage
4023 silly ADD node_modules/isobject
4024 silly ADD node_modules/isexe
4025 silly ADD node_modules/isbinaryfile
4026 silly ADD node_modules/isarray
4027 silly ADD node_modules/is-yarn-global
4028 silly ADD node_modules/is-weakref
4029 silly ADD node_modules/is-typedarray
4030 silly ADD node_modules/is-typed-array
4031 silly ADD node_modules/is-symbol
4032 silly ADD node_modules/is-string
4033 silly ADD node_modules/is-stream
4034 silly ADD node_modules/is-shared-array-buffer
4035 silly ADD node_modules/is-regex
4036 silly ADD node_modules/is-promise
4037 silly ADD node_modules/is-plain-object
4038 silly ADD node_modules/is-path-inside
4039 silly ADD node_modules/is-obj
4040 silly ADD node_modules/is-number-object
4041 silly ADD node_modules/is-number
4042 silly ADD node_modules/is-npm
4043 silly ADD node_modules/is-negative-zero
4044 silly ADD node_modules/is-lambda
4045 silly ADD node_modules/is-installed-globally
4046 silly ADD node_modules/is-glob
4047 silly ADD node_modules/is-generator-fn
4048 silly ADD node_modules/is-fullwidth-code-point
4049 silly ADD node_modules/is-extglob
4050 silly ADD node_modules/is-expression
4051 silly ADD node_modules/is-expression/node_modules/acorn
4052 silly ADD node_modules/is-docker
4053 silly ADD node_modules/is-date-object
4054 silly ADD node_modules/is-data-view
4055 silly ADD node_modules/is-core-module
4056 silly ADD node_modules/is-ci
4057 silly ADD node_modules/is-callable
4058 silly ADD node_modules/is-boolean-object
4059 silly ADD node_modules/is-binary-path
4060 silly ADD node_modules/is-bigint
4061 silly ADD node_modules/is-arrayish
4062 silly ADD node_modules/is-array-buffer
4063 silly ADD node_modules/ipaddr.js
4064 silly ADD node_modules/ip
4065 silly ADD node_modules/interpret
4066 silly ADD node_modules/internal-slot
4067 silly ADD node_modules/ini
4068 silly ADD node_modules/inherits
4069 silly ADD node_modules/inflight
4070 silly ADD node_modules/inflection
4071 silly ADD node_modules/infer-owner
4072 silly ADD node_modules/indent-string
4073 silly ADD node_modules/imurmurhash
4074 silly ADD node_modules/import-local
4075 silly ADD node_modules/import-lazy
4076 silly ADD node_modules/import-fresh
4077 silly ADD node_modules/import-fresh/node_modules/resolve-from
4078 silly ADD node_modules/ignore-walk
4079 silly ADD node_modules/ignore-walk/node_modules/minimatch
4080 silly ADD node_modules/ignore-walk/node_modules/brace-expansion
4081 silly ADD node_modules/ignore
4082 silly ADD node_modules/ieee754
4083 silly ADD node_modules/icss-utils
4084 silly ADD node_modules/iconv-lite
4085 silly ADD node_modules/i18next
4086 silly ADD node_modules/humanize-ms
4087 silly ADD node_modules/human-signals
4088 silly ADD node_modules/https-proxy-agent
4089 silly ADD node_modules/http2-wrapper
4090 silly ADD node_modules/http-proxy-agent
4091 silly ADD node_modules/http-errors
4092 silly ADD node_modules/http-cache-semantics
4093 silly ADD node_modules/html-escaper
4094 silly ADD node_modules/hosted-git-info
4095 silly ADD node_modules/hosted-git-info/node_modules/lru-cache
4096 silly ADD node_modules/help-me
4097 silly ADD node_modules/help-me/node_modules/minimatch
4098 silly ADD node_modules/help-me/node_modules/glob
4099 silly ADD node_modules/help-me/node_modules/brace-expansion
4100 silly ADD node_modules/hasown
4101 silly ADD node_modules/hashlru
4102 silly ADD node_modules/has-yarn
4103 silly ADD node_modules/has-unicode
4104 silly ADD node_modules/has-tostringtag
4105 silly ADD node_modules/has-symbols
4106 silly ADD node_modules/has-proto
4107 silly ADD node_modules/has-property-descriptors
4108 silly ADD node_modules/has-flag
4109 silly ADD node_modules/has-bigints
4110 silly ADD node_modules/graphemer
4111 silly ADD node_modules/graceful-fs
4112 silly ADD node_modules/got
4113 silly ADD node_modules/gopd
4114 silly ADD node_modules/globby
4115 silly ADD node_modules/globalthis
4116 silly ADD node_modules/globals
4117 silly ADD node_modules/global-dirs
4118 silly ADD node_modules/glob-to-regexp
4119 silly ADD node_modules/glob-parent
4120 silly ADD node_modules/glob
4121 silly ADD node_modules/glob/node_modules/minipass
4122 silly ADD node_modules/glob/node_modules/minimatch
4123 silly ADD node_modules/glob/node_modules/brace-expansion
4124 silly ADD node_modules/github-from-package
4125 silly ADD node_modules/getopts
4126 silly ADD node_modules/get-symbol-description
4127 silly ADD node_modules/get-stream
4128 silly ADD node_modules/get-stdin
4129 silly ADD node_modules/get-package-type
4130 silly ADD node_modules/get-intrinsic
4131 silly ADD node_modules/get-caller-file
4132 silly ADD node_modules/gensync
4133 silly ADD node_modules/generify
4134 silly ADD node_modules/gauge
4135 silly ADD node_modules/functions-have-names
4136 silly ADD node_modules/function.prototype.name
4137 silly ADD node_modules/function-bind
4138 silly ADD
4139 silly ADD node_modules/fs.realpath
4140 silly ADD node_modules/fs-minipass
4141 silly ADD node_modules/fs-extra
4142 silly ADD node_modules/fs-constants
4143 silly ADD node_modules/fp-and-or
4144 silly ADD node_modules/forwarded
4145 silly ADD node_modules/form-data-encoder
4146 silly ADD node_modules/foreground-child
4147 silly ADD node_modules/foreground-child/node_modules/signal-exit
4148 silly ADD node_modules/for-each
4149 silly ADD node_modules/flatted
4150 silly ADD node_modules/flat-cache
4151 silly ADD node_modules/find-up
4152 silly ADD node_modules/find-my-way
4153 silly ADD node_modules/fill-range
4154 silly ADD node_modules/file-uri-to-path
4155 silly ADD node_modules/file-entry-cache
4156 silly ADD node_modules/fb-watchman
4157 silly ADD node_modules/fastq
4158 silly ADD node_modules/fastify-reverse-routes
4159 silly ADD node_modules/fastify-plugin
4160 silly ADD node_modules/fastify-objectionjs
4161 silly ADD node_modules/fastify-objectionjs/node_modules/pg-connection-string
4162 silly ADD node_modules/fastify-objectionjs/node_modules/knex
4163 silly ADD node_modules/fastify-objectionjs/node_modules/fastify-plugin
4164 silly ADD node_modules/fastify-method-override
4165 silly ADD node_modules/fastify-method-override/node_modules/fastify-plugin
4166 silly ADD node_modules/fastify-error-page
4167 silly ADD node_modules/fastify-error-page/node_modules/fastify-plugin
4168 silly ADD node_modules/fastify-cli
4169 silly ADD node_modules/fastify-cli/node_modules/readable-stream
4170 silly ADD node_modules/fastify-cli/node_modules/pino-pretty
4171 silly ADD node_modules/fastify-cli/node_modules/pino-pretty/node_modules/help-me
4172 silly ADD node_modules/fastify-cli/node_modules/fastify-plugin
4173 silly ADD node_modules/fastify-cli/node_modules/buffer
4174 silly ADD node_modules/fastify
4175 silly ADD node_modules/fastest-levenshtein
4176 silly ADD node_modules/fast-uri
4177 silly ADD node_modules/fast-safe-stringify
4178 silly ADD node_modules/fast-redact
4179 silly ADD node_modules/fast-querystring
4180 silly ADD node_modules/fast-memoize
4181 silly ADD node_modules/fast-levenshtein
4182 silly ADD node_modules/fast-json-stringify
4183 silly ADD node_modules/fast-json-stringify/node_modules/json-schema-traverse
4184 silly ADD node_modules/fast-json-stringify/node_modules/ajv-formats
4185 silly ADD node_modules/fast-json-stringify/node_modules/ajv
4186 silly ADD node_modules/fast-json-stable-stringify
4187 silly ADD node_modules/fast-glob
4188 silly ADD node_modules/fast-glob/node_modules/glob-parent
4189 silly ADD node_modules/fast-deep-equal
4190 silly ADD node_modules/fast-decode-uri-component
4191 silly ADD node_modules/fast-copy
4192 silly ADD node_modules/fast-content-type-parse
4193 silly ADD node_modules/ext
4194 silly ADD node_modules/exponential-backoff
4195 silly ADD node_modules/expect
4196 silly ADD node_modules/expand-template
4197 silly ADD node_modules/exit
4198 silly ADD node_modules/execa
4199 silly ADD node_modules/events
4200 silly ADD node_modules/event-target-shim
4201 silly ADD node_modules/event-emitter
4202 silly ADD node_modules/esutils
4203 silly ADD node_modules/estraverse
4204 silly ADD node_modules/esrecurse
4205 silly ADD node_modules/esquery
4206 silly ADD node_modules/esprima
4207 silly ADD node_modules/espree
4208 silly ADD node_modules/espree/node_modules/eslint-visitor-keys
4209 silly ADD node_modules/esniff
4210 silly ADD node_modules/esm
4211 silly ADD node_modules/eslint-visitor-keys
4212 silly ADD node_modules/eslint-scope
4213 silly ADD node_modules/eslint-plugin-import
4214 silly ADD node_modules/eslint-plugin-import/node_modules/semver
4215 silly ADD node_modules/eslint-plugin-import/node_modules/doctrine
4216 silly ADD node_modules/eslint-plugin-import/node_modules/debug
4217 silly ADD node_modules/eslint-module-utils
4218 silly ADD node_modules/eslint-module-utils/node_modules/debug
4219 silly ADD node_modules/eslint-import-resolver-node
4220 silly ADD node_modules/eslint-import-resolver-node/node_modules/debug
4221 silly ADD node_modules/eslint-config-airbnb-base
4222 silly ADD node_modules/eslint-config-airbnb-base/node_modules/semver
4223 silly ADD node_modules/eslint
4224 silly ADD node_modules/eslint/node_modules/globals
4225 silly ADD node_modules/eslint/node_modules/espree
4226 silly ADD node_modules/eslint/node_modules/escape-string-regexp
4227 silly ADD node_modules/eslint/node_modules/@eslint/js
4228 silly ADD node_modules/eslint/node_modules/@eslint/eslintrc
4229 silly ADD node_modules/escape-string-regexp
4230 silly ADD node_modules/escape-html
4231 silly ADD node_modules/escape-goat
4232 silly ADD node_modules/escalade
4233 silly ADD node_modules/es6-weak-map
4234 silly ADD node_modules/es6-symbol
4235 silly ADD node_modules/es6-iterator
4236 silly ADD node_modules/es5-ext
4237 silly ADD node_modules/es-to-primitive
4238 silly ADD node_modules/es-shim-unscopables
4239 silly ADD node_modules/es-set-tostringtag
4240 silly ADD node_modules/es-object-atoms
4241 silly ADD node_modules/es-module-lexer
4242 silly ADD node_modules/es-errors
4243 silly ADD node_modules/es-define-property
4244 silly ADD node_modules/es-abstract
4245 silly ADD node_modules/error-ex
4246 silly ADD node_modules/err-code
4247 silly ADD node_modules/envinfo
4248 silly ADD node_modules/env-paths
4249 silly ADD node_modules/entities
4250 silly ADD node_modules/enhanced-resolve
4251 silly ADD node_modules/end-of-stream
4252 silly ADD node_modules/encoding
4253 silly ADD node_modules/emoji-regex
4254 silly ADD node_modules/emittery
4255 silly ADD node_modules/electron-to-chromium
4256 silly ADD node_modules/editorconfig
4257 silly ADD node_modules/editorconfig/node_modules/minimatch
4258 silly ADD node_modules/editorconfig/node_modules/brace-expansion
4259 silly ADD node_modules/eastasianwidth
4260 silly ADD node_modules/dottie
4261 silly ADD node_modules/dotenv
4262 silly ADD node_modules/dot-prop
4263 silly ADD node_modules/doctypes
4264 silly ADD node_modules/doctrine
4265 silly ADD node_modules/dir-glob
4266 silly ADD node_modules/diff-sequences
4267 silly ADD node_modules/detect-newline
4268 silly ADD node_modules/detect-libc
4269 silly ADD node_modules/depd
4270 silly ADD node_modules/delegates
4271 silly ADD node_modules/define-properties
4272 silly ADD node_modules/define-data-property
4273 silly ADD node_modules/defer-to-connect
4274 silly ADD node_modules/deepmerge
4275 silly ADD node_modules/deep-is
4276 silly ADD node_modules/deep-extend
4277 silly ADD node_modules/dedent
4278 silly ADD node_modules/decompress-response
4279 silly ADD node_modules/decompress-response/node_modules/mimic-response
4280 silly ADD node_modules/debug
4281 silly ADD node_modules/debug/node_modules/ms
4282 silly ADD node_modules/db-errors
4283 silly ADD node_modules/dateformat
4284 silly ADD node_modules/date-fns
4285 silly ADD node_modules/data-view-byte-offset
4286 silly ADD node_modules/data-view-byte-length
4287 silly ADD node_modules/data-view-buffer
4288 silly ADD node_modules/d
4289 silly ADD node_modules/cssesc
4290 silly ADD node_modules/css-loader
4291 silly ADD node_modules/crypto-random-string
4292 silly ADD node_modules/crypto-random-string/node_modules/type-fest
4293 silly ADD node_modules/cross-spawn
4294 silly ADD node_modules/create-jest
4295 silly ADD node_modules/cookie-signature
4296 silly ADD node_modules/cookie
4297 silly ADD node_modules/convert-source-map
4298 silly ADD node_modules/content-disposition
4299 silly ADD node_modules/constantinople
4300 silly ADD node_modules/console-control-strings
4301 silly ADD node_modules/confusing-browser-globals
4302 silly ADD node_modules/configstore
4303 silly ADD node_modules/configstore/node_modules/write-file-atomic
4304 silly ADD node_modules/config-chain
4305 silly ADD node_modules/config-chain/node_modules/ini
4306 silly ADD node_modules/concurrently
4307 silly ADD node_modules/concurrently/node_modules/supports-color
4308 silly ADD node_modules/concat-map
4309 silly ADD node_modules/commist
4310 silly ADD node_modules/commander
4311 silly ADD node_modules/colorette
4312 silly ADD node_modules/color-support
4313 silly ADD node_modules/color-name
4314 silly ADD node_modules/color-convert
4315 silly ADD node_modules/collect-v8-coverage
4316 silly ADD node_modules/co
4317 silly ADD node_modules/close-with-grace
4318 silly ADD node_modules/clone-response
4319 silly ADD node_modules/clone-deep
4320 silly ADD node_modules/cliui
4321 silly ADD node_modules/cliui/node_modules/wrap-ansi
4322 silly ADD node_modules/cli-table3
4323 silly ADD node_modules/cli-color
4324 silly ADD node_modules/cli-boxes
4325 silly ADD node_modules/clean-stack
4326 silly ADD node_modules/cjs-module-lexer
4327 silly ADD node_modules/ci-info
4328 silly ADD node_modules/chrome-trace-event
4329 silly ADD node_modules/chownr
4330 silly ADD node_modules/chokidar
4331 silly ADD node_modules/chokidar/node_modules/glob-parent
4332 silly ADD node_modules/character-parser
4333 silly ADD node_modules/char-regex
4334 silly ADD node_modules/chalk
4335 silly ADD node_modules/caniuse-lite
4336 silly ADD node_modules/camelcase
4337 silly ADD node_modules/callsites
4338 silly ADD node_modules/call-bind
4339 silly ADD node_modules/cacheable-request
4340 silly ADD node_modules/cacheable-request/node_modules/lowercase-keys
4341 silly ADD node_modules/cacheable-request/node_modules/get-stream
4342 silly ADD node_modules/cacheable-lookup
4343 silly ADD node_modules/cacache
4344 silly ADD node_modules/cacache/node_modules/unique-slug
4345 silly ADD node_modules/cacache/node_modules/unique-filename
4346 silly ADD node_modules/cacache/node_modules/minipass
4347 silly ADD node_modules/cacache/node_modules/lru-cache
4348 silly ADD node_modules/cacache/node_modules/fs-minipass
4349 silly ADD node_modules/builtins
4350 silly ADD node_modules/buffer-from
4351 silly ADD node_modules/buffer
4352 silly ADD node_modules/bser
4353 silly ADD node_modules/browserslist
4354 silly ADD node_modules/braces
4355 silly ADD node_modules/brace-expansion
4356 silly ADD node_modules/boxen
4357 silly ADD node_modules/boxen/node_modules/type-fest
4358 silly ADD node_modules/boxen/node_modules/strip-ansi
4359 silly ADD node_modules/boxen/node_modules/string-width
4360 silly ADD node_modules/boxen/node_modules/emoji-regex
4361 silly ADD node_modules/boxen/node_modules/chalk
4362 silly ADD node_modules/boxen/node_modules/camelcase
4363 silly ADD node_modules/boxen/node_modules/ansi-regex
4364 silly ADD node_modules/bootstrap
4365 silly ADD node_modules/bluebird
4366 silly ADD node_modules/bl
4367 silly ADD node_modules/bindings
4368 silly ADD node_modules/binary-extensions
4369 silly ADD node_modules/better-sqlite3
4370 silly ADD node_modules/base64-js
4371 silly ADD node_modules/balanced-match
4372 silly ADD node_modules/babel-walk
4373 silly ADD node_modules/babel-preset-jest
4374 silly ADD node_modules/babel-preset-current-node-syntax
4375 silly ADD node_modules/babel-plugin-jest-hoist
4376 silly ADD node_modules/babel-plugin-istanbul
4377 silly ADD node_modules/babel-plugin-istanbul/node_modules/semver
4378 silly ADD node_modules/babel-plugin-istanbul/node_modules/istanbul-lib-instrument
4379 silly ADD node_modules/babel-jest
4380 silly ADD node_modules/avvio
4381 silly ADD node_modules/available-typed-arrays
4382 silly ADD node_modules/atomic-sleep
4383 silly ADD node_modules/at-least-node
4384 silly ADD node_modules/assert-never
4385 silly ADD node_modules/asap
4386 silly ADD node_modules/arraybuffer.prototype.slice
4387 silly ADD node_modules/array.prototype.flatmap
4388 silly ADD node_modules/array.prototype.flat
4389 silly ADD node_modules/array.prototype.findlastindex
4390 silly ADD node_modules/array-union
4391 silly ADD node_modules/array-includes
4392 silly ADD node_modules/array-buffer-byte-length
4393 silly ADD node_modules/argparse
4394 silly ADD node_modules/are-we-there-yet
4395 silly ADD node_modules/archy
4396 silly ADD node_modules/aproba
4397 silly ADD node_modules/anymatch
4398 silly ADD node_modules/ansi-styles
4399 silly ADD node_modules/ansi-regex
4400 silly ADD node_modules/ansi-escapes
4401 silly ADD node_modules/ansi-escapes/node_modules/type-fest
4402 silly ADD node_modules/ansi-align
4403 silly ADD node_modules/ajv-keywords
4404 silly ADD node_modules/ajv-formats
4405 silly ADD node_modules/ajv-formats/node_modules/json-schema-traverse
4406 silly ADD node_modules/ajv-formats/node_modules/ajv
4407 silly ADD node_modules/ajv
4408 silly ADD node_modules/aggregate-error
4409 silly ADD node_modules/agentkeepalive
4410 silly ADD node_modules/agentkeepalive/node_modules/depd
4411 silly ADD node_modules/agent-base
4412 silly ADD node_modules/acorn-jsx
4413 silly ADD node_modules/acorn-import-assertions
4414 silly ADD node_modules/acorn
4415 silly ADD node_modules/abstract-logging
4416 silly ADD node_modules/abort-controller
4417 silly ADD node_modules/abbrev
4418 silly ADD node_modules/@xtuc/long
4419 silly ADD node_modules/@xtuc/ieee754
4420 silly ADD node_modules/@webpack-cli/serve
4421 silly ADD node_modules/@webpack-cli/info
4422 silly ADD node_modules/@webpack-cli/configtest
4423 silly ADD node_modules/@webassemblyjs/wast-printer
4424 silly ADD node_modules/@webassemblyjs/wasm-parser
4425 silly ADD node_modules/@webassemblyjs/wasm-opt
4426 silly ADD node_modules/@webassemblyjs/wasm-gen
4427 silly ADD node_modules/@webassemblyjs/wasm-edit
4428 silly ADD node_modules/@webassemblyjs/utf8
4429 silly ADD node_modules/@webassemblyjs/leb128
4430 silly ADD node_modules/@webassemblyjs/ieee754
4431 silly ADD node_modules/@webassemblyjs/helper-wasm-section
4432 silly ADD node_modules/@webassemblyjs/helper-wasm-bytecode
4433 silly ADD node_modules/@webassemblyjs/helper-numbers
4434 silly ADD node_modules/@webassemblyjs/helper-buffer
4435 silly ADD node_modules/@webassemblyjs/helper-api-error
4436 silly ADD node_modules/@webassemblyjs/floating-point-hex-parser
4437 silly ADD node_modules/@webassemblyjs/ast
4438 silly ADD node_modules/@vscode/sqlite3
4439 silly ADD node_modules/@ungap/structured-clone
4440 silly ADD node_modules/@types/yargs-parser
4441 silly ADD node_modules/@types/yargs
4442 silly ADD node_modules/@types/validator
4443 silly ADD node_modules/@types/stack-utils
4444 silly ADD node_modules/@types/stack-trace
4445 silly ADD node_modules/@types/semver-utils
4446 silly ADD node_modules/@types/responselike
4447 silly ADD node_modules/@types/node
4448 silly ADD node_modules/@types/ms
4449 silly ADD node_modules/@types/keyv
4450 silly ADD node_modules/@types/json5
4451 silly ADD node_modules/@types/json-schema
4452 silly ADD node_modules/@types/jest
4453 silly ADD node_modules/@types/istanbul-reports
4454 silly ADD node_modules/@types/istanbul-lib-report
4455 silly ADD node_modules/@types/istanbul-lib-coverage
4456 silly ADD node_modules/@types/http-cache-semantics
4457 silly ADD node_modules/@types/graceful-fs
4458 silly ADD node_modules/@types/estree
4459 silly ADD node_modules/@types/eslint-scope
4460 silly ADD node_modules/@types/eslint
4461 silly ADD node_modules/@types/debug
4462 silly ADD node_modules/@types/cacheable-request
4463 silly ADD node_modules/@types/babel__traverse
4464 silly ADD node_modules/@types/babel__template
4465 silly ADD node_modules/@types/babel__generator
4466 silly ADD node_modules/@types/babel__core
4467 silly ADD node_modules/@tufjs/models
4468 silly ADD node_modules/@tufjs/models/node_modules/minimatch
4469 silly ADD node_modules/@tufjs/models/node_modules/brace-expansion
4470 silly ADD node_modules/@tufjs/canonical-json
4471 silly ADD node_modules/@tootallnate/once
4472 silly ADD node_modules/@szmarczak/http-timer
4473 silly ADD node_modules/@sinonjs/fake-timers
4474 silly ADD node_modules/@sinonjs/commons
4475 silly ADD node_modules/@sindresorhus/is
4476 silly ADD node_modules/@sinclair/typebox
4477 silly ADD node_modules/@sigstore/tuf
4478 silly ADD node_modules/@sigstore/sign
4479 silly ADD node_modules/@sigstore/protobuf-specs
4480 silly ADD node_modules/@sigstore/bundle
4481 silly ADD node_modules/@rails/ujs
4482 silly ADD node_modules/@popperjs/core
4483 silly ADD node_modules/@pnpm/npm-conf
4484 silly ADD node_modules/@pnpm/network.ca-file
4485 silly ADD node_modules/@pkgjs/parseargs
4486 silly ADD node_modules/@one-ini/wasm
4487 silly ADD node_modules/@npmcli/run-script
4488 silly ADD node_modules/@npmcli/run-script/node_modules/which
4489 silly ADD node_modules/@npmcli/promise-spawn
4490 silly ADD node_modules/@npmcli/promise-spawn/node_modules/which
4491 silly ADD node_modules/@npmcli/node-gyp
4492 silly ADD node_modules/@npmcli/move-file
4493 silly ADD node_modules/@npmcli/installed-package-contents
4494 silly ADD node_modules/@npmcli/git
4495 silly ADD node_modules/@npmcli/git/node_modules/which
4496 silly ADD node_modules/@npmcli/git/node_modules/lru-cache
4497 silly ADD node_modules/@npmcli/fs
4498 silly ADD node_modules/@nodelib/fs.walk
4499 silly ADD node_modules/@nodelib/fs.stat
4500 silly ADD node_modules/@nodelib/fs.scandir
4501 silly ADD node_modules/@lukeed/ms
4502 silly ADD node_modules/@jridgewell/trace-mapping
4503 silly ADD node_modules/@jridgewell/sourcemap-codec
4504 silly ADD node_modules/@jridgewell/source-map
4505 silly ADD node_modules/@jridgewell/set-array
4506 silly ADD node_modules/@jridgewell/resolve-uri
4507 silly ADD node_modules/@jridgewell/gen-mapping
4508 silly ADD node_modules/@jest/types
4509 silly ADD node_modules/@jest/transform
4510 silly ADD node_modules/@jest/test-sequencer
4511 silly ADD node_modules/@jest/test-result
4512 silly ADD node_modules/@jest/source-map
4513 silly ADD node_modules/@jest/schemas
4514 silly ADD node_modules/@jest/reporters
4515 silly ADD node_modules/@jest/reporters/node_modules/glob
4516 silly ADD node_modules/@jest/globals
4517 silly ADD node_modules/@jest/fake-timers
4518 silly ADD node_modules/@jest/expect-utils
4519 silly ADD node_modules/@jest/expect
4520 silly ADD node_modules/@jest/environment
4521 silly ADD node_modules/@jest/core
4522 silly ADD node_modules/@jest/console
4523 silly ADD node_modules/@istanbuljs/schema
4524 silly ADD node_modules/@istanbuljs/load-nyc-config
4525 silly ADD node_modules/@istanbuljs/load-nyc-config/node_modules/p-locate
4526 silly ADD node_modules/@istanbuljs/load-nyc-config/node_modules/p-limit
4527 silly ADD node_modules/@istanbuljs/load-nyc-config/node_modules/locate-path
4528 silly ADD node_modules/@istanbuljs/load-nyc-config/node_modules/js-yaml
4529 silly ADD node_modules/@istanbuljs/load-nyc-config/node_modules/find-up
4530 silly ADD node_modules/@istanbuljs/load-nyc-config/node_modules/argparse
4531 silly ADD node_modules/@isaacs/cliui
4532 silly ADD node_modules/@isaacs/cliui/node_modules/strip-ansi
4533 silly ADD node_modules/@isaacs/cliui/node_modules/string-width
4534 silly ADD node_modules/@isaacs/cliui/node_modules/emoji-regex
4535 silly ADD node_modules/@isaacs/cliui/node_modules/ansi-regex
4536 silly ADD node_modules/@humanwhocodes/object-schema
4537 silly ADD node_modules/@humanwhocodes/module-importer
4538 silly ADD node_modules/@humanwhocodes/config-array
4539 silly ADD node_modules/@gar/promisify
4540 silly ADD node_modules/@fastify/view
4541 silly ADD node_modules/@fastify/view/node_modules/fastify-plugin
4542 silly ADD node_modules/@fastify/static
4543 silly ADD node_modules/@fastify/static/node_modules/fastify-plugin
4544 silly ADD node_modules/@fastify/sensible
4545 silly ADD node_modules/@fastify/sensible/node_modules/fastify-plugin
4546 silly ADD node_modules/@fastify/send
4547 silly ADD node_modules/@fastify/secure-session
4548 silly ADD node_modules/@fastify/secure-session/node_modules/fastify-plugin
4549 silly ADD node_modules/@fastify/merge-json-schemas
4550 silly ADD node_modules/@fastify/formbody
4551 silly ADD node_modules/@fastify/formbody/node_modules/fastify-plugin
4552 silly ADD node_modules/@fastify/flash
4553 silly ADD node_modules/@fastify/flash/node_modules/fastify-plugin
4554 silly ADD node_modules/@fastify/fast-json-stringify-compiler
4555 silly ADD node_modules/@fastify/error
4556 silly ADD node_modules/@fastify/deepmerge
4557 silly ADD node_modules/@fastify/cookie
4558 silly ADD node_modules/@fastify/cookie/node_modules/fastify-plugin
4559 silly ADD node_modules/@fastify/ajv-compiler
4560 silly ADD node_modules/@fastify/ajv-compiler/node_modules/json-schema-traverse
4561 silly ADD node_modules/@fastify/ajv-compiler/node_modules/ajv
4562 silly ADD node_modules/@fastify/accept-negotiator
4563 silly ADD node_modules/@eslint/js
4564 silly ADD node_modules/@eslint/eslintrc
4565 silly ADD node_modules/@eslint/eslintrc/node_modules/globals
4566 silly ADD node_modules/@eslint-community/regexpp
4567 silly ADD node_modules/@eslint-community/eslint-utils
4568 silly ADD node_modules/@discoveryjs/json-ext
4569 silly ADD node_modules/@colors/colors
4570 silly ADD node_modules/@bcoe/v8-coverage
4571 silly ADD node_modules/@babel/types
4572 silly ADD node_modules/@babel/traverse
4573 silly ADD node_modules/@babel/traverse/node_modules/globals
4574 silly ADD node_modules/@babel/template
4575 silly ADD node_modules/@babel/runtime
4576 silly ADD node_modules/@babel/plugin-syntax-typescript
4577 silly ADD node_modules/@babel/plugin-syntax-top-level-await
4578 silly ADD node_modules/@babel/plugin-syntax-optional-chaining
4579 silly ADD node_modules/@babel/plugin-syntax-optional-catch-binding
4580 silly ADD node_modules/@babel/plugin-syntax-object-rest-spread
4581 silly ADD node_modules/@babel/plugin-syntax-numeric-separator
4582 silly ADD node_modules/@babel/plugin-syntax-nullish-coalescing-operator
4583 silly ADD node_modules/@babel/plugin-syntax-logical-assignment-operators
4584 silly ADD node_modules/@babel/plugin-syntax-jsx
4585 silly ADD node_modules/@babel/plugin-syntax-json-strings
4586 silly ADD node_modules/@babel/plugin-syntax-import-meta
4587 silly ADD node_modules/@babel/plugin-syntax-class-properties
4588 silly ADD node_modules/@babel/plugin-syntax-bigint
4589 silly ADD node_modules/@babel/plugin-syntax-async-generators
4590 silly ADD node_modules/@babel/parser
4591 silly ADD node_modules/@babel/highlight
4592 silly ADD node_modules/@babel/highlight/node_modules/supports-color
4593 silly ADD node_modules/@babel/highlight/node_modules/has-flag
4594 silly ADD node_modules/@babel/highlight/node_modules/color-name
4595 silly ADD node_modules/@babel/highlight/node_modules/color-convert
4596 silly ADD node_modules/@babel/highlight/node_modules/chalk
4597 silly ADD node_modules/@babel/highlight/node_modules/ansi-styles
4598 silly ADD node_modules/@babel/helpers
4599 silly ADD node_modules/@babel/helper-validator-option
4600 silly ADD node_modules/@babel/helper-validator-identifier
4601 silly ADD node_modules/@babel/helper-string-parser
4602 silly ADD node_modules/@babel/helper-split-export-declaration
4603 silly ADD node_modules/@babel/helper-simple-access
4604 silly ADD node_modules/@babel/helper-plugin-utils
4605 silly ADD node_modules/@babel/helper-module-transforms
4606 silly ADD node_modules/@babel/helper-module-imports
4607 silly ADD node_modules/@babel/helper-hoist-variables
4608 silly ADD node_modules/@babel/helper-function-name
4609 silly ADD node_modules/@babel/helper-environment-visitor
4610 silly ADD node_modules/@babel/helper-compilation-targets
4611 silly ADD node_modules/@babel/helper-compilation-targets/node_modules/semver
4612 silly ADD node_modules/@babel/generator
4613 silly ADD node_modules/@babel/core
4614 silly ADD node_modules/@babel/core/node_modules/semver
4615 silly ADD node_modules/@babel/compat-data
4616 silly ADD node_modules/@babel/code-frame
4617 silly ADD node_modules/@ampproject/remapping
4618 silly ADD node_modules/@aashutoshrathi/word-wrap
4619 timing command:install Completed in 2298725ms
4620 notice
4620 notice New [31mmajor[39m version of npm available! [31m10.5.0[39m -> [32m11.13.0[39m
4620 notice Changelog: [36mhttps://github.com/npm/cli/releases/tag/v11.13.0[39m
4620 notice Run [32mnpm install -g npm@11.13.0[39m to update!
4620 notice
4621 verbose exit 0
4622 timing npm Completed in 2299062ms
4623 info ok
